date,division,inflation_yoy,inflation_mom,year,month,division_label
1980-02-01,01,,0.6,1980,2,Food & Non-Alcoholic Beverages
1980-03-01,01,,0.0,1980,3,Food & Non-Alcoholic Beverages
1980-04-01,01,,-0.3,1980,4,Food & Non-Alcoholic Beverages
1980-05-01,01,,0.6,1980,5,Food & Non-Alcoholic Beverages
1980-06-01,01,,0.9,1980,6,Food & Non-Alcoholic Beverages
1980-07-01,01,,0.6,1980,7,Food & Non-Alcoholic Beverages
1980-08-01,01,,0.3,1980,8,Food & Non-Alcoholic Beverages
1980-09-01,01,,-0.9,1980,9,Food & Non-Alcoholic Beverages
1980-10-01,01,,0.9,1980,10,Food & Non-Alcoholic Beverages
1980-11-01,01,,1.2,1980,11,Food & Non-Alcoholic Beverages
1980-12-01,01,,1.5,1980,12,Food & Non-Alcoholic Beverages
1981-01-01,01,8.2,2.6,1981,1,Food & Non-Alcoholic Beverages
1981-02-01,01,10.2,2.5,1981,2,Food & Non-Alcoholic Beverages
1981-03-01,01,11.4,1.1,1981,3,Food & Non-Alcoholic Beverages
1981-04-01,01,11.7,0.0,1981,4,Food & Non-Alcoholic Beverages
1981-05-01,01,11.4,0.3,1981,5,Food & Non-Alcoholic Beverages
1981-06-01,01,11.6,1.1,1981,6,Food & Non-Alcoholic Beverages
1981-07-01,01,11.2,0.3,1981,7,Food & Non-Alcoholic Beverages
1981-08-01,01,12.4,1.3,1981,8,Food & Non-Alcoholic Beverages
1981-09-01,01,13.6,0.3,1981,9,Food & Non-Alcoholic Beverages
1981-10-01,01,12.6,0.0,1981,10,Food & Non-Alcoholic Beverages
1981-11-01,01,11.9,0.5,1981,11,Food & Non-Alcoholic Beverages
1981-12-01,01,11.7,1.3,1981,12,Food & Non-Alcoholic Beverages
1982-01-01,01,10.1,1.0,1982,1,Food & Non-Alcoholic Beverages
1982-02-01,01,8.7,1.3,1982,2,Food & Non-Alcoholic Beverages
1982-03-01,01,7.8,0.3,1982,3,Food & Non-Alcoholic Beverages
1982-04-01,01,8.1,0.2,1982,4,Food & Non-Alcoholic Beverages
1982-05-01,01,8.6,0.7,1982,5,Food & Non-Alcoholic Beverages
1982-06-01,01,8.2,0.7,1982,6,Food & Non-Alcoholic Beverages
1982-07-01,01,8.2,0.2,1982,7,Food & Non-Alcoholic Beverages
1982-08-01,01,7.1,0.2,1982,8,Food & Non-Alcoholic Beverages
1982-09-01,01,6.5,-0.2,1982,9,Food & Non-Alcoholic Beverages
1982-10-01,01,5.7,-0.7,1982,10,Food & Non-Alcoholic Beverages
1982-11-01,01,5.2,0.0,1982,11,Food & Non-Alcoholic Beverages
1982-12-01,01,3.8,0.0,1982,12,Food & Non-Alcoholic Beverages
1983-01-01,01,3.0,0.2,1983,1,Food & Non-Alcoholic Beverages
1983-02-01,01,0.3,-1.5,1983,2,Food & Non-Alcoholic Beverages
1983-03-01,01,0.7,0.7,1983,3,Food & Non-Alcoholic Beverages
1983-04-01,01,0.2,-0.2,1983,4,Food & Non-Alcoholic Beverages
1983-05-01,01,0.7,1.2,1983,5,Food & Non-Alcoholic Beverages
1983-06-01,01,0.2,0.2,1983,6,Food & Non-Alcoholic Beverages
1983-07-01,01,-1.5,-1.5,1983,7,Food & Non-Alcoholic Beverages
1983-08-01,01,-1.0,0.7,1983,8,Food & Non-Alcoholic Beverages
1983-09-01,01,-0.2,0.5,1983,9,Food & Non-Alcoholic Beverages
1983-10-01,01,1.0,0.5,1983,10,Food & Non-Alcoholic Beverages
1983-11-01,01,1.0,0.0,1983,11,Food & Non-Alcoholic Beverages
1983-12-01,01,3.0,2.0,1983,12,Food & Non-Alcoholic Beverages
1984-01-01,01,4.7,1.9,1984,1,Food & Non-Alcoholic Beverages
1984-02-01,01,9.3,2.8,1984,2,Food & Non-Alcoholic Beverages
1984-03-01,01,5.0,-3.2,1984,3,Food & Non-Alcoholic Beverages
1984-04-01,01,5.0,-0.2,1984,4,Food & Non-Alcoholic Beverages
1984-05-01,01,3.7,0.0,1984,5,Food & Non-Alcoholic Beverages
1984-06-01,01,3.2,-0.2,1984,6,Food & Non-Alcoholic Beverages
1984-07-01,01,5.0,0.2,1984,7,Food & Non-Alcoholic Beverages
1984-08-01,01,4.4,0.2,1984,8,Food & Non-Alcoholic Beverages
1984-09-01,01,3.4,-0.5,1984,9,Food & Non-Alcoholic Beverages
1984-10-01,01,2.4,-0.5,1984,10,Food & Non-Alcoholic Beverages
1984-11-01,01,1.7,-0.7,1984,11,Food & Non-Alcoholic Beverages
1984-12-01,01,-0.7,-0.5,1984,12,Food & Non-Alcoholic Beverages
1985-01-01,01,-3.1,-0.5,1985,1,Food & Non-Alcoholic Beverages
1985-02-01,01,-5.5,0.2,1985,2,Food & Non-Alcoholic Beverages
1985-03-01,01,-1.9,0.5,1985,3,Food & Non-Alcoholic Beverages
1985-04-01,01,-2.4,-0.7,1985,4,Food & Non-Alcoholic Beverages
1985-05-01,01,-2.4,0.0,1985,5,Food & Non-Alcoholic Beverages
1985-06-01,01,-1.9,0.2,1985,6,Food & Non-Alcoholic Beverages
1985-07-01,01,-2.1,0.0,1985,7,Food & Non-Alcoholic Beverages
1985-08-01,01,-1.4,1.0,1985,8,Food & Non-Alcoholic Beverages
1985-09-01,01,-2.9,-1.9,1985,9,Food & Non-Alcoholic Beverages
1985-10-01,01,-2.6,-0.2,1985,10,Food & Non-Alcoholic Beverages
1985-11-01,01,-1.7,0.2,1985,11,Food & Non-Alcoholic Beverages
1985-12-01,01,-0.5,0.7,1985,12,Food & Non-Alcoholic Beverages
1986-01-01,01,1.0,1.0,1986,1,Food & Non-Alcoholic Beverages
1986-02-01,01,1.0,0.2,1986,2,Food & Non-Alcoholic Beverages
1986-03-01,01,0.5,0.0,1986,3,Food & Non-Alcoholic Beverages
1986-04-01,01,0.2,-1.0,1986,4,Food & Non-Alcoholic Beverages
1986-05-01,01,1.2,1.0,1986,5,Food & Non-Alcoholic Beverages
1986-06-01,01,0.0,-1.0,1986,6,Food & Non-Alcoholic Beverages
1986-07-01,01,-1.0,-1.0,1986,7,Food & Non-Alcoholic Beverages
1986-08-01,01,-2.4,-0.5,1986,8,Food & Non-Alcoholic Beverages
1986-09-01,01,0.2,0.7,1986,9,Food & Non-Alcoholic Beverages
1986-10-01,01,1.2,0.7,1986,10,Food & Non-Alcoholic Beverages
1986-11-01,01,0.5,-0.5,1986,11,Food & Non-Alcoholic Beverages
1986-12-01,01,0.5,0.7,1986,12,Food & Non-Alcoholic Beverages
1987-01-01,01,-1.0,-0.5,1987,1,Food & Non-Alcoholic Beverages
1987-02-01,01,-1.4,-0.2,1987,2,Food & Non-Alcoholic Beverages
1987-03-01,01,-2.4,-1.0,1987,3,Food & Non-Alcoholic Beverages
1987-04-01,01,-1.2,0.2,1987,4,Food & Non-Alcoholic Beverages
1987-05-01,01,-1.9,0.2,1987,5,Food & Non-Alcoholic Beverages
1987-06-01,01,-0.5,0.5,1987,6,Food & Non-Alcoholic Beverages
1987-07-01,01,0.0,-0.5,1987,7,Food & Non-Alcoholic Beverages
1987-08-01,01,0.7,0.2,1987,8,Food & Non-Alcoholic Beverages
1987-09-01,01,0.0,0.0,1987,9,Food & Non-Alcoholic Beverages
1987-10-01,01,-0.2,0.5,1987,10,Food & Non-Alcoholic Beverages
1987-11-01,01,0.5,0.2,1987,11,Food & Non-Alcoholic Beverages
1987-12-01,01,1.4,1.7,1987,12,Food & Non-Alcoholic Beverages
1988-01-01,01,2.2,0.2,1988,1,Food & Non-Alcoholic Beverages
1988-02-01,01,2.7,0.2,1988,2,Food & Non-Alcoholic Beverages
1988-03-01,01,3.7,0.0,1988,3,Food & Non-Alcoholic Beverages
1988-04-01,01,2.5,-0.9,1988,4,Food & Non-Alcoholic Beverages
1988-05-01,01,2.4,0.2,1988,5,Food & Non-Alcoholic Beverages
1988-06-01,01,2.9,1.0,1988,6,Food & Non-Alcoholic Beverages
1988-07-01,01,4.9,1.4,1988,7,Food & Non-Alcoholic Beverages
1988-08-01,01,4.1,-0.5,1988,8,Food & Non-Alcoholic Beverages
1988-09-01,01,5.1,0.9,1988,9,Food & Non-Alcoholic Beverages
1988-10-01,01,4.4,-0.2,1988,10,Food & Non-Alcoholic Beverages
1988-11-01,01,5.1,0.9,1988,11,Food & Non-Alcoholic Beverages
1988-12-01,01,5.5,2.1,1988,12,Food & Non-Alcoholic Beverages
1989-01-01,01,4.5,-0.7,1989,1,Food & Non-Alcoholic Beverages
1989-02-01,01,4.0,-0.2,1989,2,Food & Non-Alcoholic Beverages
1989-03-01,01,4.0,0.0,1989,3,Food & Non-Alcoholic Beverages
1989-04-01,01,5.0,0.0,1989,4,Food & Non-Alcoholic Beverages
1989-05-01,01,5.3,0.5,1989,5,Food & Non-Alcoholic Beverages
1989-06-01,01,4.3,0.0,1989,6,Food & Non-Alcoholic Beverages
1989-07-01,01,2.6,-0.2,1989,7,Food & Non-Alcoholic Beverages
1989-08-01,01,3.3,0.2,1989,8,Food & Non-Alcoholic Beverages
1989-09-01,01,3.0,0.7,1989,9,Food & Non-Alcoholic Beverages
1989-10-01,01,3.3,0.0,1989,10,Food & Non-Alcoholic Beverages
1989-11-01,01,3.7,1.4,1989,11,Food & Non-Alcoholic Beverages
1989-12-01,01,2.0,0.4,1989,12,Food & Non-Alcoholic Beverages
1990-01-01,01,3.2,0.4,1990,1,Food & Non-Alcoholic Beverages
1990-02-01,01,4.3,0.9,1990,2,Food & Non-Alcoholic Beverages
1990-03-01,01,3.9,-0.4,1990,3,Food & Non-Alcoholic Beverages
1990-04-01,01,5.0,1.1,1990,4,Food & Non-Alcoholic Beverages
1990-05-01,01,5.2,0.7,1990,5,Food & Non-Alcoholic Beverages
1990-06-01,01,5.0,-0.2,1990,6,Food & Non-Alcoholic Beverages
1990-07-01,01,4.1,-1.1,1990,7,Food & Non-Alcoholic Beverages
1990-08-01,01,3.4,-0.4,1990,8,Food & Non-Alcoholic Beverages
1990-09-01,01,3.6,0.9,1990,9,Food & Non-Alcoholic Beverages
1990-10-01,01,3.8,0.2,1990,10,Food & Non-Alcoholic Beverages
1990-11-01,01,4.0,1.5,1990,11,Food & Non-Alcoholic Beverages
1990-12-01,01,4.4,0.9,1990,12,Food & Non-Alcoholic Beverages
1991-01-01,01,4.0,0.0,1991,1,Food & Non-Alcoholic Beverages
1991-02-01,01,3.1,0.0,1991,2,Food & Non-Alcoholic Beverages
1991-03-01,01,3.9,0.4,1991,3,Food & Non-Alcoholic Beverages
1991-04-01,01,4.3,1.5,1991,4,Food & Non-Alcoholic Beverages
1991-05-01,01,4.3,0.6,1991,5,Food & Non-Alcoholic Beverages
1991-06-01,01,6.5,1.9,1991,6,Food & Non-Alcoholic Beverages
1991-07-01,01,5.9,-1.6,1991,7,Food & Non-Alcoholic Beverages
1991-08-01,01,6.6,0.2,1991,8,Food & Non-Alcoholic Beverages
1991-09-01,01,4.6,-1.0,1991,9,Food & Non-Alcoholic Beverages
1991-10-01,01,5.2,0.8,1991,10,Food & Non-Alcoholic Beverages
1991-11-01,01,4.5,0.8,1991,11,Food & Non-Alcoholic Beverages
1991-12-01,01,5.5,1.8,1991,12,Food & Non-Alcoholic Beverages
1992-01-01,01,6.1,0.6,1992,1,Food & Non-Alcoholic Beverages
1992-02-01,01,6.4,0.2,1992,2,Food & Non-Alcoholic Beverages
1992-03-01,01,6.3,0.4,1992,3,Food & Non-Alcoholic Beverages
1992-04-01,01,7.1,2.2,1992,4,Food & Non-Alcoholic Beverages
1992-05-01,01,7.6,1.2,1992,5,Food & Non-Alcoholic Beverages
1992-06-01,01,5.7,0.0,1992,6,Food & Non-Alcoholic Beverages
1992-07-01,01,7.2,-0.2,1992,7,Food & Non-Alcoholic Beverages
1992-08-01,01,7.6,0.6,1992,8,Food & Non-Alcoholic Beverages
1992-09-01,01,8.5,-0.2,1992,9,Food & Non-Alcoholic Beverages
1992-10-01,01,6.2,-1.3,1992,10,Food & Non-Alcoholic Beverages
1992-11-01,01,5.3,0.0,1992,11,Food & Non-Alcoholic Beverages
1992-12-01,01,4.2,0.8,1992,12,Food & Non-Alcoholic Beverages
1993-01-01,01,3.2,-0.4,1993,1,Food & Non-Alcoholic Beverages
1993-02-01,01,2.8,-0.2,1993,2,Food & Non-Alcoholic Beverages
1993-03-01,01,2.6,0.2,1993,3,Food & Non-Alcoholic Beverages
1993-04-01,01,1.2,0.8,1993,4,Food & Non-Alcoholic Beverages
1993-05-01,01,0.4,0.4,1993,5,Food & Non-Alcoholic Beverages
1993-06-01,01,1.3,1.0,1993,6,Food & Non-Alcoholic Beverages
1993-07-01,01,2.5,0.9,1993,7,Food & Non-Alcoholic Beverages
1993-08-01,01,0.8,-1.1,1993,8,Food & Non-Alcoholic Beverages
1993-09-01,01,1.0,0.0,1993,9,Food & Non-Alcoholic Beverages
1993-10-01,01,3.1,0.8,1993,10,Food & Non-Alcoholic Beverages
1993-11-01,01,4.5,1.3,1993,11,Food & Non-Alcoholic Beverages
1993-12-01,01,4.2,0.6,1993,12,Food & Non-Alcoholic Beverages
1994-01-01,01,5.8,1.1,1994,1,Food & Non-Alcoholic Beverages
1994-02-01,01,8.9,2.7,1994,2,Food & Non-Alcoholic Beverages
1994-03-01,01,7.5,-1.1,1994,3,Food & Non-Alcoholic Beverages
1994-04-01,01,5.8,-0.9,1994,4,Food & Non-Alcoholic Beverages
1994-05-01,01,5.5,0.2,1994,5,Food & Non-Alcoholic Beverages
1994-06-01,01,3.8,-0.7,1994,6,Food & Non-Alcoholic Beverages
1994-07-01,01,3.0,0.2,1994,7,Food & Non-Alcoholic Beverages
1994-08-01,01,4.0,-0.2,1994,8,Food & Non-Alcoholic Beverages
1994-09-01,01,5.1,1.1,1994,9,Food & Non-Alcoholic Beverages
1994-10-01,01,4.9,0.5,1994,10,Food & Non-Alcoholic Beverages
1994-11-01,01,4.5,0.9,1994,11,Food & Non-Alcoholic Beverages
1994-12-01,01,4.8,0.9,1994,12,Food & Non-Alcoholic Beverages
1995-01-01,01,4.6,0.9,1995,1,Food & Non-Alcoholic Beverages
1995-02-01,01,3.0,1.2,1995,2,Food & Non-Alcoholic Beverages
1995-03-01,01,3.6,-0.5,1995,3,Food & Non-Alcoholic Beverages
1995-04-01,01,4.2,-0.3,1995,4,Food & Non-Alcoholic Beverages
1995-05-01,01,5.1,1.0,1995,5,Food & Non-Alcoholic Beverages
1995-06-01,01,5.5,-0.3,1995,6,Food & Non-Alcoholic Beverages
1995-07-01,01,5.6,0.3,1995,7,Food & Non-Alcoholic Beverages
1995-08-01,01,6.0,0.2,1995,8,Food & Non-Alcoholic Beverages
1995-09-01,01,5.4,0.5,1995,9,Food & Non-Alcoholic Beverages
1995-10-01,01,5.4,0.5,1995,10,Food & Non-Alcoholic Beverages
1995-11-01,01,5.2,0.7,1995,11,Food & Non-Alcoholic Beverages
1995-12-01,01,4.8,0.5,1995,12,Food & Non-Alcoholic Beverages
1996-01-01,01,4.9,1.0,1996,1,Food & Non-Alcoholic Beverages
1996-02-01,01,4.8,1.2,1996,2,Food & Non-Alcoholic Beverages
1996-03-01,01,4.7,-0.7,1996,3,Food & Non-Alcoholic Beverages
1996-04-01,01,6.1,1.0,1996,4,Food & Non-Alcoholic Beverages
1996-05-01,01,5.3,0.3,1996,5,Food & Non-Alcoholic Beverages
1996-06-01,01,6.1,0.3,1996,6,Food & Non-Alcoholic Beverages
1996-07-01,01,6.7,1.0,1996,7,Food & Non-Alcoholic Beverages
1996-08-01,01,6.2,-0.3,1996,8,Food & Non-Alcoholic Beverages
1996-09-01,01,6.5,0.8,1996,9,Food & Non-Alcoholic Beverages
1996-10-01,01,6.0,0.0,1996,10,Food & Non-Alcoholic Beverages
1996-11-01,01,6.3,1.0,1996,11,Food & Non-Alcoholic Beverages
1996-12-01,01,6.4,0.6,1996,12,Food & Non-Alcoholic Beverages
1997-01-01,01,5.8,0.5,1997,1,Food & Non-Alcoholic Beverages
1997-02-01,01,5.8,1.1,1997,2,Food & Non-Alcoholic Beverages
1997-03-01,01,6.0,-0.5,1997,3,Food & Non-Alcoholic Beverages
1997-04-01,01,4.3,-0.6,1997,4,Food & Non-Alcoholic Beverages
1997-05-01,01,3.9,0.0,1997,5,Food & Non-Alcoholic Beverages
1997-06-01,01,3.3,-0.3,1997,6,Food & Non-Alcoholic Beverages
1997-07-01,01,2.6,0.3,1997,7,Food & Non-Alcoholic Beverages
1997-08-01,01,3.1,0.2,1997,8,Food & Non-Alcoholic Beverages
1997-09-01,01,3.1,0.8,1997,9,Food & Non-Alcoholic Beverages
1997-10-01,01,3.9,0.8,1997,10,Food & Non-Alcoholic Beverages
1997-11-01,01,3.0,0.2,1997,11,Food & Non-Alcoholic Beverages
1997-12-01,01,3.6,1.2,1997,12,Food & Non-Alcoholic Beverages
1998-01-01,01,5.0,1.8,1998,1,Food & Non-Alcoholic Beverages
1998-02-01,01,6.7,2.7,1998,2,Food & Non-Alcoholic Beverages
1998-03-01,01,8.3,1.0,1998,3,Food & Non-Alcoholic Beverages
1998-04-01,01,9.4,0.4,1998,4,Food & Non-Alcoholic Beverages
1998-05-01,01,9.8,0.3,1998,5,Food & Non-Alcoholic Beverages
1998-06-01,01,11.7,1.4,1998,6,Food & Non-Alcoholic Beverages
1998-07-01,01,10.4,-0.8,1998,7,Food & Non-Alcoholic Beverages
1998-08-01,01,9.9,-0.3,1998,8,Food & Non-Alcoholic Beverages
1998-09-01,01,9.2,0.1,1998,9,Food & Non-Alcoholic Beverages
1998-10-01,01,8.5,0.1,1998,10,Food & Non-Alcoholic Beverages
1998-11-01,01,9.7,1.3,1998,11,Food & Non-Alcoholic Beverages
1998-12-01,01,8.7,0.3,1998,12,Food & Non-Alcoholic Beverages
1999-01-01,01,9.0,2.1,1999,1,Food & Non-Alcoholic Beverages
1999-02-01,01,6.4,0.3,1999,2,Food & Non-Alcoholic Beverages
1999-03-01,01,4.5,-0.8,1999,3,Food & Non-Alcoholic Beverages
1999-04-01,01,4.6,0.6,1999,4,Food & Non-Alcoholic Beverages
1999-05-01,01,4.9,0.6,1999,5,Food & Non-Alcoholic Beverages
1999-06-01,01,3.3,-0.1,1999,6,Food & Non-Alcoholic Beverages
1999-07-01,01,4.3,0.1,1999,7,Food & Non-Alcoholic Beverages
1999-08-01,01,4.0,-0.5,1999,8,Food & Non-Alcoholic Beverages
1999-09-01,01,3.9,0.0,1999,9,Food & Non-Alcoholic Beverages
1999-10-01,01,3.6,-0.1,1999,10,Food & Non-Alcoholic Beverages
1999-11-01,01,3.0,0.7,1999,11,Food & Non-Alcoholic Beverages
1999-12-01,01,5.1,2.3,1999,12,Food & Non-Alcoholic Beverages
2000-01-01,01,3.0,0.1,2000,1,Food & Non-Alcoholic Beverages
2000-02-01,01,2.5,-0.3,2000,2,Food & Non-Alcoholic Beverages
2000-03-01,01,2.9,-0.4,2000,3,Food & Non-Alcoholic Beverages
2000-04-01,01,2.2,-0.1,2000,4,Food & Non-Alcoholic Beverages
2000-05-01,01,1.8,0.1,2000,5,Food & Non-Alcoholic Beverages
2000-06-01,01,1.9,0.0,2000,6,Food & Non-Alcoholic Beverages
2000-07-01,01,1.8,0.0,2000,7,Food & Non-Alcoholic Beverages
2000-08-01,01,1.9,-0.4,2000,8,Food & Non-Alcoholic Beverages
2000-09-01,01,1.8,-0.1,2000,9,Food & Non-Alcoholic Beverages
2000-10-01,01,1.9,0.0,2000,10,Food & Non-Alcoholic Beverages
2000-11-01,01,1.2,0.0,2000,11,Food & Non-Alcoholic Beverages
2000-12-01,01,0.1,1.2,2000,12,Food & Non-Alcoholic Beverages
2001-01-01,01,0.5,0.5,2001,1,Food & Non-Alcoholic Beverages
2001-02-01,01,0.7,-0.1,2001,2,Food & Non-Alcoholic Beverages
2001-03-01,01,0.7,-0.4,2001,3,Food & Non-Alcoholic Beverages
2001-04-01,01,0.7,-0.1,2001,4,Food & Non-Alcoholic Beverages
2001-05-01,01,0.8,0.3,2001,5,Food & Non-Alcoholic Beverages
2001-06-01,01,0.5,-0.3,2001,6,Food & Non-Alcoholic Beverages
2001-07-01,01,0.4,-0.1,2001,7,Food & Non-Alcoholic Beverages
2001-08-01,01,0.4,-0.4,2001,8,Food & Non-Alcoholic Beverages
2001-09-01,01,1.1,0.5,2001,9,Food & Non-Alcoholic Beverages
2001-10-01,01,0.5,-0.5,2001,10,Food & Non-Alcoholic Beverages
2001-11-01,01,1.2,0.7,2001,11,Food & Non-Alcoholic Beverages
2001-12-01,01,0.4,0.4,2001,12,Food & Non-Alcoholic Beverages
2002-01-01,01,0.4,0.5,2002,1,Food & Non-Alcoholic Beverages
2002-02-01,01,0.9,0.4,2002,2,Food & Non-Alcoholic Beverages
2002-03-01,01,0.5,-0.8,2002,3,Food & Non-Alcoholic Beverages
2002-04-01,01,0.4,-0.3,2002,4,Food & Non-Alcoholic Beverages
2002-05-01,01,0.0,-0.1,2002,5,Food & Non-Alcoholic Beverages
2002-06-01,01,0.7,0.4,2002,6,Food & Non-Alcoholic Beverages
2002-07-01,01,0.7,-0.1,2002,7,Food & Non-Alcoholic Beverages
2002-08-01,01,1.1,0.0,2002,8,Food & Non-Alcoholic Beverages
2002-09-01,01,0.5,0.0,2002,9,Food & Non-Alcoholic Beverages
2002-10-01,01,0.9,-0.1,2002,10,Food & Non-Alcoholic Beverages
2002-11-01,01,0.9,0.7,2002,11,Food & Non-Alcoholic Beverages
2002-12-01,01,1.2,0.7,2002,12,Food & Non-Alcoholic Beverages
2003-01-01,01,3.6,2.9,2003,1,Food & Non-Alcoholic Beverages
2003-02-01,01,3.3,0.1,2003,2,Food & Non-Alcoholic Beverages
2003-03-01,01,2.9,-1.1,2003,3,Food & Non-Alcoholic Beverages
2003-04-01,01,2.9,-0.3,2003,4,Food & Non-Alcoholic Beverages
2003-05-01,01,2.4,-0.6,2003,5,Food & Non-Alcoholic Beverages
2003-06-01,01,0.9,-1.0,2003,6,Food & Non-Alcoholic Beverages
2003-07-01,01,1.3,0.3,2003,7,Food & Non-Alcoholic Beverages
2003-08-01,01,0.4,-0.9,2003,8,Food & Non-Alcoholic Beverages
2003-09-01,01,0.3,-0.1,2003,9,Food & Non-Alcoholic Beverages
2003-10-01,01,0.1,-0.3,2003,10,Food & Non-Alcoholic Beverages
2003-11-01,01,-1.3,-0.8,2003,11,Food & Non-Alcoholic Beverages
2003-12-01,01,-2.2,-0.3,2003,12,Food & Non-Alcoholic Beverages
2004-01-01,01,-0.4,4.8,2004,1,Food & Non-Alcoholic Beverages
2004-02-01,01,-0.5,0.0,2004,2,Food & Non-Alcoholic Beverages
2004-03-01,01,0.4,-0.3,2004,3,Food & Non-Alcoholic Beverages
2004-04-01,01,1.0,0.4,2004,4,Food & Non-Alcoholic Beverages
2004-05-01,01,1.7,0.0,2004,5,Food & Non-Alcoholic Beverages
2004-06-01,01,2.6,-0.1,2004,6,Food & Non-Alcoholic Beverages
2004-07-01,01,2.4,0.0,2004,7,Food & Non-Alcoholic Beverages
2004-08-01,01,3.0,-0.3,2004,8,Food & Non-Alcoholic Beverages
2004-09-01,01,2.9,-0.3,2004,9,Food & Non-Alcoholic Beverages
2004-10-01,01,3.9,0.6,2004,10,Food & Non-Alcoholic Beverages
2004-11-01,01,4.6,-0.1,2004,11,Food & Non-Alcoholic Beverages
2004-12-01,01,5.1,0.3,2004,12,Food & Non-Alcoholic Beverages
2005-01-01,01,2.3,2.0,2005,1,Food & Non-Alcoholic Beverages
2005-02-01,01,2.3,0.0,2005,2,Food & Non-Alcoholic Beverages
2005-03-01,01,2.7,0.1,2005,3,Food & Non-Alcoholic Beverages
2005-04-01,01,2.8,0.5,2005,4,Food & Non-Alcoholic Beverages
2005-05-01,01,3.2,0.4,2005,5,Food & Non-Alcoholic Beverages
2005-06-01,01,3.8,0.5,2005,6,Food & Non-Alcoholic Beverages
2005-07-01,01,3.6,-0.2,2005,7,Food & Non-Alcoholic Beverages
2005-08-01,01,4.2,0.4,2005,8,Food & Non-Alcoholic Beverages
2005-09-01,01,4.8,0.2,2005,9,Food & Non-Alcoholic Beverages
2005-10-01,01,4.5,0.4,2005,10,Food & Non-Alcoholic Beverages
2005-11-01,01,5.3,0.6,2005,11,Food & Non-Alcoholic Beverages
2005-12-01,01,5.5,0.5,2005,12,Food & Non-Alcoholic Beverages
2006-01-01,01,4.3,0.8,2006,1,Food & Non-Alcoholic Beverages
2006-02-01,01,4.0,-0.2,2006,2,Food & Non-Alcoholic Beverages
2006-03-01,01,3.6,-0.2,2006,3,Food & Non-Alcoholic Beverages
2006-04-01,01,3.1,0.0,2006,4,Food & Non-Alcoholic Beverages
2006-05-01,01,3.3,0.6,2006,5,Food & Non-Alcoholic Beverages
2006-06-01,01,3.2,0.4,2006,6,Food & Non-Alcoholic Beverages
2006-07-01,01,3.8,0.4,2006,7,Food & Non-Alcoholic Beverages
2006-08-01,01,3.2,-0.2,2006,8,Food & Non-Alcoholic Beverages
2006-09-01,01,3.1,0.1,2006,9,Food & Non-Alcoholic Beverages
2006-10-01,01,3.1,0.4,2006,10,Food & Non-Alcoholic Beverages
2006-11-01,01,2.9,0.5,2006,11,Food & Non-Alcoholic Beverages
2006-12-01,01,3.0,0.6,2006,12,Food & Non-Alcoholic Beverages
2007-01-01,01,3.1,0.9,2007,1,Food & Non-Alcoholic Beverages
2007-02-01,01,3.3,-0.1,2007,2,Food & Non-Alcoholic Beverages
2007-03-01,01,3.0,-0.5,2007,3,Food & Non-Alcoholic Beverages
2007-04-01,01,3.0,0.0,2007,4,Food & Non-Alcoholic Beverages
2007-05-01,01,2.4,0.0,2007,5,Food & Non-Alcoholic Beverages
2007-06-01,01,2.3,0.2,2007,6,Food & Non-Alcoholic Beverages
2007-07-01,01,2.3,0.4,2007,7,Food & Non-Alcoholic Beverages
2007-08-01,01,2.9,0.3,2007,8,Food & Non-Alcoholic Beverages
2007-09-01,01,3.0,0.2,2007,9,Food & Non-Alcoholic Beverages
2007-10-01,01,3.0,0.3,2007,10,Food & Non-Alcoholic Beverages
2007-11-01,01,3.9,1.4,2007,11,Food & Non-Alcoholic Beverages
2007-12-01,01,4.1,0.8,2007,12,Food & Non-Alcoholic Beverages
2008-01-01,01,3.8,0.7,2008,1,Food & Non-Alcoholic Beverages
2008-02-01,01,4.6,0.6,2008,2,Food & Non-Alcoholic Beverages
2008-03-01,01,4.9,-0.1,2008,3,Food & Non-Alcoholic Beverages
2008-04-01,01,5.6,0.7,2008,4,Food & Non-Alcoholic Beverages
2008-05-01,01,8.1,2.3,2008,5,Food & Non-Alcoholic Beverages
2008-06-01,01,10.1,2.1,2008,6,Food & Non-Alcoholic Beverages
2008-07-01,01,11.3,1.5,2008,7,Food & Non-Alcoholic Beverages
2008-08-01,01,11.7,0.7,2008,8,Food & Non-Alcoholic Beverages
2008-09-01,01,12.3,0.7,2008,9,Food & Non-Alcoholic Beverages
2008-10-01,01,12.1,0.2,2008,10,Food & Non-Alcoholic Beverages
2008-11-01,01,10.9,0.3,2008,11,Food & Non-Alcoholic Beverages
2008-12-01,01,10.4,0.3,2008,12,Food & Non-Alcoholic Beverages
2009-01-01,01,9.8,0.1,2009,1,Food & Non-Alcoholic Beverages
2009-02-01,01,9.2,0.0,2009,2,Food & Non-Alcoholic Beverages
2009-03-01,01,8.7,-0.5,2009,3,Food & Non-Alcoholic Beverages
2009-04-01,01,7.5,-0.4,2009,4,Food & Non-Alcoholic Beverages
2009-05-01,01,5.2,0.1,2009,5,Food & Non-Alcoholic Beverages
2009-06-01,01,3.3,0.2,2009,6,Food & Non-Alcoholic Beverages
2009-07-01,01,2.0,0.2,2009,7,Food & Non-Alcoholic Beverages
2009-08-01,01,1.5,0.2,2009,8,Food & Non-Alcoholic Beverages
2009-09-01,01,1.0,0.3,2009,9,Food & Non-Alcoholic Beverages
2009-10-01,01,0.8,0.0,2009,10,Food & Non-Alcoholic Beverages
2009-11-01,01,0.9,0.4,2009,11,Food & Non-Alcoholic Beverages
2009-12-01,01,1.1,0.5,2009,12,Food & Non-Alcoholic Beverages
2010-01-01,01,1.2,0.2,2010,1,Food & Non-Alcoholic Beverages
2010-02-01,01,1.2,0.0,2010,2,Food & Non-Alcoholic Beverages
2010-03-01,01,1.7,0.0,2010,3,Food & Non-Alcoholic Beverages
2010-04-01,01,2.3,0.1,2010,4,Food & Non-Alcoholic Beverages
2010-05-01,01,2.6,0.4,2010,5,Food & Non-Alcoholic Beverages
2010-06-01,01,2.9,0.5,2010,6,Food & Non-Alcoholic Beverages
2010-07-01,01,2.9,0.2,2010,7,Food & Non-Alcoholic Beverages
2010-08-01,01,3.0,0.3,2010,8,Food & Non-Alcoholic Beverages
2010-09-01,01,2.7,0.0,2010,9,Food & Non-Alcoholic Beverages
2010-10-01,01,2.8,0.1,2010,10,Food & Non-Alcoholic Beverages
2010-11-01,01,2.8,0.5,2010,11,Food & Non-Alcoholic Beverages
2010-12-01,01,2.6,0.3,2010,12,Food & Non-Alcoholic Beverages
2011-01-01,01,3.6,1.2,2011,1,Food & Non-Alcoholic Beverages
2011-02-01,01,4.7,1.1,2011,2,Food & Non-Alcoholic Beverages
2011-03-01,01,4.7,0.0,2011,3,Food & Non-Alcoholic Beverages
2011-04-01,01,4.9,0.3,2011,4,Food & Non-Alcoholic Beverages
2011-05-01,01,4.5,0.0,2011,5,Food & Non-Alcoholic Beverages
2011-06-01,01,4.7,0.7,2011,6,Food & Non-Alcoholic Beverages
2011-07-01,01,4.9,0.4,2011,7,Food & Non-Alcoholic Beverages
2011-08-01,01,4.6,0.0,2011,8,Food & Non-Alcoholic Beverages
2011-09-01,01,5.0,0.4,2011,9,Food & Non-Alcoholic Beverages
2011-10-01,01,5.7,0.8,2011,10,Food & Non-Alcoholic Beverages
2011-11-01,01,5.1,0.0,2011,11,Food & Non-Alcoholic Beverages
2011-12-01,01,5.1,0.3,2011,12,Food & Non-Alcoholic Beverages
2012-01-01,01,4.8,0.8,2012,1,Food & Non-Alcoholic Beverages
2012-02-01,01,2.9,-0.7,2012,2,Food & Non-Alcoholic Beverages
2012-03-01,01,2.9,0.0,2012,3,Food & Non-Alcoholic Beverages
2012-04-01,01,2.3,-0.3,2012,4,Food & Non-Alcoholic Beverages
2012-05-01,01,3.0,0.7,2012,5,Food & Non-Alcoholic Beverages
2012-06-01,01,2.9,0.6,2012,6,Food & Non-Alcoholic Beverages
2012-07-01,01,2.6,0.1,2012,7,Food & Non-Alcoholic Beverages
2012-08-01,01,2.8,0.2,2012,8,Food & Non-Alcoholic Beverages
2012-09-01,01,2.4,0.0,2012,9,Food & Non-Alcoholic Beverages
2012-10-01,01,2.0,0.4,2012,10,Food & Non-Alcoholic Beverages
2012-11-01,01,2.0,0.0,2012,11,Food & Non-Alcoholic Beverages
2012-12-01,01,2.0,0.3,2012,12,Food & Non-Alcoholic Beverages
2013-01-01,01,2.2,1.1,2013,1,Food & Non-Alcoholic Beverages
2013-02-01,01,3.3,0.3,2013,2,Food & Non-Alcoholic Beverages
2013-03-01,01,3.3,0.0,2013,3,Food & Non-Alcoholic Beverages
2013-04-01,01,3.8,0.2,2013,4,Food & Non-Alcoholic Beverages
2013-05-01,01,3.5,0.4,2013,5,Food & Non-Alcoholic Beverages
2013-06-01,01,3.2,0.4,2013,6,Food & Non-Alcoholic Beverages
2013-07-01,01,3.9,0.7,2013,7,Food & Non-Alcoholic Beverages
2013-08-01,01,3.6,-0.1,2013,8,Food & Non-Alcoholic Beverages
2013-09-01,01,3.9,0.3,2013,9,Food & Non-Alcoholic Beverages
2013-10-01,01,3.7,0.2,2013,10,Food & Non-Alcoholic Beverages
2013-11-01,01,3.9,0.2,2013,11,Food & Non-Alcoholic Beverages
2013-12-01,01,4.5,0.9,2013,12,Food & Non-Alcoholic Beverages
2014-01-01,01,4.2,0.8,2014,1,Food & Non-Alcoholic Beverages
2014-02-01,01,3.8,-0.1,2014,2,Food & Non-Alcoholic Beverages
2014-03-01,01,3.9,0.1,2014,3,Food & Non-Alcoholic Beverages
2014-04-01,01,3.6,-0.1,2014,4,Food & Non-Alcoholic Beverages
2014-05-01,01,3.3,0.1,2014,5,Food & Non-Alcoholic Beverages
2014-06-01,01,3.5,0.5,2014,6,Food & Non-Alcoholic Beverages
2014-07-01,01,3.1,0.3,2014,7,Food & Non-Alcoholic Beverages
2014-08-01,01,3.3,0.1,2014,8,Food & Non-Alcoholic Beverages
2014-09-01,01,3.2,0.2,2014,9,Food & Non-Alcoholic Beverages
2014-10-01,01,2.8,-0.2,2014,10,Food & Non-Alcoholic Beverages
2014-11-01,01,2.9,0.3,2014,11,Food & Non-Alcoholic Beverages
2014-12-01,01,2.4,0.3,2014,12,Food & Non-Alcoholic Beverages
2015-01-01,01,2.8,1.2,2015,1,Food & Non-Alcoholic Beverages
2015-02-01,01,2.7,-0.2,2015,2,Food & Non-Alcoholic Beverages
2015-03-01,01,2.3,-0.3,2015,3,Food & Non-Alcoholic Beverages
2015-04-01,01,3.1,0.8,2015,4,Food & Non-Alcoholic Beverages
2015-05-01,01,3.5,0.4,2015,5,Food & Non-Alcoholic Beverages
2015-06-01,01,3.4,0.4,2015,6,Food & Non-Alcoholic Beverages
2015-07-01,01,3.8,0.8,2015,7,Food & Non-Alcoholic Beverages
2015-08-01,01,4.2,0.5,2015,8,Food & Non-Alcoholic Beverages
2015-09-01,01,4.3,0.2,2015,9,Food & Non-Alcoholic Beverages
2015-10-01,01,4.7,0.2,2015,10,Food & Non-Alcoholic Beverages
2015-11-01,01,4.1,-0.2,2015,11,Food & Non-Alcoholic Beverages
2015-12-01,01,4.6,0.7,2015,12,Food & Non-Alcoholic Beverages
2016-01-01,01,3.9,0.6,2016,1,Food & Non-Alcoholic Beverages
2016-02-01,01,4.8,0.7,2016,2,Food & Non-Alcoholic Beverages
2016-03-01,01,5.0,-0.1,2016,3,Food & Non-Alcoholic Beverages
2016-04-01,01,4.2,0.0,2016,4,Food & Non-Alcoholic Beverages
2016-05-01,01,4.1,0.3,2016,5,Food & Non-Alcoholic Beverages
2016-06-01,01,4.2,0.5,2016,6,Food & Non-Alcoholic Beverages
2016-07-01,01,3.8,0.3,2016,7,Food & Non-Alcoholic Beverages
2016-08-01,01,3.5,0.2,2016,8,Food & Non-Alcoholic Beverages
2016-09-01,01,3.0,-0.2,2016,9,Food & Non-Alcoholic Beverages
2016-10-01,01,2.5,-0.3,2016,10,Food & Non-Alcoholic Beverages
2016-11-01,01,3.5,0.7,2016,11,Food & Non-Alcoholic Beverages
2016-12-01,01,3.4,0.6,2016,12,Food & Non-Alcoholic Beverages
2017-01-01,01,3.7,0.9,2017,1,Food & Non-Alcoholic Beverages
2017-02-01,01,4.0,0.9,2017,2,Food & Non-Alcoholic Beverages
2017-03-01,01,3.7,-0.4,2017,3,Food & Non-Alcoholic Beverages
2017-04-01,01,3.7,0.1,2017,4,Food & Non-Alcoholic Beverages
2017-05-01,01,4.0,0.5,2017,5,Food & Non-Alcoholic Beverages
2017-06-01,01,3.9,0.4,2017,6,Food & Non-Alcoholic Beverages
2017-07-01,01,3.9,0.3,2017,7,Food & Non-Alcoholic Beverages
2017-08-01,01,3.9,0.3,2017,8,Food & Non-Alcoholic Beverages
2017-09-01,01,4.3,0.1,2017,9,Food & Non-Alcoholic Beverages
2017-10-01,01,4.4,-0.2,2017,10,Food & Non-Alcoholic Beverages
2017-11-01,01,4.0,0.4,2017,11,Food & Non-Alcoholic Beverages
2017-12-01,01,4.1,0.7,2017,12,Food & Non-Alcoholic Beverages
2018-01-01,01,3.8,0.6,2018,1,Food & Non-Alcoholic Beverages
2018-02-01,01,3.0,0.2,2018,2,Food & Non-Alcoholic Beverages
2018-03-01,01,2.8,-0.5,2018,3,Food & Non-Alcoholic Beverages
2018-04-01,01,2.6,-0.2,2018,4,Food & Non-Alcoholic Beverages
2018-05-01,01,2.2,0.2,2018,5,Food & Non-Alcoholic Beverages
2018-06-01,01,0.8,-1.0,2018,6,Food & Non-Alcoholic Beverages
2018-07-01,01,0.7,0.2,2018,7,Food & Non-Alcoholic Beverages
2018-08-01,01,0.4,0.0,2018,8,Food & Non-Alcoholic Beverages
2018-09-01,01,0.5,0.2,2018,9,Food & Non-Alcoholic Beverages
2018-10-01,01,1.2,0.5,2018,10,Food & Non-Alcoholic Beverages
2018-11-01,01,1.1,0.2,2018,11,Food & Non-Alcoholic Beverages
2018-12-01,01,0.7,0.3,2018,12,Food & Non-Alcoholic Beverages
2019-01-01,01,1.0,0.9,2019,1,Food & Non-Alcoholic Beverages
2019-02-01,01,1.0,0.2,2019,2,Food & Non-Alcoholic Beverages
2019-03-01,01,1.1,-0.5,2019,3,Food & Non-Alcoholic Beverages
2019-04-01,01,1.1,-0.2,2019,4,Food & Non-Alcoholic Beverages
2019-05-01,01,1.2,0.3,2019,5,Food & Non-Alcoholic Beverages
2019-06-01,01,2.3,0.1,2019,6,Food & Non-Alcoholic Beverages
2019-07-01,01,2.4,0.3,2019,7,Food & Non-Alcoholic Beverages
2019-08-01,01,2.6,0.2,2019,8,Food & Non-Alcoholic Beverages
2019-09-01,01,2.2,-0.2,2019,9,Food & Non-Alcoholic Beverages
2019-10-01,01,1.8,0.1,2019,10,Food & Non-Alcoholic Beverages
2019-11-01,01,1.5,0.0,2019,11,Food & Non-Alcoholic Beverages
2019-12-01,01,1.7,0.5,2019,12,Food & Non-Alcoholic Beverages
2020-01-01,01,0.9,0.1,2020,1,Food & Non-Alcoholic Beverages
2020-02-01,01,0.8,0.1,2020,2,Food & Non-Alcoholic Beverages
2020-03-01,01,1.2,-0.1,2020,3,Food & Non-Alcoholic Beverages
2020-04-01,01,1.2,-0.1,2020,4,Food & Non-Alcoholic Beverages
2020-05-01,01,1.2,0.3,2020,5,Food & Non-Alcoholic Beverages
2020-06-01,01,1.6,0.4,2020,6,Food & Non-Alcoholic Beverages
2020-07-01,01,1.4,0.1,2020,7,Food & Non-Alcoholic Beverages
2020-08-01,01,1.3,0.1,2020,8,Food & Non-Alcoholic Beverages
2020-09-01,01,1.4,-0.1,2020,9,Food & Non-Alcoholic Beverages
2020-10-01,01,1.5,0.1,2020,10,Food & Non-Alcoholic Beverages
2020-11-01,01,1.4,-0.1,2020,11,Food & Non-Alcoholic Beverages
2020-12-01,01,1.4,0.5,2020,12,Food & Non-Alcoholic Beverages
2021-01-01,01,1.5,0.2,2021,1,Food & Non-Alcoholic Beverages
2021-02-01,01,1.4,0.0,2021,2,Food & Non-Alcoholic Beverages
2021-03-01,01,1.5,0.0,2021,3,Food & Non-Alcoholic Beverages
2021-04-01,01,1.9,0.3,2021,4,Food & Non-Alcoholic Beverages
2021-05-01,01,1.5,-0.1,2021,5,Food & Non-Alcoholic Beverages
2021-06-01,01,1.3,0.3,2021,6,Food & Non-Alcoholic Beverages
2021-07-01,01,1.3,0.0,2021,7,Food & Non-Alcoholic Beverages
2021-08-01,01,1.2,0.1,2021,8,Food & Non-Alcoholic Beverages
2021-09-01,01,1.9,0.6,2021,9,Food & Non-Alcoholic Beverages
2021-10-01,01,1.9,0.2,2021,10,Food & Non-Alcoholic Beverages
2021-11-01,01,2.7,0.6,2021,11,Food & Non-Alcoholic Beverages
2021-12-01,01,3.2,1.0,2021,12,Food & Non-Alcoholic Beverages
2022-01-01,01,3.6,0.6,2022,1,Food & Non-Alcoholic Beverages
2022-02-01,01,3.7,0.1,2022,2,Food & Non-Alcoholic Beverages
2022-03-01,01,4.0,0.3,2022,3,Food & Non-Alcoholic Beverages
2022-04-01,01,4.1,0.4,2022,4,Food & Non-Alcoholic Beverages
2022-05-01,01,5.2,0.9,2022,5,Food & Non-Alcoholic Beverages
2022-06-01,01,6.1,1.2,2022,6,Food & Non-Alcoholic Beverages
2022-07-01,01,6.9,0.7,2022,7,Food & Non-Alcoholic Beverages
2022-08-01,01,7.2,0.3,2022,8,Food & Non-Alcoholic Beverages
2022-09-01,01,6.8,0.3,2022,9,Food & Non-Alcoholic Beverages
2022-10-01,01,7.1,0.5,2022,10,Food & Non-Alcoholic Beverages
2022-11-01,01,7.3,0.7,2022,11,Food & Non-Alcoholic Beverages
2022-12-01,01,6.8,0.5,2022,12,Food & Non-Alcoholic Beverages
2023-01-01,01,6.7,0.6,2023,1,Food & Non-Alcoholic Beverages
2023-02-01,01,7.0,0.4,2023,2,Food & Non-Alcoholic Beverages
2023-03-01,01,6.9,0.1,2023,3,Food & Non-Alcoholic Beverages
2023-04-01,01,6.3,-0.1,2023,4,Food & Non-Alcoholic Beverages
2023-05-01,01,5.9,0.5,2023,5,Food & Non-Alcoholic Beverages
2023-06-01,01,4.7,0.1,2023,6,Food & Non-Alcoholic Beverages
2023-07-01,01,4.4,0.4,2023,7,Food & Non-Alcoholic Beverages
2023-08-01,01,4.1,0.1,2023,8,Food & Non-Alcoholic Beverages
2023-09-01,01,3.9,0.1,2023,9,Food & Non-Alcoholic Beverages
2023-10-01,01,3.6,0.1,2023,10,Food & Non-Alcoholic Beverages
2023-11-01,01,2.6,-0.3,2023,11,Food & Non-Alcoholic Beverages
2023-12-01,01,2.3,0.3,2023,12,Food & Non-Alcoholic Beverages
2024-01-01,01,2.0,0.3,2024,1,Food & Non-Alcoholic Beverages
2024-02-01,01,1.9,0.3,2024,2,Food & Non-Alcoholic Beverages
2024-03-01,01,1.7,0.0,2024,3,Food & Non-Alcoholic Beverages
2024-04-01,01,2.0,0.1,2024,4,Food & Non-Alcoholic Beverages
2024-05-01,01,1.8,0.3,2024,5,Food & Non-Alcoholic Beverages
2024-06-01,01,2.0,0.3,2024,6,Food & Non-Alcoholic Beverages
2024-07-01,01,1.6,0.1,2024,7,Food & Non-Alcoholic Beverages
2024-08-01,01,1.6,0.1,2024,8,Food & Non-Alcoholic Beverages
2024-09-01,01,1.6,0.1,2024,9,Food & Non-Alcoholic Beverages
2024-10-01,01,2.3,0.8,2024,10,Food & Non-Alcoholic Beverages
2024-11-01,01,2.6,0.0,2024,11,Food & Non-Alcoholic Beverages
2024-12-01,01,2.7,0.4,2024,12,Food & Non-Alcoholic Beverages
2025-01-01,01,2.5,0.1,2025,1,Food & Non-Alcoholic Beverages
2025-02-01,01,2.5,0.2,2025,2,Food & Non-Alcoholic Beverages
2025-03-01,01,2.5,0.1,2025,3,Food & Non-Alcoholic Beverages
2025-04-01,01,2.3,-0.1,2025,4,Food & Non-Alcoholic Beverages
2025-05-01,01,2.1,0.1,2025,5,Food & Non-Alcoholic Beverages
2025-06-01,01,2.1,0.2,2025,6,Food & Non-Alcoholic Beverages
2025-07-01,01,1.9,-0.1,2025,7,Food & Non-Alcoholic Beverages
2025-08-01,01,2.0,0.1,2025,8,Food & Non-Alcoholic Beverages
2025-09-01,01,2.1,0.2,2025,9,Food & Non-Alcoholic Beverages
2025-10-01,01,1.5,0.2,2025,10,Food & Non-Alcoholic Beverages
2025-11-01,01,1.5,0.0,2025,11,Food & Non-Alcoholic Beverages
2025-12-01,01,1.5,0.4,2025,12,Food & Non-Alcoholic Beverages
2026-01-01,01,1.5,0.2,2026,1,Food & Non-Alcoholic Beverages
2026-02-01,01,1.3,0.0,2026,2,Food & Non-Alcoholic Beverages
2026-03-01,01,1.1,-0.1,2026,3,Food & Non-Alcoholic Beverages
2026-04-01,01,1.2,0.0,2026,4,Food & Non-Alcoholic Beverages
1980-02-01,02,,0.0,1980,2,Alcoholic Beverages & Tobacco
1980-03-01,02,,0.0,1980,3,Alcoholic Beverages & Tobacco
1980-04-01,02,,1.2,1980,4,Alcoholic Beverages & Tobacco
1980-05-01,02,,0.0,1980,5,Alcoholic Beverages & Tobacco
1980-06-01,02,,0.0,1980,6,Alcoholic Beverages & Tobacco
1980-07-01,02,,4.6,1980,7,Alcoholic Beverages & Tobacco
1980-08-01,02,,0.5,1980,8,Alcoholic Beverages & Tobacco
1980-09-01,02,,0.5,1980,9,Alcoholic Beverages & Tobacco
1980-10-01,02,,0.0,1980,10,Alcoholic Beverages & Tobacco
1980-11-01,02,,6.5,1980,11,Alcoholic Beverages & Tobacco
1980-12-01,02,,0.0,1980,12,Alcoholic Beverages & Tobacco
1981-01-01,02,15.0,1.0,1981,1,Alcoholic Beverages & Tobacco
1981-02-01,02,15.6,0.5,1981,2,Alcoholic Beverages & Tobacco
1981-03-01,02,18.5,2.5,1981,3,Alcoholic Beverages & Tobacco
1981-04-01,02,17.1,0.0,1981,4,Alcoholic Beverages & Tobacco
1981-05-01,02,17.1,0.0,1981,5,Alcoholic Beverages & Tobacco
1981-06-01,02,17.1,0.0,1981,6,Alcoholic Beverages & Tobacco
1981-07-01,02,12.0,0.0,1981,7,Alcoholic Beverages & Tobacco
1981-08-01,02,12.0,0.5,1981,8,Alcoholic Beverages & Tobacco
1981-09-01,02,11.4,0.0,1981,9,Alcoholic Beverages & Tobacco
1981-10-01,02,11.4,0.0,1981,10,Alcoholic Beverages & Tobacco
1981-11-01,02,4.6,0.0,1981,11,Alcoholic Beverages & Tobacco
1981-12-01,02,5.1,0.5,1981,12,Alcoholic Beverages & Tobacco
1982-01-01,02,4.0,0.0,1982,1,Alcoholic Beverages & Tobacco
1982-02-01,02,3.5,0.0,1982,2,Alcoholic Beverages & Tobacco
1982-03-01,02,1.5,0.5,1982,3,Alcoholic Beverages & Tobacco
1982-04-01,02,1.5,0.0,1982,4,Alcoholic Beverages & Tobacco
1982-05-01,02,3.9,2.4,1982,5,Alcoholic Beverages & Tobacco
1982-06-01,02,3.9,0.0,1982,6,Alcoholic Beverages & Tobacco
1982-07-01,02,3.9,0.0,1982,7,Alcoholic Beverages & Tobacco
1982-08-01,02,3.9,0.5,1982,8,Alcoholic Beverages & Tobacco
1982-09-01,02,3.9,0.0,1982,9,Alcoholic Beverages & Tobacco
1982-10-01,02,3.9,0.0,1982,10,Alcoholic Beverages & Tobacco
1982-11-01,02,22.8,18.2,1982,11,Alcoholic Beverages & Tobacco
1982-12-01,02,23.2,0.8,1982,12,Alcoholic Beverages & Tobacco
1983-01-01,02,23.7,0.4,1983,1,Alcoholic Beverages & Tobacco
1983-02-01,02,24.2,0.4,1983,2,Alcoholic Beverages & Tobacco
1983-03-01,02,23.6,0.0,1983,3,Alcoholic Beverages & Tobacco
1983-04-01,02,27.9,3.5,1983,4,Alcoholic Beverages & Tobacco
1983-05-01,02,24.9,0.0,1983,5,Alcoholic Beverages & Tobacco
1983-06-01,02,24.9,0.0,1983,6,Alcoholic Beverages & Tobacco
1983-07-01,02,24.9,0.0,1983,7,Alcoholic Beverages & Tobacco
1983-08-01,02,24.8,0.4,1983,8,Alcoholic Beverages & Tobacco
1983-09-01,02,24.8,0.0,1983,9,Alcoholic Beverages & Tobacco
1983-10-01,02,24.8,0.0,1983,10,Alcoholic Beverages & Tobacco
1983-11-01,02,5.5,0.0,1983,11,Alcoholic Beverages & Tobacco
1983-12-01,02,4.7,0.0,1983,12,Alcoholic Beverages & Tobacco
1984-01-01,02,4.7,0.4,1984,1,Alcoholic Beverages & Tobacco
1984-02-01,02,4.3,0.0,1984,2,Alcoholic Beverages & Tobacco
1984-03-01,02,4.3,0.0,1984,3,Alcoholic Beverages & Tobacco
1984-04-01,02,1.1,0.4,1984,4,Alcoholic Beverages & Tobacco
1984-05-01,02,4.1,3.0,1984,5,Alcoholic Beverages & Tobacco
1984-06-01,02,4.1,0.0,1984,6,Alcoholic Beverages & Tobacco
1984-07-01,02,4.1,0.0,1984,7,Alcoholic Beverages & Tobacco
1984-08-01,02,3.7,0.0,1984,8,Alcoholic Beverages & Tobacco
1984-09-01,02,3.7,0.0,1984,9,Alcoholic Beverages & Tobacco
1984-10-01,02,3.7,0.0,1984,10,Alcoholic Beverages & Tobacco
1984-11-01,02,3.7,0.0,1984,11,Alcoholic Beverages & Tobacco
1984-12-01,02,3.7,0.0,1984,12,Alcoholic Beverages & Tobacco
1985-01-01,02,3.4,0.0,1985,1,Alcoholic Beverages & Tobacco
1985-02-01,02,3.4,0.0,1985,2,Alcoholic Beverages & Tobacco
1985-03-01,02,3.4,0.0,1985,3,Alcoholic Beverages & Tobacco
1985-04-01,02,3.0,0.0,1985,4,Alcoholic Beverages & Tobacco
1985-05-01,02,0.0,0.0,1985,5,Alcoholic Beverages & Tobacco
1985-06-01,02,0.0,0.0,1985,6,Alcoholic Beverages & Tobacco
1985-07-01,02,0.0,0.0,1985,7,Alcoholic Beverages & Tobacco
1985-08-01,02,0.0,0.0,1985,8,Alcoholic Beverages & Tobacco
1985-09-01,02,0.0,0.0,1985,9,Alcoholic Beverages & Tobacco
1985-10-01,02,0.0,0.0,1985,10,Alcoholic Beverages & Tobacco
1985-11-01,02,0.0,0.0,1985,11,Alcoholic Beverages & Tobacco
1985-12-01,02,0.0,0.0,1985,12,Alcoholic Beverages & Tobacco
1986-01-01,02,0.0,0.0,1986,1,Alcoholic Beverages & Tobacco
1986-02-01,02,0.0,0.0,1986,2,Alcoholic Beverages & Tobacco
1986-03-01,02,0.0,0.0,1986,3,Alcoholic Beverages & Tobacco
1986-04-01,02,0.0,0.0,1986,4,Alcoholic Beverages & Tobacco
1986-05-01,02,0.0,0.0,1986,5,Alcoholic Beverages & Tobacco
1986-06-01,02,0.0,0.0,1986,6,Alcoholic Beverages & Tobacco
1986-07-01,02,0.0,0.0,1986,7,Alcoholic Beverages & Tobacco
1986-08-01,02,0.0,0.0,1986,8,Alcoholic Beverages & Tobacco
1986-09-01,02,0.0,0.0,1986,9,Alcoholic Beverages & Tobacco
1986-10-01,02,0.0,0.0,1986,10,Alcoholic Beverages & Tobacco
1986-11-01,02,7.9,7.9,1986,11,Alcoholic Beverages & Tobacco
1986-12-01,02,8.3,0.3,1986,12,Alcoholic Beverages & Tobacco
1987-01-01,02,8.3,0.0,1987,1,Alcoholic Beverages & Tobacco
1987-02-01,02,8.7,0.3,1987,2,Alcoholic Beverages & Tobacco
1987-03-01,02,8.7,0.0,1987,3,Alcoholic Beverages & Tobacco
1987-04-01,02,8.7,0.0,1987,4,Alcoholic Beverages & Tobacco
1987-05-01,02,8.7,0.0,1987,5,Alcoholic Beverages & Tobacco
1987-06-01,02,8.7,0.0,1987,6,Alcoholic Beverages & Tobacco
1987-07-01,02,8.7,0.0,1987,7,Alcoholic Beverages & Tobacco
1987-08-01,02,8.7,0.0,1987,8,Alcoholic Beverages & Tobacco
1987-09-01,02,8.7,0.0,1987,9,Alcoholic Beverages & Tobacco
1987-10-01,02,8.7,0.0,1987,10,Alcoholic Beverages & Tobacco
1987-11-01,02,1.0,0.3,1987,11,Alcoholic Beverages & Tobacco
1987-12-01,02,0.7,0.0,1987,12,Alcoholic Beverages & Tobacco
1988-01-01,02,0.7,0.0,1988,1,Alcoholic Beverages & Tobacco
1988-02-01,02,0.3,0.0,1988,2,Alcoholic Beverages & Tobacco
1988-03-01,02,0.3,0.0,1988,3,Alcoholic Beverages & Tobacco
1988-04-01,02,0.3,0.0,1988,4,Alcoholic Beverages & Tobacco
1988-05-01,02,0.3,0.0,1988,5,Alcoholic Beverages & Tobacco
1988-06-01,02,0.3,0.0,1988,6,Alcoholic Beverages & Tobacco
1988-07-01,02,0.3,0.0,1988,7,Alcoholic Beverages & Tobacco
1988-08-01,02,4.0,3.6,1988,8,Alcoholic Beverages & Tobacco
1988-09-01,02,4.0,0.0,1988,9,Alcoholic Beverages & Tobacco
1988-10-01,02,2.7,-1.3,1988,10,Alcoholic Beverages & Tobacco
1988-11-01,02,2.3,0.0,1988,11,Alcoholic Beverages & Tobacco
1988-12-01,02,2.3,0.0,1988,12,Alcoholic Beverages & Tobacco
1989-01-01,02,2.6,0.3,1989,1,Alcoholic Beverages & Tobacco
1989-02-01,02,2.6,0.0,1989,2,Alcoholic Beverages & Tobacco
1989-03-01,02,2.6,0.0,1989,3,Alcoholic Beverages & Tobacco
1989-04-01,02,2.6,0.0,1989,4,Alcoholic Beverages & Tobacco
1989-05-01,02,2.6,0.0,1989,5,Alcoholic Beverages & Tobacco
1989-06-01,02,2.6,0.0,1989,6,Alcoholic Beverages & Tobacco
1989-07-01,02,2.6,0.0,1989,7,Alcoholic Beverages & Tobacco
1989-08-01,02,-1.0,0.0,1989,8,Alcoholic Beverages & Tobacco
1989-09-01,02,-1.0,0.0,1989,9,Alcoholic Beverages & Tobacco
1989-10-01,02,0.3,0.0,1989,10,Alcoholic Beverages & Tobacco
1989-11-01,02,0.3,0.0,1989,11,Alcoholic Beverages & Tobacco
1989-12-01,02,0.3,0.0,1989,12,Alcoholic Beverages & Tobacco
1990-01-01,02,0.0,0.0,1990,1,Alcoholic Beverages & Tobacco
1990-02-01,02,0.0,0.0,1990,2,Alcoholic Beverages & Tobacco
1990-03-01,02,0.0,0.0,1990,3,Alcoholic Beverages & Tobacco
1990-04-01,02,3.5,3.5,1990,4,Alcoholic Beverages & Tobacco
1990-05-01,02,3.5,0.0,1990,5,Alcoholic Beverages & Tobacco
1990-06-01,02,3.5,0.0,1990,6,Alcoholic Beverages & Tobacco
1990-07-01,02,3.5,0.0,1990,7,Alcoholic Beverages & Tobacco
1990-08-01,02,3.5,0.0,1990,8,Alcoholic Beverages & Tobacco
1990-09-01,02,3.5,0.0,1990,9,Alcoholic Beverages & Tobacco
1990-10-01,02,3.5,0.0,1990,10,Alcoholic Beverages & Tobacco
1990-11-01,02,4.8,1.2,1990,11,Alcoholic Beverages & Tobacco
1990-12-01,02,9.7,4.6,1990,12,Alcoholic Beverages & Tobacco
1991-01-01,02,10.3,0.6,1991,1,Alcoholic Beverages & Tobacco
1991-02-01,02,10.3,0.0,1991,2,Alcoholic Beverages & Tobacco
1991-03-01,02,10.6,0.3,1991,3,Alcoholic Beverages & Tobacco
1991-04-01,02,7.2,0.3,1991,4,Alcoholic Beverages & Tobacco
1991-05-01,02,7.5,0.3,1991,5,Alcoholic Beverages & Tobacco
1991-06-01,02,7.5,0.0,1991,6,Alcoholic Beverages & Tobacco
1991-07-01,02,7.8,0.3,1991,7,Alcoholic Beverages & Tobacco
1991-08-01,02,7.8,0.0,1991,8,Alcoholic Beverages & Tobacco
1991-09-01,02,7.8,0.0,1991,9,Alcoholic Beverages & Tobacco
1991-10-01,02,7.8,0.0,1991,10,Alcoholic Beverages & Tobacco
1991-11-01,02,7.1,0.6,1991,11,Alcoholic Beverages & Tobacco
1991-12-01,02,2.9,0.6,1991,12,Alcoholic Beverages & Tobacco
1992-01-01,02,2.6,0.3,1992,1,Alcoholic Beverages & Tobacco
1992-02-01,02,2.6,0.0,1992,2,Alcoholic Beverages & Tobacco
1992-03-01,02,2.3,0.0,1992,3,Alcoholic Beverages & Tobacco
1992-04-01,02,2.3,0.3,1992,4,Alcoholic Beverages & Tobacco
1992-05-01,02,8.1,6.0,1992,5,Alcoholic Beverages & Tobacco
1992-06-01,02,8.1,0.0,1992,6,Alcoholic Beverages & Tobacco
1992-07-01,02,7.8,0.0,1992,7,Alcoholic Beverages & Tobacco
1992-08-01,02,7.8,0.0,1992,8,Alcoholic Beverages & Tobacco
1992-09-01,02,7.8,0.0,1992,9,Alcoholic Beverages & Tobacco
1992-10-01,02,7.8,0.0,1992,10,Alcoholic Beverages & Tobacco
1992-11-01,02,22.4,14.2,1992,11,Alcoholic Beverages & Tobacco
1992-12-01,02,22.3,0.5,1992,12,Alcoholic Beverages & Tobacco
1993-01-01,02,22.5,0.5,1993,1,Alcoholic Beverages & Tobacco
1993-02-01,02,22.5,0.0,1993,2,Alcoholic Beverages & Tobacco
1993-03-01,02,22.5,0.0,1993,3,Alcoholic Beverages & Tobacco
1993-04-01,02,22.4,0.2,1993,4,Alcoholic Beverages & Tobacco
1993-05-01,02,15.5,0.0,1993,5,Alcoholic Beverages & Tobacco
1993-06-01,02,15.5,0.0,1993,6,Alcoholic Beverages & Tobacco
1993-07-01,02,15.5,0.0,1993,7,Alcoholic Beverages & Tobacco
1993-08-01,02,15.5,0.0,1993,8,Alcoholic Beverages & Tobacco
1993-09-01,02,15.5,0.0,1993,9,Alcoholic Beverages & Tobacco
1993-10-01,02,15.5,0.0,1993,10,Alcoholic Beverages & Tobacco
1993-11-01,02,1.2,0.0,1993,11,Alcoholic Beverages & Tobacco
1993-12-01,02,0.7,0.0,1993,12,Alcoholic Beverages & Tobacco
1994-01-01,02,4.9,4.6,1994,1,Alcoholic Beverages & Tobacco
1994-02-01,02,4.9,0.0,1994,2,Alcoholic Beverages & Tobacco
1994-03-01,02,4.9,0.0,1994,3,Alcoholic Beverages & Tobacco
1994-04-01,02,4.6,0.0,1994,4,Alcoholic Beverages & Tobacco
1994-05-01,02,4.6,0.0,1994,5,Alcoholic Beverages & Tobacco
1994-06-01,02,4.9,0.2,1994,6,Alcoholic Beverages & Tobacco
1994-07-01,02,4.9,0.0,1994,7,Alcoholic Beverages & Tobacco
1994-08-01,02,5.1,0.2,1994,8,Alcoholic Beverages & Tobacco
1994-09-01,02,4.9,-0.2,1994,9,Alcoholic Beverages & Tobacco
1994-10-01,02,4.9,0.0,1994,10,Alcoholic Beverages & Tobacco
1994-11-01,02,5.1,0.2,1994,11,Alcoholic Beverages & Tobacco
1994-12-01,02,5.1,0.0,1994,12,Alcoholic Beverages & Tobacco
1995-01-01,02,0.9,0.4,1995,1,Alcoholic Beverages & Tobacco
1995-02-01,02,0.9,0.0,1995,2,Alcoholic Beverages & Tobacco
1995-03-01,02,1.1,0.2,1995,3,Alcoholic Beverages & Tobacco
1995-04-01,02,1.1,0.0,1995,4,Alcoholic Beverages & Tobacco
1995-05-01,02,2.9,1.8,1995,5,Alcoholic Beverages & Tobacco
1995-06-01,02,2.9,0.2,1995,6,Alcoholic Beverages & Tobacco
1995-07-01,02,3.1,0.2,1995,7,Alcoholic Beverages & Tobacco
1995-08-01,02,2.9,0.0,1995,8,Alcoholic Beverages & Tobacco
1995-09-01,02,3.3,0.2,1995,9,Alcoholic Beverages & Tobacco
1995-10-01,02,3.3,0.0,1995,10,Alcoholic Beverages & Tobacco
1995-11-01,02,3.1,0.0,1995,11,Alcoholic Beverages & Tobacco
1995-12-01,02,3.1,0.0,1995,12,Alcoholic Beverages & Tobacco
1996-01-01,02,2.6,0.0,1996,1,Alcoholic Beverages & Tobacco
1996-02-01,02,2.4,-0.2,1996,2,Alcoholic Beverages & Tobacco
1996-03-01,02,2.4,0.2,1996,3,Alcoholic Beverages & Tobacco
1996-04-01,02,2.4,0.0,1996,4,Alcoholic Beverages & Tobacco
1996-05-01,02,2.4,1.7,1996,5,Alcoholic Beverages & Tobacco
1996-06-01,02,2.2,0.0,1996,6,Alcoholic Beverages & Tobacco
1996-07-01,02,2.1,0.2,1996,7,Alcoholic Beverages & Tobacco
1996-08-01,02,2.1,0.0,1996,8,Alcoholic Beverages & Tobacco
1996-09-01,02,1.9,0.0,1996,9,Alcoholic Beverages & Tobacco
1996-10-01,02,1.9,0.0,1996,10,Alcoholic Beverages & Tobacco
1996-11-01,02,1.9,0.0,1996,11,Alcoholic Beverages & Tobacco
1996-12-01,02,1.9,0.0,1996,12,Alcoholic Beverages & Tobacco
1997-01-01,02,1.7,-0.2,1997,1,Alcoholic Beverages & Tobacco
1997-02-01,02,1.9,0.0,1997,2,Alcoholic Beverages & Tobacco
1997-03-01,02,1.7,0.0,1997,3,Alcoholic Beverages & Tobacco
1997-04-01,02,1.9,0.2,1997,4,Alcoholic Beverages & Tobacco
1997-05-01,02,0.2,0.0,1997,5,Alcoholic Beverages & Tobacco
1997-06-01,02,0.2,0.0,1997,6,Alcoholic Beverages & Tobacco
1997-07-01,02,0.0,0.0,1997,7,Alcoholic Beverages & Tobacco
1997-08-01,02,1.5,1.5,1997,8,Alcoholic Beverages & Tobacco
1997-09-01,02,1.5,0.0,1997,9,Alcoholic Beverages & Tobacco
1997-10-01,02,1.5,0.0,1997,10,Alcoholic Beverages & Tobacco
1997-11-01,02,1.5,0.0,1997,11,Alcoholic Beverages & Tobacco
1997-12-01,02,1.7,0.2,1997,12,Alcoholic Beverages & Tobacco
1998-01-01,02,1.9,0.0,1998,1,Alcoholic Beverages & Tobacco
1998-02-01,02,2.3,0.4,1998,2,Alcoholic Beverages & Tobacco
1998-03-01,02,2.5,0.2,1998,3,Alcoholic Beverages & Tobacco
1998-04-01,02,2.5,0.2,1998,4,Alcoholic Beverages & Tobacco
1998-05-01,02,2.7,0.2,1998,5,Alcoholic Beverages & Tobacco
1998-06-01,02,3.2,0.4,1998,6,Alcoholic Beverages & Tobacco
1998-07-01,02,3.4,0.2,1998,7,Alcoholic Beverages & Tobacco
1998-08-01,02,1.9,0.0,1998,8,Alcoholic Beverages & Tobacco
1998-09-01,02,5.2,3.3,1998,9,Alcoholic Beverages & Tobacco
1998-10-01,02,5.6,0.4,1998,10,Alcoholic Beverages & Tobacco
1998-11-01,02,10.8,4.9,1998,11,Alcoholic Beverages & Tobacco
1998-12-01,02,10.5,0.0,1998,12,Alcoholic Beverages & Tobacco
1999-01-01,02,10.5,0.0,1999,1,Alcoholic Beverages & Tobacco
1999-02-01,02,10.1,0.0,1999,2,Alcoholic Beverages & Tobacco
1999-03-01,02,10.1,0.2,1999,3,Alcoholic Beverages & Tobacco
1999-04-01,02,9.8,0.0,1999,4,Alcoholic Beverages & Tobacco
1999-05-01,02,9.6,0.0,1999,5,Alcoholic Beverages & Tobacco
1999-06-01,02,9.2,0.0,1999,6,Alcoholic Beverages & Tobacco
1999-07-01,02,8.9,0.0,1999,7,Alcoholic Beverages & Tobacco
1999-08-01,02,9.1,0.2,1999,8,Alcoholic Beverages & Tobacco
1999-09-01,02,7.3,1.5,1999,9,Alcoholic Beverages & Tobacco
1999-10-01,02,7.1,0.2,1999,10,Alcoholic Beverages & Tobacco
1999-11-01,02,2.1,0.0,1999,11,Alcoholic Beverages & Tobacco
1999-12-01,02,2.2,0.2,1999,12,Alcoholic Beverages & Tobacco
2000-01-01,02,2.6,0.4,2000,1,Alcoholic Beverages & Tobacco
2000-02-01,02,2.6,0.0,2000,2,Alcoholic Beverages & Tobacco
2000-03-01,02,2.6,0.2,2000,3,Alcoholic Beverages & Tobacco
2000-04-01,02,2.6,0.0,2000,4,Alcoholic Beverages & Tobacco
2000-05-01,02,2.8,0.2,2000,5,Alcoholic Beverages & Tobacco
2000-06-01,02,2.8,0.0,2000,6,Alcoholic Beverages & Tobacco
2000-07-01,02,2.8,0.0,2000,7,Alcoholic Beverages & Tobacco
2000-08-01,02,2.8,0.2,2000,8,Alcoholic Beverages & Tobacco
2000-09-01,02,1.3,0.0,2000,9,Alcoholic Beverages & Tobacco
2000-10-01,02,1.3,0.2,2000,10,Alcoholic Beverages & Tobacco
2000-11-01,02,5.1,3.8,2000,11,Alcoholic Beverages & Tobacco
2000-12-01,02,4.9,0.0,2000,12,Alcoholic Beverages & Tobacco
2001-01-01,02,4.6,0.0,2001,1,Alcoholic Beverages & Tobacco
2001-02-01,02,4.9,0.3,2001,2,Alcoholic Beverages & Tobacco
2001-03-01,02,4.7,0.0,2001,3,Alcoholic Beverages & Tobacco
2001-04-01,02,4.7,0.0,2001,4,Alcoholic Beverages & Tobacco
2001-05-01,02,4.5,0.0,2001,5,Alcoholic Beverages & Tobacco
2001-06-01,02,4.7,0.2,2001,6,Alcoholic Beverages & Tobacco
2001-07-01,02,4.7,0.0,2001,7,Alcoholic Beverages & Tobacco
2001-08-01,02,4.5,0.0,2001,8,Alcoholic Beverages & Tobacco
2001-09-01,02,4.5,0.0,2001,9,Alcoholic Beverages & Tobacco
2001-10-01,02,4.3,0.0,2001,10,Alcoholic Beverages & Tobacco
2001-11-01,02,5.4,4.9,2001,11,Alcoholic Beverages & Tobacco
2001-12-01,02,5.4,0.0,2001,12,Alcoholic Beverages & Tobacco
2002-01-01,02,5.4,0.0,2002,1,Alcoholic Beverages & Tobacco
2002-02-01,02,5.0,0.0,2002,2,Alcoholic Beverages & Tobacco
2002-03-01,02,5.0,0.0,2002,3,Alcoholic Beverages & Tobacco
2002-04-01,02,5.0,0.0,2002,4,Alcoholic Beverages & Tobacco
2002-05-01,02,5.0,0.0,2002,5,Alcoholic Beverages & Tobacco
2002-06-01,02,4.9,0.0,2002,6,Alcoholic Beverages & Tobacco
2002-07-01,02,4.9,0.0,2002,7,Alcoholic Beverages & Tobacco
2002-08-01,02,4.9,0.0,2002,8,Alcoholic Beverages & Tobacco
2002-09-01,02,4.9,0.0,2002,9,Alcoholic Beverages & Tobacco
2002-10-01,02,4.9,0.0,2002,10,Alcoholic Beverages & Tobacco
2002-11-01,02,0.0,0.0,2002,11,Alcoholic Beverages & Tobacco
2002-12-01,02,0.0,0.0,2002,12,Alcoholic Beverages & Tobacco
2003-01-01,02,-3.0,-3.0,2003,1,Alcoholic Beverages & Tobacco
2003-02-01,02,-3.0,0.0,2003,2,Alcoholic Beverages & Tobacco
2003-03-01,02,-3.1,-0.2,2003,3,Alcoholic Beverages & Tobacco
2003-04-01,02,-3.1,0.0,2003,4,Alcoholic Beverages & Tobacco
2003-05-01,02,-3.1,0.0,2003,5,Alcoholic Beverages & Tobacco
2003-06-01,02,-3.1,0.0,2003,6,Alcoholic Beverages & Tobacco
2003-07-01,02,-3.3,-0.2,2003,7,Alcoholic Beverages & Tobacco
2003-08-01,02,-3.3,0.0,2003,8,Alcoholic Beverages & Tobacco
2003-09-01,02,3.3,6.8,2003,9,Alcoholic Beverages & Tobacco
2003-10-01,02,-8.9,-11.8,2003,10,Alcoholic Beverages & Tobacco
2003-11-01,02,-8.9,0.0,2003,11,Alcoholic Beverages & Tobacco
2003-12-01,02,-8.9,0.0,2003,12,Alcoholic Beverages & Tobacco
2004-01-01,02,5.1,12.0,2004,1,Alcoholic Beverages & Tobacco
2004-02-01,02,5.1,0.0,2004,2,Alcoholic Beverages & Tobacco
2004-03-01,02,5.3,0.0,2004,3,Alcoholic Beverages & Tobacco
2004-04-01,02,5.3,0.0,2004,4,Alcoholic Beverages & Tobacco
2004-05-01,02,5.3,0.0,2004,5,Alcoholic Beverages & Tobacco
2004-06-01,02,5.1,-0.2,2004,6,Alcoholic Beverages & Tobacco
2004-07-01,02,5.5,0.2,2004,7,Alcoholic Beverages & Tobacco
2004-08-01,02,5.5,0.0,2004,8,Alcoholic Beverages & Tobacco
2004-09-01,02,16.3,17.8,2004,9,Alcoholic Beverages & Tobacco
2004-10-01,02,24.5,-5.6,2004,10,Alcoholic Beverages & Tobacco
2004-11-01,02,24.1,-0.3,2004,11,Alcoholic Beverages & Tobacco
2004-12-01,02,24.7,0.4,2004,12,Alcoholic Beverages & Tobacco
2005-01-01,02,16.7,4.8,2005,1,Alcoholic Beverages & Tobacco
2005-02-01,02,16.7,0.0,2005,2,Alcoholic Beverages & Tobacco
2005-03-01,02,16.9,0.1,2005,3,Alcoholic Beverages & Tobacco
2005-04-01,02,16.7,-0.1,2005,4,Alcoholic Beverages & Tobacco
2005-05-01,02,16.9,0.1,2005,5,Alcoholic Beverages & Tobacco
2005-06-01,02,17.2,0.1,2005,6,Alcoholic Beverages & Tobacco
2005-07-01,02,17.2,0.1,2005,7,Alcoholic Beverages & Tobacco
2005-08-01,02,17.2,0.0,2005,8,Alcoholic Beverages & Tobacco
2005-09-01,02,-0.6,0.0,2005,9,Alcoholic Beverages & Tobacco
2005-10-01,02,12.2,6.5,2005,10,Alcoholic Beverages & Tobacco
2005-11-01,02,12.6,0.0,2005,11,Alcoholic Beverages & Tobacco
2005-12-01,02,12.1,0.0,2005,12,Alcoholic Beverages & Tobacco
2006-01-01,02,7.1,0.1,2006,1,Alcoholic Beverages & Tobacco
2006-02-01,02,7.2,0.1,2006,2,Alcoholic Beverages & Tobacco
2006-03-01,02,7.1,0.0,2006,3,Alcoholic Beverages & Tobacco
2006-04-01,02,7.2,0.0,2006,4,Alcoholic Beverages & Tobacco
2006-05-01,02,7.2,0.1,2006,5,Alcoholic Beverages & Tobacco
2006-06-01,02,7.1,0.0,2006,6,Alcoholic Beverages & Tobacco
2006-07-01,02,6.9,0.0,2006,7,Alcoholic Beverages & Tobacco
2006-08-01,02,6.9,0.0,2006,8,Alcoholic Beverages & Tobacco
2006-09-01,02,11.9,4.7,2006,9,Alcoholic Beverages & Tobacco
2006-10-01,02,5.1,0.0,2006,10,Alcoholic Beverages & Tobacco
2006-11-01,02,5.1,0.0,2006,11,Alcoholic Beverages & Tobacco
2006-12-01,02,5.2,0.1,2006,12,Alcoholic Beverages & Tobacco
2007-01-01,02,4.9,-0.1,2007,1,Alcoholic Beverages & Tobacco
2007-02-01,02,4.8,0.0,2007,2,Alcoholic Beverages & Tobacco
2007-03-01,02,4.8,0.0,2007,3,Alcoholic Beverages & Tobacco
2007-04-01,02,4.8,0.0,2007,4,Alcoholic Beverages & Tobacco
2007-05-01,02,4.7,0.0,2007,5,Alcoholic Beverages & Tobacco
2007-06-01,02,4.7,0.0,2007,6,Alcoholic Beverages & Tobacco
2007-07-01,02,13.8,8.8,2007,7,Alcoholic Beverages & Tobacco
2007-08-01,02,14.0,0.1,2007,8,Alcoholic Beverages & Tobacco
2007-09-01,02,8.9,0.0,2007,9,Alcoholic Beverages & Tobacco
2007-10-01,02,8.9,0.0,2007,10,Alcoholic Beverages & Tobacco
2007-11-01,02,8.9,0.0,2007,11,Alcoholic Beverages & Tobacco
2007-12-01,02,8.8,0.0,2007,12,Alcoholic Beverages & Tobacco
2008-01-01,02,9.0,0.1,2008,1,Alcoholic Beverages & Tobacco
2008-02-01,02,9.0,0.0,2008,2,Alcoholic Beverages & Tobacco
2008-03-01,02,9.0,0.0,2008,3,Alcoholic Beverages & Tobacco
2008-04-01,02,9.0,0.0,2008,4,Alcoholic Beverages & Tobacco
2008-05-01,02,9.1,0.1,2008,5,Alcoholic Beverages & Tobacco
2008-06-01,02,9.3,0.1,2008,6,Alcoholic Beverages & Tobacco
2008-07-01,02,0.6,0.1,2008,7,Alcoholic Beverages & Tobacco
2008-08-01,02,0.5,0.0,2008,8,Alcoholic Beverages & Tobacco
2008-09-01,02,8.4,7.9,2008,9,Alcoholic Beverages & Tobacco
2008-10-01,02,8.4,0.0,2008,10,Alcoholic Beverages & Tobacco
2008-11-01,02,8.4,0.0,2008,11,Alcoholic Beverages & Tobacco
2008-12-01,02,8.4,0.0,2008,12,Alcoholic Beverages & Tobacco
2009-01-01,02,8.3,0.0,2009,1,Alcoholic Beverages & Tobacco
2009-02-01,02,8.3,0.0,2009,2,Alcoholic Beverages & Tobacco
2009-03-01,02,8.3,0.0,2009,3,Alcoholic Beverages & Tobacco
2009-04-01,02,8.3,0.0,2009,4,Alcoholic Beverages & Tobacco
2009-05-01,02,8.2,0.0,2009,5,Alcoholic Beverages & Tobacco
2009-06-01,02,8.1,0.1,2009,6,Alcoholic Beverages & Tobacco
2009-07-01,02,8.0,0.0,2009,7,Alcoholic Beverages & Tobacco
2009-08-01,02,8.0,0.0,2009,8,Alcoholic Beverages & Tobacco
2009-09-01,02,0.1,0.0,2009,9,Alcoholic Beverages & Tobacco
2009-10-01,02,2.8,2.7,2009,10,Alcoholic Beverages & Tobacco
2009-11-01,02,2.9,0.1,2009,11,Alcoholic Beverages & Tobacco
2009-12-01,02,2.9,0.0,2009,12,Alcoholic Beverages & Tobacco
2010-01-01,02,2.9,0.0,2010,1,Alcoholic Beverages & Tobacco
2010-02-01,02,2.9,0.0,2010,2,Alcoholic Beverages & Tobacco
2010-03-01,02,3.0,0.1,2010,3,Alcoholic Beverages & Tobacco
2010-04-01,02,3.0,0.0,2010,4,Alcoholic Beverages & Tobacco
2010-05-01,02,3.0,0.0,2010,5,Alcoholic Beverages & Tobacco
2010-06-01,02,3.0,0.1,2010,6,Alcoholic Beverages & Tobacco
2010-07-01,02,3.1,0.1,2010,7,Alcoholic Beverages & Tobacco
2010-08-01,02,3.1,0.0,2010,8,Alcoholic Beverages & Tobacco
2010-09-01,02,3.2,0.1,2010,9,Alcoholic Beverages & Tobacco
2010-10-01,02,6.5,6.0,2010,10,Alcoholic Beverages & Tobacco
2010-11-01,02,6.4,0.0,2010,11,Alcoholic Beverages & Tobacco
2010-12-01,02,6.4,0.0,2010,12,Alcoholic Beverages & Tobacco
2011-01-01,02,6.4,0.0,2011,1,Alcoholic Beverages & Tobacco
2011-02-01,02,6.4,0.0,2011,2,Alcoholic Beverages & Tobacco
2011-03-01,02,6.3,0.0,2011,3,Alcoholic Beverages & Tobacco
2011-04-01,02,6.3,0.0,2011,4,Alcoholic Beverages & Tobacco
2011-05-01,02,6.3,0.0,2011,5,Alcoholic Beverages & Tobacco
2011-06-01,02,6.3,0.1,2011,6,Alcoholic Beverages & Tobacco
2011-07-01,02,6.1,-0.1,2011,7,Alcoholic Beverages & Tobacco
2011-08-01,02,6.1,0.0,2011,8,Alcoholic Beverages & Tobacco
2011-09-01,02,6.0,0.0,2011,9,Alcoholic Beverages & Tobacco
2011-10-01,02,0.0,0.0,2011,10,Alcoholic Beverages & Tobacco
2011-11-01,02,0.0,0.0,2011,11,Alcoholic Beverages & Tobacco
2011-12-01,02,0.0,0.0,2011,12,Alcoholic Beverages & Tobacco
2012-01-01,02,0.0,0.0,2012,1,Alcoholic Beverages & Tobacco
2012-02-01,02,0.0,0.0,2012,2,Alcoholic Beverages & Tobacco
2012-03-01,02,0.0,0.0,2012,3,Alcoholic Beverages & Tobacco
2012-04-01,02,0.0,0.0,2012,4,Alcoholic Beverages & Tobacco
2012-05-01,02,0.1,0.1,2012,5,Alcoholic Beverages & Tobacco
2012-06-01,02,0.0,0.0,2012,6,Alcoholic Beverages & Tobacco
2012-07-01,02,0.1,0.0,2012,7,Alcoholic Beverages & Tobacco
2012-08-01,02,0.2,0.1,2012,8,Alcoholic Beverages & Tobacco
2012-09-01,02,0.3,0.1,2012,9,Alcoholic Beverages & Tobacco
2012-10-01,02,0.3,0.0,2012,10,Alcoholic Beverages & Tobacco
2012-11-01,02,1.9,1.6,2012,11,Alcoholic Beverages & Tobacco
2012-12-01,02,1.9,0.0,2012,12,Alcoholic Beverages & Tobacco
2013-01-01,02,2.0,0.1,2013,1,Alcoholic Beverages & Tobacco
2013-02-01,02,2.0,0.0,2013,2,Alcoholic Beverages & Tobacco
2013-03-01,02,2.0,0.0,2013,3,Alcoholic Beverages & Tobacco
2013-04-01,02,2.0,0.0,2013,4,Alcoholic Beverages & Tobacco
2013-05-01,02,1.9,0.0,2013,5,Alcoholic Beverages & Tobacco
2013-06-01,02,4.2,2.2,2013,6,Alcoholic Beverages & Tobacco
2013-07-01,02,4.2,0.0,2013,7,Alcoholic Beverages & Tobacco
2013-08-01,02,4.1,0.0,2013,8,Alcoholic Beverages & Tobacco
2013-09-01,02,4.5,0.5,2013,9,Alcoholic Beverages & Tobacco
2013-10-01,02,16.0,11.0,2013,10,Alcoholic Beverages & Tobacco
2013-11-01,02,14.2,0.0,2013,11,Alcoholic Beverages & Tobacco
2013-12-01,02,14.1,-0.1,2013,12,Alcoholic Beverages & Tobacco
2014-01-01,02,14.1,0.1,2014,1,Alcoholic Beverages & Tobacco
2014-02-01,02,14.1,0.0,2014,2,Alcoholic Beverages & Tobacco
2014-03-01,02,14.1,0.0,2014,3,Alcoholic Beverages & Tobacco
2014-04-01,02,14.1,0.0,2014,4,Alcoholic Beverages & Tobacco
2014-05-01,02,14.1,0.0,2014,5,Alcoholic Beverages & Tobacco
2014-06-01,02,11.6,0.1,2014,6,Alcoholic Beverages & Tobacco
2014-07-01,02,11.6,0.0,2014,7,Alcoholic Beverages & Tobacco
2014-08-01,02,11.6,0.0,2014,8,Alcoholic Beverages & Tobacco
2014-09-01,02,14.8,3.3,2014,9,Alcoholic Beverages & Tobacco
2014-10-01,02,0.2,-3.1,2014,10,Alcoholic Beverages & Tobacco
2014-11-01,02,10.5,10.3,2014,11,Alcoholic Beverages & Tobacco
2014-12-01,02,10.6,0.0,2014,12,Alcoholic Beverages & Tobacco
2015-01-01,02,10.6,0.1,2015,1,Alcoholic Beverages & Tobacco
2015-02-01,02,10.6,0.0,2015,2,Alcoholic Beverages & Tobacco
2015-03-01,02,10.6,0.0,2015,3,Alcoholic Beverages & Tobacco
2015-04-01,02,13.0,2.2,2015,4,Alcoholic Beverages & Tobacco
2015-05-01,02,11.3,-1.5,2015,5,Alcoholic Beverages & Tobacco
2015-06-01,02,11.3,0.1,2015,6,Alcoholic Beverages & Tobacco
2015-07-01,02,13.3,1.8,2015,7,Alcoholic Beverages & Tobacco
2015-08-01,02,13.4,0.1,2015,8,Alcoholic Beverages & Tobacco
2015-09-01,02,9.8,0.0,2015,9,Alcoholic Beverages & Tobacco
2015-10-01,02,13.3,0.0,2015,10,Alcoholic Beverages & Tobacco
2015-11-01,02,20.7,17.5,2015,11,Alcoholic Beverages & Tobacco
2015-12-01,02,22.8,1.7,2015,12,Alcoholic Beverages & Tobacco
2016-01-01,02,22.6,-0.1,2016,1,Alcoholic Beverages & Tobacco
2016-02-01,02,22.6,0.0,2016,2,Alcoholic Beverages & Tobacco
2016-03-01,02,22.7,0.1,2016,3,Alcoholic Beverages & Tobacco
2016-04-01,02,20.1,0.0,2016,4,Alcoholic Beverages & Tobacco
2016-05-01,02,22.1,0.1,2016,5,Alcoholic Beverages & Tobacco
2016-06-01,02,21.9,0.0,2016,6,Alcoholic Beverages & Tobacco
2016-07-01,02,19.9,0.1,2016,7,Alcoholic Beverages & Tobacco
2016-08-01,02,19.7,-0.1,2016,8,Alcoholic Beverages & Tobacco
2016-09-01,02,19.7,0.0,2016,9,Alcoholic Beverages & Tobacco
2016-10-01,02,19.8,0.1,2016,10,Alcoholic Beverages & Tobacco
2016-11-01,02,1.9,0.0,2016,11,Alcoholic Beverages & Tobacco
2016-12-01,02,0.1,-0.1,2016,12,Alcoholic Beverages & Tobacco
2017-01-01,02,0.2,0.0,2017,1,Alcoholic Beverages & Tobacco
2017-02-01,02,0.2,0.0,2017,2,Alcoholic Beverages & Tobacco
2017-03-01,02,0.2,0.1,2017,3,Alcoholic Beverages & Tobacco
2017-04-01,02,0.2,0.0,2017,4,Alcoholic Beverages & Tobacco
2017-05-01,02,0.2,0.1,2017,5,Alcoholic Beverages & Tobacco
2017-06-01,02,0.1,-0.1,2017,6,Alcoholic Beverages & Tobacco
2017-07-01,02,0.1,0.0,2017,7,Alcoholic Beverages & Tobacco
2017-08-01,02,0.1,0.0,2017,8,Alcoholic Beverages & Tobacco
2017-09-01,02,0.1,0.0,2017,9,Alcoholic Beverages & Tobacco
2017-10-01,02,0.1,0.1,2017,10,Alcoholic Beverages & Tobacco
2017-11-01,02,0.2,0.1,2017,11,Alcoholic Beverages & Tobacco
2017-12-01,02,0.2,-0.1,2017,12,Alcoholic Beverages & Tobacco
2018-01-01,02,0.2,0.0,2018,1,Alcoholic Beverages & Tobacco
2018-02-01,02,0.1,-0.1,2018,2,Alcoholic Beverages & Tobacco
2018-03-01,02,0.1,0.1,2018,3,Alcoholic Beverages & Tobacco
2018-04-01,02,0.2,0.1,2018,4,Alcoholic Beverages & Tobacco
2018-05-01,02,0.1,0.0,2018,5,Alcoholic Beverages & Tobacco
2018-06-01,02,-0.7,-0.8,2018,6,Alcoholic Beverages & Tobacco
2018-07-01,02,-0.8,-0.2,2018,7,Alcoholic Beverages & Tobacco
2018-08-01,02,-1.0,-0.1,2018,8,Alcoholic Beverages & Tobacco
2018-09-01,02,-0.9,0.1,2018,9,Alcoholic Beverages & Tobacco
2018-10-01,02,-0.8,0.2,2018,10,Alcoholic Beverages & Tobacco
2018-11-01,02,1.0,1.9,2018,11,Alcoholic Beverages & Tobacco
2018-12-01,02,1.1,0.1,2018,12,Alcoholic Beverages & Tobacco
2019-01-01,02,1.1,0.0,2019,1,Alcoholic Beverages & Tobacco
2019-02-01,02,1.1,-0.1,2019,2,Alcoholic Beverages & Tobacco
2019-03-01,02,1.1,0.1,2019,3,Alcoholic Beverages & Tobacco
2019-04-01,02,1.2,0.1,2019,4,Alcoholic Beverages & Tobacco
2019-05-01,02,1.3,0.1,2019,5,Alcoholic Beverages & Tobacco
2019-06-01,02,2.1,0.1,2019,6,Alcoholic Beverages & Tobacco
2019-07-01,02,2.3,0.0,2019,7,Alcoholic Beverages & Tobacco
2019-08-01,02,2.5,0.1,2019,8,Alcoholic Beverages & Tobacco
2019-09-01,02,2.4,-0.1,2019,9,Alcoholic Beverages & Tobacco
2019-10-01,02,2.2,0.0,2019,10,Alcoholic Beverages & Tobacco
2019-11-01,02,0.4,0.1,2019,11,Alcoholic Beverages & Tobacco
2019-12-01,02,0.2,-0.1,2019,12,Alcoholic Beverages & Tobacco
2020-01-01,02,0.1,-0.1,2020,1,Alcoholic Beverages & Tobacco
2020-02-01,02,0.2,0.1,2020,2,Alcoholic Beverages & Tobacco
2020-03-01,02,0.3,0.1,2020,3,Alcoholic Beverages & Tobacco
2020-04-01,02,0.2,0.0,2020,4,Alcoholic Beverages & Tobacco
2020-05-01,02,0.2,0.1,2020,5,Alcoholic Beverages & Tobacco
2020-06-01,02,0.2,0.1,2020,6,Alcoholic Beverages & Tobacco
2020-07-01,02,0.3,0.1,2020,7,Alcoholic Beverages & Tobacco
2020-08-01,02,0.3,0.1,2020,8,Alcoholic Beverages & Tobacco
2020-09-01,02,0.5,0.1,2020,9,Alcoholic Beverages & Tobacco
2020-10-01,02,0.5,0.0,2020,10,Alcoholic Beverages & Tobacco
2020-11-01,02,0.5,0.1,2020,11,Alcoholic Beverages & Tobacco
2020-12-01,02,0.6,0.0,2020,12,Alcoholic Beverages & Tobacco
2021-01-01,02,0.7,0.1,2021,1,Alcoholic Beverages & Tobacco
2021-02-01,02,0.7,0.0,2021,2,Alcoholic Beverages & Tobacco
2021-03-01,02,0.6,0.1,2021,3,Alcoholic Beverages & Tobacco
2021-04-01,02,0.7,0.1,2021,4,Alcoholic Beverages & Tobacco
2021-05-01,02,0.7,0.1,2021,5,Alcoholic Beverages & Tobacco
2021-06-01,02,0.7,0.1,2021,6,Alcoholic Beverages & Tobacco
2021-07-01,02,0.5,-0.1,2021,7,Alcoholic Beverages & Tobacco
2021-08-01,02,0.4,0.0,2021,8,Alcoholic Beverages & Tobacco
2021-09-01,02,0.4,0.1,2021,9,Alcoholic Beverages & Tobacco
2021-10-01,02,0.3,-0.1,2021,10,Alcoholic Beverages & Tobacco
2021-11-01,02,0.3,0.1,2021,11,Alcoholic Beverages & Tobacco
2021-12-01,02,0.3,0.0,2021,12,Alcoholic Beverages & Tobacco
2022-01-01,02,0.4,0.1,2022,1,Alcoholic Beverages & Tobacco
2022-02-01,02,0.4,0.0,2022,2,Alcoholic Beverages & Tobacco
2022-03-01,02,0.5,0.2,2022,3,Alcoholic Beverages & Tobacco
2022-04-01,02,0.5,0.1,2022,4,Alcoholic Beverages & Tobacco
2022-05-01,02,0.4,0.0,2022,5,Alcoholic Beverages & Tobacco
2022-06-01,02,0.4,0.1,2022,6,Alcoholic Beverages & Tobacco
2022-07-01,02,0.6,0.1,2022,7,Alcoholic Beverages & Tobacco
2022-08-01,02,0.7,0.1,2022,8,Alcoholic Beverages & Tobacco
2022-09-01,02,0.7,0.1,2022,9,Alcoholic Beverages & Tobacco
2022-10-01,02,0.8,0.1,2022,10,Alcoholic Beverages & Tobacco
2022-11-01,02,0.8,0.1,2022,11,Alcoholic Beverages & Tobacco
2022-12-01,02,0.7,-0.1,2022,12,Alcoholic Beverages & Tobacco
2023-01-01,02,0.8,0.2,2023,1,Alcoholic Beverages & Tobacco
2023-02-01,02,0.8,0.0,2023,2,Alcoholic Beverages & Tobacco
2023-03-01,02,0.6,0.1,2023,3,Alcoholic Beverages & Tobacco
2023-04-01,02,0.6,0.1,2023,4,Alcoholic Beverages & Tobacco
2023-05-01,02,0.7,0.1,2023,5,Alcoholic Beverages & Tobacco
2023-06-01,02,0.6,0.0,2023,6,Alcoholic Beverages & Tobacco
2023-07-01,02,0.5,0.0,2023,7,Alcoholic Beverages & Tobacco
2023-08-01,02,0.5,0.0,2023,8,Alcoholic Beverages & Tobacco
2023-09-01,02,0.7,0.4,2023,9,Alcoholic Beverages & Tobacco
2023-10-01,02,0.6,0.0,2023,10,Alcoholic Beverages & Tobacco
2023-11-01,02,0.6,0.1,2023,11,Alcoholic Beverages & Tobacco
2023-12-01,02,0.6,-0.1,2023,12,Alcoholic Beverages & Tobacco
2024-01-01,02,0.4,-0.1,2024,1,Alcoholic Beverages & Tobacco
2024-02-01,02,0.4,0.0,2024,2,Alcoholic Beverages & Tobacco
2024-03-01,02,0.5,0.2,2024,3,Alcoholic Beverages & Tobacco
2024-04-01,02,0.5,0.1,2024,4,Alcoholic Beverages & Tobacco
2024-05-01,02,0.6,0.2,2024,5,Alcoholic Beverages & Tobacco
2024-06-01,02,0.7,0.1,2024,6,Alcoholic Beverages & Tobacco
2024-07-01,02,0.9,0.2,2024,7,Alcoholic Beverages & Tobacco
2024-08-01,02,1.1,0.2,2024,8,Alcoholic Beverages & Tobacco
2024-09-01,02,0.8,0.1,2024,9,Alcoholic Beverages & Tobacco
2024-10-01,02,0.8,0.1,2024,10,Alcoholic Beverages & Tobacco
2024-11-01,02,0.8,0.0,2024,11,Alcoholic Beverages & Tobacco
2024-12-01,02,0.8,-0.1,2024,12,Alcoholic Beverages & Tobacco
2025-01-01,02,0.9,0.1,2025,1,Alcoholic Beverages & Tobacco
2025-02-01,02,0.9,0.0,2025,2,Alcoholic Beverages & Tobacco
2025-03-01,02,0.8,0.0,2025,3,Alcoholic Beverages & Tobacco
2025-04-01,02,0.8,0.1,2025,4,Alcoholic Beverages & Tobacco
2025-05-01,02,0.6,0.1,2025,5,Alcoholic Beverages & Tobacco
2025-06-01,02,0.6,0.0,2025,6,Alcoholic Beverages & Tobacco
2025-07-01,02,0.6,0.2,2025,7,Alcoholic Beverages & Tobacco
2025-08-01,02,0.4,0.0,2025,8,Alcoholic Beverages & Tobacco
2025-09-01,02,0.3,0.0,2025,9,Alcoholic Beverages & Tobacco
2025-10-01,02,0.3,0.0,2025,10,Alcoholic Beverages & Tobacco
2025-11-01,02,2.4,2.1,2025,11,Alcoholic Beverages & Tobacco
2025-12-01,02,2.5,0.1,2025,12,Alcoholic Beverages & Tobacco
2026-01-01,02,2.5,0.1,2026,1,Alcoholic Beverages & Tobacco
2026-02-01,02,2.6,0.1,2026,2,Alcoholic Beverages & Tobacco
2026-03-01,02,2.7,0.1,2026,3,Alcoholic Beverages & Tobacco
2026-04-01,02,2.8,0.2,2026,4,Alcoholic Beverages & Tobacco
1980-02-01,03,,0.1,1980,2,Clothing & Footwear
1980-03-01,03,,0.8,1980,3,Clothing & Footwear
1980-04-01,03,,0.1,1980,4,Clothing & Footwear
1980-05-01,03,,0.7,1980,5,Clothing & Footwear
1980-06-01,03,,0.5,1980,6,Clothing & Footwear
1980-07-01,03,,0.2,1980,7,Clothing & Footwear
1980-08-01,03,,1.0,1980,8,Clothing & Footwear
1980-09-01,03,,0.6,1980,9,Clothing & Footwear
1980-10-01,03,,0.2,1980,10,Clothing & Footwear
1980-11-01,03,,1.0,1980,11,Clothing & Footwear
1980-12-01,03,,1.0,1980,12,Clothing & Footwear
1981-01-01,03,8.5,1.9,1981,1,Clothing & Footwear
1981-02-01,03,9.4,1.0,1981,2,Clothing & Footwear
1981-03-01,03,9.7,1.1,1981,3,Clothing & Footwear
1981-04-01,03,9.7,0.1,1981,4,Clothing & Footwear
1981-05-01,03,9.5,0.5,1981,5,Clothing & Footwear
1981-06-01,03,9.6,0.5,1981,6,Clothing & Footwear
1981-07-01,03,9.8,0.4,1981,7,Clothing & Footwear
1981-08-01,03,9.0,0.3,1981,8,Clothing & Footwear
1981-09-01,03,8.6,0.2,1981,9,Clothing & Footwear
1981-10-01,03,8.9,0.5,1981,10,Clothing & Footwear
1981-11-01,03,8.1,0.2,1981,11,Clothing & Footwear
1981-12-01,03,7.0,0.0,1981,12,Clothing & Footwear
1982-01-01,03,5.7,0.6,1982,1,Clothing & Footwear
1982-02-01,03,5.2,0.5,1982,2,Clothing & Footwear
1982-03-01,03,4.1,0.0,1982,3,Clothing & Footwear
1982-04-01,03,4.0,0.1,1982,4,Clothing & Footwear
1982-05-01,03,3.8,0.3,1982,5,Clothing & Footwear
1982-06-01,03,3.7,0.4,1982,6,Clothing & Footwear
1982-07-01,03,3.6,0.3,1982,7,Clothing & Footwear
1982-08-01,03,3.3,0.1,1982,8,Clothing & Footwear
1982-09-01,03,3.1,0.0,1982,9,Clothing & Footwear
1982-10-01,03,3.0,0.4,1982,10,Clothing & Footwear
1982-11-01,03,3.4,0.6,1982,11,Clothing & Footwear
1982-12-01,03,3.9,0.5,1982,12,Clothing & Footwear
1983-01-01,03,3.8,0.5,1983,1,Clothing & Footwear
1983-02-01,03,3.6,0.3,1983,2,Clothing & Footwear
1983-03-01,03,3.7,0.1,1983,3,Clothing & Footwear
1983-04-01,03,3.8,0.2,1983,4,Clothing & Footwear
1983-05-01,03,3.8,0.3,1983,5,Clothing & Footwear
1983-06-01,03,3.7,0.3,1983,6,Clothing & Footwear
1983-07-01,03,3.4,0.1,1983,7,Clothing & Footwear
1983-08-01,03,3.6,0.3,1983,8,Clothing & Footwear
1983-09-01,03,3.6,0.0,1983,9,Clothing & Footwear
1983-10-01,03,3.5,0.3,1983,10,Clothing & Footwear
1983-11-01,03,3.1,0.2,1983,11,Clothing & Footwear
1983-12-01,03,2.6,0.0,1983,12,Clothing & Footwear
1984-01-01,03,2.1,0.0,1984,1,Clothing & Footwear
1984-02-01,03,2.0,0.2,1984,2,Clothing & Footwear
1984-03-01,03,2.0,0.1,1984,3,Clothing & Footwear
1984-04-01,03,2.1,0.3,1984,4,Clothing & Footwear
1984-05-01,03,1.8,0.0,1984,5,Clothing & Footwear
1984-06-01,03,1.6,0.1,1984,6,Clothing & Footwear
1984-07-01,03,1.9,0.4,1984,7,Clothing & Footwear
1984-08-01,03,1.8,0.2,1984,8,Clothing & Footwear
1984-09-01,03,1.8,0.0,1984,9,Clothing & Footwear
1984-10-01,03,1.5,0.0,1984,10,Clothing & Footwear
1984-11-01,03,1.2,-0.1,1984,11,Clothing & Footwear
1984-12-01,03,1.4,0.2,1984,12,Clothing & Footwear
1985-01-01,03,1.4,0.0,1985,1,Clothing & Footwear
1985-02-01,03,1.2,0.0,1985,2,Clothing & Footwear
1985-03-01,03,1.2,0.1,1985,3,Clothing & Footwear
1985-04-01,03,1.0,0.1,1985,4,Clothing & Footwear
1985-05-01,03,1.2,0.2,1985,5,Clothing & Footwear
1985-06-01,03,1.3,0.2,1985,6,Clothing & Footwear
1985-07-01,03,1.2,0.4,1985,7,Clothing & Footwear
1985-08-01,03,1.1,0.0,1985,8,Clothing & Footwear
1985-09-01,03,1.1,0.0,1985,9,Clothing & Footwear
1985-10-01,03,1.1,0.0,1985,10,Clothing & Footwear
1985-11-01,03,1.2,0.0,1985,11,Clothing & Footwear
1985-12-01,03,1.0,0.0,1985,12,Clothing & Footwear
1986-01-01,03,1.0,0.0,1986,1,Clothing & Footwear
1986-02-01,03,0.9,-0.1,1986,2,Clothing & Footwear
1986-03-01,03,0.9,0.1,1986,3,Clothing & Footwear
1986-04-01,03,0.7,-0.1,1986,4,Clothing & Footwear
1986-05-01,03,0.6,0.1,1986,5,Clothing & Footwear
1986-06-01,03,0.5,0.1,1986,6,Clothing & Footwear
1986-07-01,03,0.2,0.1,1986,7,Clothing & Footwear
1986-08-01,03,0.2,0.0,1986,8,Clothing & Footwear
1986-09-01,03,0.2,0.0,1986,9,Clothing & Footwear
1986-10-01,03,0.2,0.0,1986,10,Clothing & Footwear
1986-11-01,03,0.2,0.0,1986,11,Clothing & Footwear
1986-12-01,03,0.2,0.0,1986,12,Clothing & Footwear
1987-01-01,03,0.1,-0.1,1987,1,Clothing & Footwear
1987-02-01,03,0.3,0.1,1987,2,Clothing & Footwear
1987-03-01,03,0.3,0.1,1987,3,Clothing & Footwear
1987-04-01,03,0.5,0.1,1987,4,Clothing & Footwear
1987-05-01,03,0.4,0.0,1987,5,Clothing & Footwear
1987-06-01,03,0.4,0.1,1987,6,Clothing & Footwear
1987-07-01,03,0.4,0.1,1987,7,Clothing & Footwear
1987-08-01,03,0.5,0.1,1987,8,Clothing & Footwear
1987-09-01,03,0.5,0.0,1987,9,Clothing & Footwear
1987-10-01,03,0.8,0.3,1987,10,Clothing & Footwear
1987-11-01,03,0.8,0.0,1987,11,Clothing & Footwear
1987-12-01,03,0.9,0.1,1987,12,Clothing & Footwear
1988-01-01,03,1.5,0.6,1988,1,Clothing & Footwear
1988-02-01,03,1.7,0.3,1988,2,Clothing & Footwear
1988-03-01,03,1.8,0.2,1988,3,Clothing & Footwear
1988-04-01,03,1.9,0.2,1988,4,Clothing & Footwear
1988-05-01,03,1.9,0.0,1988,5,Clothing & Footwear
1988-06-01,03,1.9,0.1,1988,6,Clothing & Footwear
1988-07-01,03,2.1,0.3,1988,7,Clothing & Footwear
1988-08-01,03,2.4,0.4,1988,8,Clothing & Footwear
1988-09-01,03,2.5,0.2,1988,9,Clothing & Footwear
1988-10-01,03,2.4,0.1,1988,10,Clothing & Footwear
1988-11-01,03,2.6,0.3,1988,11,Clothing & Footwear
1988-12-01,03,2.5,0.0,1988,12,Clothing & Footwear
1989-01-01,03,2.3,0.4,1989,1,Clothing & Footwear
1989-02-01,03,2.1,0.1,1989,2,Clothing & Footwear
1989-03-01,03,2.0,0.0,1989,3,Clothing & Footwear
1989-04-01,03,1.8,0.0,1989,4,Clothing & Footwear
1989-05-01,03,1.9,0.1,1989,5,Clothing & Footwear
1989-06-01,03,1.8,0.0,1989,6,Clothing & Footwear
1989-07-01,03,1.9,0.4,1989,7,Clothing & Footwear
1989-08-01,03,1.7,0.2,1989,8,Clothing & Footwear
1989-09-01,03,1.5,0.0,1989,9,Clothing & Footwear
1989-10-01,03,1.5,0.1,1989,10,Clothing & Footwear
1989-11-01,03,1.2,0.0,1989,11,Clothing & Footwear
1989-12-01,03,1.2,0.0,1989,12,Clothing & Footwear
1990-01-01,03,1.7,0.9,1990,1,Clothing & Footwear
1990-02-01,03,2.1,0.4,1990,2,Clothing & Footwear
1990-03-01,03,2.6,0.4,1990,3,Clothing & Footwear
1990-04-01,03,1.6,-0.9,1990,4,Clothing & Footwear
1990-05-01,03,1.5,0.0,1990,5,Clothing & Footwear
1990-06-01,03,1.8,0.3,1990,6,Clothing & Footwear
1990-07-01,03,1.5,0.1,1990,7,Clothing & Footwear
1990-08-01,03,1.1,-0.3,1990,8,Clothing & Footwear
1990-09-01,03,1.1,0.0,1990,9,Clothing & Footwear
1990-10-01,03,1.3,0.3,1990,10,Clothing & Footwear
1990-11-01,03,1.7,0.4,1990,11,Clothing & Footwear
1990-12-01,03,2.3,0.5,1990,12,Clothing & Footwear
1991-01-01,03,1.7,0.4,1991,1,Clothing & Footwear
1991-02-01,03,3.3,2.0,1991,2,Clothing & Footwear
1991-03-01,03,3.1,0.3,1991,3,Clothing & Footwear
1991-04-01,03,7.4,3.2,1991,4,Clothing & Footwear
1991-05-01,03,7.5,0.1,1991,5,Clothing & Footwear
1991-06-01,03,7.3,0.1,1991,6,Clothing & Footwear
1991-07-01,03,7.3,0.2,1991,7,Clothing & Footwear
1991-08-01,03,7.6,0.0,1991,8,Clothing & Footwear
1991-09-01,03,7.7,0.1,1991,9,Clothing & Footwear
1991-10-01,03,7.9,0.4,1991,10,Clothing & Footwear
1991-11-01,03,7.3,-0.1,1991,11,Clothing & Footwear
1991-12-01,03,6.8,0.1,1991,12,Clothing & Footwear
1992-01-01,03,6.8,0.3,1992,1,Clothing & Footwear
1992-02-01,03,5.0,0.3,1992,2,Clothing & Footwear
1992-03-01,03,5.0,0.2,1992,3,Clothing & Footwear
1992-04-01,03,2.0,0.2,1992,4,Clothing & Footwear
1992-05-01,03,2.3,0.3,1992,5,Clothing & Footwear
1992-06-01,03,2.1,-0.1,1992,6,Clothing & Footwear
1992-07-01,03,2.7,0.7,1992,7,Clothing & Footwear
1992-08-01,03,2.7,0.0,1992,8,Clothing & Footwear
1992-09-01,03,2.4,-0.2,1992,9,Clothing & Footwear
1992-10-01,03,1.7,-0.2,1992,10,Clothing & Footwear
1992-11-01,03,1.7,-0.1,1992,11,Clothing & Footwear
1992-12-01,03,1.7,0.0,1992,12,Clothing & Footwear
1993-01-01,03,1.8,0.5,1993,1,Clothing & Footwear
1993-02-01,03,1.5,0.0,1993,2,Clothing & Footwear
1993-03-01,03,0.8,-0.4,1993,3,Clothing & Footwear
1993-04-01,03,1.0,0.4,1993,4,Clothing & Footwear
1993-05-01,03,0.7,0.1,1993,5,Clothing & Footwear
1993-06-01,03,0.3,-0.5,1993,6,Clothing & Footwear
1993-07-01,03,0.2,0.7,1993,7,Clothing & Footwear
1993-08-01,03,-0.2,-0.5,1993,8,Clothing & Footwear
1993-09-01,03,0.2,0.3,1993,9,Clothing & Footwear
1993-10-01,03,0.5,0.0,1993,10,Clothing & Footwear
1993-11-01,03,-0.5,-1.1,1993,11,Clothing & Footwear
1993-12-01,03,-0.2,0.2,1993,12,Clothing & Footwear
1994-01-01,03,-0.6,0.1,1994,1,Clothing & Footwear
1994-02-01,03,-0.8,-0.2,1994,2,Clothing & Footwear
1994-03-01,03,-0.6,-0.2,1994,3,Clothing & Footwear
1994-04-01,03,-0.5,0.5,1994,4,Clothing & Footwear
1994-05-01,03,-0.8,-0.2,1994,5,Clothing & Footwear
1994-06-01,03,-0.9,-0.6,1994,6,Clothing & Footwear
1994-07-01,03,-0.8,0.7,1994,7,Clothing & Footwear
1994-08-01,03,-1.0,-0.7,1994,8,Clothing & Footwear
1994-09-01,03,-1.1,0.2,1994,9,Clothing & Footwear
1994-10-01,03,-1.5,-0.5,1994,10,Clothing & Footwear
1994-11-01,03,-0.2,0.2,1994,11,Clothing & Footwear
1994-12-01,03,-0.4,0.1,1994,12,Clothing & Footwear
1995-01-01,03,-0.1,0.4,1995,1,Clothing & Footwear
1995-02-01,03,0.2,0.1,1995,2,Clothing & Footwear
1995-03-01,03,0.4,0.1,1995,3,Clothing & Footwear
1995-04-01,03,-0.2,-0.1,1995,4,Clothing & Footwear
1995-05-01,03,-0.2,-0.3,1995,5,Clothing & Footwear
1995-06-01,03,0.3,0.0,1995,6,Clothing & Footwear
1995-07-01,03,0.0,0.4,1995,7,Clothing & Footwear
1995-08-01,03,0.1,-0.6,1995,8,Clothing & Footwear
1995-09-01,03,0.0,0.2,1995,9,Clothing & Footwear
1995-10-01,03,-0.4,-0.9,1995,10,Clothing & Footwear
1995-11-01,03,-0.2,0.5,1995,11,Clothing & Footwear
1995-12-01,03,-0.2,0.1,1995,12,Clothing & Footwear
1996-01-01,03,-0.3,0.2,1996,1,Clothing & Footwear
1996-02-01,03,-1.4,-1.0,1996,2,Clothing & Footwear
1996-03-01,03,-0.6,0.9,1996,3,Clothing & Footwear
1996-04-01,03,-0.7,-0.2,1996,4,Clothing & Footwear
1996-05-01,03,-0.3,0.1,1996,5,Clothing & Footwear
1996-06-01,03,-0.4,-0.1,1996,6,Clothing & Footwear
1996-07-01,03,-0.7,0.1,1996,7,Clothing & Footwear
1996-08-01,03,-0.7,-0.5,1996,8,Clothing & Footwear
1996-09-01,03,-0.8,0.0,1996,9,Clothing & Footwear
1996-10-01,03,-1.2,-1.2,1996,10,Clothing & Footwear
1996-11-01,03,-0.1,1.6,1996,11,Clothing & Footwear
1996-12-01,03,-1.0,-0.8,1996,12,Clothing & Footwear
1997-01-01,03,-0.9,0.3,1997,1,Clothing & Footwear
1997-02-01,03,0.3,0.2,1997,2,Clothing & Footwear
1997-03-01,03,-0.8,-0.2,1997,3,Clothing & Footwear
1997-04-01,03,-0.7,-0.2,1997,4,Clothing & Footwear
1997-05-01,03,-1.1,-0.2,1997,5,Clothing & Footwear
1997-06-01,03,-0.6,0.4,1997,6,Clothing & Footwear
1997-07-01,03,-0.6,0.1,1997,7,Clothing & Footwear
1997-08-01,03,-0.1,0.0,1997,8,Clothing & Footwear
1997-09-01,03,-0.6,-0.5,1997,9,Clothing & Footwear
1997-10-01,03,-0.4,-1.1,1997,10,Clothing & Footwear
1997-11-01,03,-0.5,1.5,1997,11,Clothing & Footwear
1997-12-01,03,-0.4,-0.7,1997,12,Clothing & Footwear
1998-01-01,03,-0.2,0.6,1998,1,Clothing & Footwear
1998-02-01,03,0.6,1.0,1998,2,Clothing & Footwear
1998-03-01,03,0.7,-0.1,1998,3,Clothing & Footwear
1998-04-01,03,1.3,0.4,1998,4,Clothing & Footwear
1998-05-01,03,0.7,-0.9,1998,5,Clothing & Footwear
1998-06-01,03,1.2,0.9,1998,6,Clothing & Footwear
1998-07-01,03,0.7,-0.4,1998,7,Clothing & Footwear
1998-08-01,03,0.8,0.2,1998,8,Clothing & Footwear
1998-09-01,03,0.2,-1.1,1998,9,Clothing & Footwear
1998-10-01,03,0.8,-0.6,1998,10,Clothing & Footwear
1998-11-01,03,-0.5,0.3,1998,11,Clothing & Footwear
1998-12-01,03,-0.1,-0.3,1998,12,Clothing & Footwear
1999-01-01,03,-1.3,-0.7,1999,1,Clothing & Footwear
1999-02-01,03,-2.5,-0.3,1999,2,Clothing & Footwear
1999-03-01,03,-1.3,1.2,1999,3,Clothing & Footwear
1999-04-01,03,-2.5,-0.7,1999,4,Clothing & Footwear
1999-05-01,03,-1.7,-0.2,1999,5,Clothing & Footwear
1999-06-01,03,-2.6,0.0,1999,6,Clothing & Footwear
1999-07-01,03,-2.5,-0.3,1999,7,Clothing & Footwear
1999-08-01,03,-2.6,0.1,1999,8,Clothing & Footwear
1999-09-01,03,-1.8,-0.3,1999,9,Clothing & Footwear
1999-10-01,03,-1.8,-0.5,1999,10,Clothing & Footwear
1999-11-01,03,-2.0,0.0,1999,11,Clothing & Footwear
1999-12-01,03,-2.2,-0.5,1999,12,Clothing & Footwear
2000-01-01,03,-1.3,0.2,2000,1,Clothing & Footwear
2000-02-01,03,-0.6,0.5,2000,2,Clothing & Footwear
2000-03-01,03,-2.5,-0.8,2000,3,Clothing & Footwear
2000-04-01,03,-1.5,0.3,2000,4,Clothing & Footwear
2000-05-01,03,-1.6,-0.3,2000,5,Clothing & Footwear
2000-06-01,03,-1.8,-0.2,2000,6,Clothing & Footwear
2000-07-01,03,-1.3,0.1,2000,7,Clothing & Footwear
2000-08-01,03,-2.7,-1.3,2000,8,Clothing & Footwear
2000-09-01,03,-1.4,1.0,2000,9,Clothing & Footwear
2000-10-01,03,-1.9,-0.9,2000,10,Clothing & Footwear
2000-11-01,03,-2.0,-0.1,2000,11,Clothing & Footwear
2000-12-01,03,-2.4,-1.0,2000,12,Clothing & Footwear
2001-01-01,03,-2.5,0.1,2001,1,Clothing & Footwear
2001-02-01,03,-2.2,0.8,2001,2,Clothing & Footwear
2001-03-01,03,-3.0,-1.6,2001,3,Clothing & Footwear
2001-04-01,03,-2.2,1.1,2001,4,Clothing & Footwear
2001-05-01,03,-2.3,-0.3,2001,5,Clothing & Footwear
2001-06-01,03,-2.5,-0.3,2001,6,Clothing & Footwear
2001-07-01,03,-2.4,0.2,2001,7,Clothing & Footwear
2001-08-01,03,-2.5,-1.4,2001,8,Clothing & Footwear
2001-09-01,03,-3.5,0.0,2001,9,Clothing & Footwear
2001-10-01,03,-2.4,0.2,2001,10,Clothing & Footwear
2001-11-01,03,-2.7,-0.4,2001,11,Clothing & Footwear
2001-12-01,03,-2.8,-1.1,2001,12,Clothing & Footwear
2002-01-01,03,-2.0,0.9,2002,1,Clothing & Footwear
2002-02-01,03,-2.6,0.2,2002,2,Clothing & Footwear
2002-03-01,03,-2.0,-1.0,2002,3,Clothing & Footwear
2002-04-01,03,-2.6,0.4,2002,4,Clothing & Footwear
2002-05-01,03,-2.5,-0.3,2002,5,Clothing & Footwear
2002-06-01,03,-2.4,-0.2,2002,6,Clothing & Footwear
2002-07-01,03,-2.7,-0.2,2002,7,Clothing & Footwear
2002-08-01,03,-2.5,-1.2,2002,8,Clothing & Footwear
2002-09-01,03,-1.9,0.6,2002,9,Clothing & Footwear
2002-10-01,03,-2.4,-0.4,2002,10,Clothing & Footwear
2002-11-01,03,-1.8,0.3,2002,11,Clothing & Footwear
2002-12-01,03,-1.6,-0.9,2002,12,Clothing & Footwear
2003-01-01,03,-3.8,-1.4,2003,1,Clothing & Footwear
2003-02-01,03,-3.0,1.0,2003,2,Clothing & Footwear
2003-03-01,03,-2.2,-0.1,2003,3,Clothing & Footwear
2003-04-01,03,-2.7,-0.1,2003,4,Clothing & Footwear
2003-05-01,03,-2.3,0.1,2003,5,Clothing & Footwear
2003-06-01,03,-1.5,0.6,2003,6,Clothing & Footwear
2003-07-01,03,-2.1,-0.7,2003,7,Clothing & Footwear
2003-08-01,03,-0.1,0.8,2003,8,Clothing & Footwear
2003-09-01,03,-2.0,-1.3,2003,9,Clothing & Footwear
2003-10-01,03,-1.4,0.3,2003,10,Clothing & Footwear
2003-11-01,03,-2.8,-1.2,2003,11,Clothing & Footwear
2003-12-01,03,-0.5,1.4,2003,12,Clothing & Footwear
2004-01-01,03,-1.3,-2.1,2004,1,Clothing & Footwear
2004-02-01,03,-0.9,1.4,2004,2,Clothing & Footwear
2004-03-01,03,-1.9,-1.1,2004,3,Clothing & Footwear
2004-04-01,03,-1.5,0.4,2004,4,Clothing & Footwear
2004-05-01,03,-2.3,-0.7,2004,5,Clothing & Footwear
2004-06-01,03,-2.2,0.8,2004,6,Clothing & Footwear
2004-07-01,03,-1.8,-0.4,2004,7,Clothing & Footwear
2004-08-01,03,-2.9,-0.3,2004,8,Clothing & Footwear
2004-09-01,03,-1.7,0.0,2004,9,Clothing & Footwear
2004-10-01,03,-2.1,-0.2,2004,10,Clothing & Footwear
2004-11-01,03,-1.4,-0.5,2004,11,Clothing & Footwear
2004-12-01,03,-2.0,0.8,2004,12,Clothing & Footwear
2005-01-01,03,0.1,0.0,2005,1,Clothing & Footwear
2005-02-01,03,-1.5,-0.2,2005,2,Clothing & Footwear
2005-03-01,03,-0.9,-0.6,2005,3,Clothing & Footwear
2005-04-01,03,-0.8,0.5,2005,4,Clothing & Footwear
2005-05-01,03,-0.3,-0.2,2005,5,Clothing & Footwear
2005-06-01,03,-1.5,-0.5,2005,6,Clothing & Footwear
2005-07-01,03,-0.7,0.5,2005,7,Clothing & Footwear
2005-08-01,03,-2.1,-1.7,2005,8,Clothing & Footwear
2005-09-01,03,-0.6,1.5,2005,9,Clothing & Footwear
2005-10-01,03,-1.3,-0.9,2005,10,Clothing & Footwear
2005-11-01,03,-0.2,0.7,2005,11,Clothing & Footwear
2005-12-01,03,-1.8,-0.9,2005,12,Clothing & Footwear
2006-01-01,03,-2.1,-0.3,2006,1,Clothing & Footwear
2006-02-01,03,-0.8,1.1,2006,2,Clothing & Footwear
2006-03-01,03,-1.5,-1.2,2006,3,Clothing & Footwear
2006-04-01,03,-0.9,1.1,2006,4,Clothing & Footwear
2006-05-01,03,-0.9,-0.2,2006,5,Clothing & Footwear
2006-06-01,03,-1.1,-0.7,2006,6,Clothing & Footwear
2006-07-01,03,-1.0,0.6,2006,7,Clothing & Footwear
2006-08-01,03,-0.8,-1.4,2006,8,Clothing & Footwear
2006-09-01,03,-1.3,1.0,2006,9,Clothing & Footwear
2006-10-01,03,-1.8,-1.4,2006,10,Clothing & Footwear
2006-11-01,03,-1.4,1.1,2006,11,Clothing & Footwear
2006-12-01,03,-1.9,-1.3,2006,12,Clothing & Footwear
2007-01-01,03,-0.5,1.2,2007,1,Clothing & Footwear
2007-02-01,03,-2.7,-1.2,2007,2,Clothing & Footwear
2007-03-01,03,-1.1,0.4,2007,3,Clothing & Footwear
2007-04-01,03,-2.0,0.1,2007,4,Clothing & Footwear
2007-05-01,03,-1.7,0.1,2007,5,Clothing & Footwear
2007-06-01,03,-1.1,0.0,2007,6,Clothing & Footwear
2007-07-01,03,-2.2,-0.6,2007,7,Clothing & Footwear
2007-08-01,03,-1.2,-0.4,2007,8,Clothing & Footwear
2007-09-01,03,-1.2,0.9,2007,9,Clothing & Footwear
2007-10-01,03,-0.8,-1.0,2007,10,Clothing & Footwear
2007-11-01,03,-1.2,0.7,2007,11,Clothing & Footwear
2007-12-01,03,-0.7,-0.9,2007,12,Clothing & Footwear
2008-01-01,03,-1.4,0.4,2008,1,Clothing & Footwear
2008-02-01,03,0.2,0.5,2008,2,Clothing & Footwear
2008-03-01,03,-1.0,-0.8,2008,3,Clothing & Footwear
2008-04-01,03,-0.5,0.6,2008,4,Clothing & Footwear
2008-05-01,03,-0.7,-0.1,2008,5,Clothing & Footwear
2008-06-01,03,-0.6,0.1,2008,6,Clothing & Footwear
2008-07-01,03,-0.4,-0.4,2008,7,Clothing & Footwear
2008-08-01,03,-0.4,-0.4,2008,8,Clothing & Footwear
2008-09-01,03,-1.5,-0.2,2008,9,Clothing & Footwear
2008-10-01,03,0.1,0.6,2008,10,Clothing & Footwear
2008-11-01,03,-0.6,0.0,2008,11,Clothing & Footwear
2008-12-01,03,-0.5,-0.8,2008,12,Clothing & Footwear
2009-01-01,03,-0.8,0.1,2009,1,Clothing & Footwear
2009-02-01,03,-0.7,0.6,2009,2,Clothing & Footwear
2009-03-01,03,-0.6,-0.7,2009,3,Clothing & Footwear
2009-04-01,03,-0.6,0.6,2009,4,Clothing & Footwear
2009-05-01,03,-0.7,-0.2,2009,5,Clothing & Footwear
2009-06-01,03,-1.1,-0.3,2009,6,Clothing & Footwear
2009-07-01,03,-0.9,-0.2,2009,7,Clothing & Footwear
2009-08-01,03,-0.8,-0.3,2009,8,Clothing & Footwear
2009-09-01,03,-1.0,-0.4,2009,9,Clothing & Footwear
2009-10-01,03,-1.6,0.0,2009,10,Clothing & Footwear
2009-11-01,03,-1.1,0.5,2009,11,Clothing & Footwear
2009-12-01,03,-1.3,-1.0,2009,12,Clothing & Footwear
2010-01-01,03,-0.4,1.0,2010,1,Clothing & Footwear
2010-02-01,03,-2.1,-1.1,2010,2,Clothing & Footwear
2010-03-01,03,-1.5,-0.1,2010,3,Clothing & Footwear
2010-04-01,03,-1.6,0.5,2010,4,Clothing & Footwear
2010-05-01,03,-1.6,-0.2,2010,5,Clothing & Footwear
2010-06-01,03,-2.1,-0.8,2010,6,Clothing & Footwear
2010-07-01,03,-1.3,0.6,2010,7,Clothing & Footwear
2010-08-01,03,-1.9,-0.9,2010,8,Clothing & Footwear
2010-09-01,03,-0.3,1.2,2010,9,Clothing & Footwear
2010-10-01,03,-0.5,-0.2,2010,10,Clothing & Footwear
2010-11-01,03,-1.4,-0.4,2010,11,Clothing & Footwear
2010-12-01,03,-1.4,-1.0,2010,12,Clothing & Footwear
2011-01-01,03,-1.3,1.1,2011,1,Clothing & Footwear
2011-02-01,03,0.0,0.2,2011,2,Clothing & Footwear
2011-03-01,03,-0.2,-0.3,2011,3,Clothing & Footwear
2011-04-01,03,-0.7,0.0,2011,4,Clothing & Footwear
2011-05-01,03,-0.5,0.0,2011,5,Clothing & Footwear
2011-06-01,03,0.3,0.0,2011,6,Clothing & Footwear
2011-07-01,03,-0.5,-0.2,2011,7,Clothing & Footwear
2011-08-01,03,0.1,-0.3,2011,8,Clothing & Footwear
2011-09-01,03,-0.6,0.5,2011,9,Clothing & Footwear
2011-10-01,03,-0.5,-0.1,2011,10,Clothing & Footwear
2011-11-01,03,0.1,0.2,2011,11,Clothing & Footwear
2011-12-01,03,0.8,-0.3,2011,12,Clothing & Footwear
2012-01-01,03,-0.5,-0.2,2012,1,Clothing & Footwear
2012-02-01,03,-0.3,0.4,2012,2,Clothing & Footwear
2012-03-01,03,-0.4,-0.4,2012,3,Clothing & Footwear
2012-04-01,03,-0.3,0.1,2012,4,Clothing & Footwear
2012-05-01,03,-0.3,0.0,2012,5,Clothing & Footwear
2012-06-01,03,-0.6,-0.3,2012,6,Clothing & Footwear
2012-07-01,03,-0.5,-0.1,2012,7,Clothing & Footwear
2012-08-01,03,-0.6,-0.4,2012,8,Clothing & Footwear
2012-09-01,03,-0.7,0.4,2012,9,Clothing & Footwear
2012-10-01,03,-0.7,-0.1,2012,10,Clothing & Footwear
2012-11-01,03,-0.9,0.0,2012,11,Clothing & Footwear
2012-12-01,03,-1.0,-0.4,2012,12,Clothing & Footwear
2013-01-01,03,-0.5,0.3,2013,1,Clothing & Footwear
2013-02-01,03,-1.2,-0.3,2013,2,Clothing & Footwear
2013-03-01,03,-0.5,0.3,2013,3,Clothing & Footwear
2013-04-01,03,-0.7,-0.1,2013,4,Clothing & Footwear
2013-05-01,03,-0.7,0.0,2013,5,Clothing & Footwear
2013-06-01,03,-0.6,-0.2,2013,6,Clothing & Footwear
2013-07-01,03,-0.8,-0.3,2013,7,Clothing & Footwear
2013-08-01,03,-0.4,0.0,2013,8,Clothing & Footwear
2013-09-01,03,-0.5,0.3,2013,9,Clothing & Footwear
2013-10-01,03,-0.4,0.0,2013,10,Clothing & Footwear
2013-11-01,03,-0.3,0.1,2013,11,Clothing & Footwear
2013-12-01,03,-0.3,-0.4,2013,12,Clothing & Footwear
2014-01-01,03,-0.2,0.4,2014,1,Clothing & Footwear
2014-02-01,03,0.2,0.1,2014,2,Clothing & Footwear
2014-03-01,03,-0.1,0.0,2014,3,Clothing & Footwear
2014-04-01,03,-0.1,-0.1,2014,4,Clothing & Footwear
2014-05-01,03,-0.2,-0.1,2014,5,Clothing & Footwear
2014-06-01,03,-0.1,-0.1,2014,6,Clothing & Footwear
2014-07-01,03,-0.2,-0.4,2014,7,Clothing & Footwear
2014-08-01,03,-0.2,0.0,2014,8,Clothing & Footwear
2014-09-01,03,-0.3,0.2,2014,9,Clothing & Footwear
2014-10-01,03,-0.4,-0.1,2014,10,Clothing & Footwear
2014-11-01,03,-0.4,0.1,2014,11,Clothing & Footwear
2014-12-01,03,-0.3,-0.3,2014,12,Clothing & Footwear
2015-01-01,03,-0.1,0.6,2015,1,Clothing & Footwear
2015-02-01,03,-0.6,-0.4,2015,2,Clothing & Footwear
2015-03-01,03,-0.2,0.4,2015,3,Clothing & Footwear
2015-04-01,03,0.7,0.8,2015,4,Clothing & Footwear
2015-05-01,03,0.9,0.1,2015,5,Clothing & Footwear
2015-06-01,03,0.7,-0.3,2015,6,Clothing & Footwear
2015-07-01,03,0.9,-0.2,2015,7,Clothing & Footwear
2015-08-01,03,0.7,-0.2,2015,8,Clothing & Footwear
2015-09-01,03,0.7,0.2,2015,9,Clothing & Footwear
2015-10-01,03,0.7,-0.1,2015,10,Clothing & Footwear
2015-11-01,03,0.6,0.0,2015,11,Clothing & Footwear
2015-12-01,03,0.8,-0.1,2015,12,Clothing & Footwear
2016-01-01,03,0.4,0.2,2016,1,Clothing & Footwear
2016-02-01,03,0.5,-0.3,2016,2,Clothing & Footwear
2016-03-01,03,0.0,-0.1,2016,3,Clothing & Footwear
2016-04-01,03,-0.7,0.1,2016,4,Clothing & Footwear
2016-05-01,03,-0.9,-0.1,2016,5,Clothing & Footwear
2016-06-01,03,-0.6,0.0,2016,6,Clothing & Footwear
2016-07-01,03,-0.6,-0.2,2016,7,Clothing & Footwear
2016-08-01,03,-0.6,-0.2,2016,8,Clothing & Footwear
2016-09-01,03,-0.6,0.2,2016,9,Clothing & Footwear
2016-10-01,03,-0.5,0.0,2016,10,Clothing & Footwear
2016-11-01,03,-0.5,0.0,2016,11,Clothing & Footwear
2016-12-01,03,-0.5,-0.1,2016,12,Clothing & Footwear
2017-01-01,03,-0.7,0.0,2017,1,Clothing & Footwear
2017-02-01,03,-0.2,0.2,2017,2,Clothing & Footwear
2017-03-01,03,-0.2,-0.1,2017,3,Clothing & Footwear
2017-04-01,03,-0.1,0.2,2017,4,Clothing & Footwear
2017-05-01,03,-0.2,-0.2,2017,5,Clothing & Footwear
2017-06-01,03,-0.4,-0.2,2017,6,Clothing & Footwear
2017-07-01,03,-0.4,-0.2,2017,7,Clothing & Footwear
2017-08-01,03,-0.3,-0.1,2017,8,Clothing & Footwear
2017-09-01,03,-0.3,0.2,2017,9,Clothing & Footwear
2017-10-01,03,-0.4,-0.1,2017,10,Clothing & Footwear
2017-11-01,03,-0.5,-0.1,2017,11,Clothing & Footwear
2017-12-01,03,-0.5,-0.1,2017,12,Clothing & Footwear
2018-01-01,03,-0.3,0.2,2018,1,Clothing & Footwear
2018-02-01,03,-0.7,-0.2,2018,2,Clothing & Footwear
2018-03-01,03,-0.7,-0.1,2018,3,Clothing & Footwear
2018-04-01,03,-0.8,0.1,2018,4,Clothing & Footwear
2018-05-01,03,-0.7,-0.1,2018,5,Clothing & Footwear
2018-06-01,03,-3.1,-2.6,2018,6,Clothing & Footwear
2018-07-01,03,-3.0,-0.1,2018,7,Clothing & Footwear
2018-08-01,03,-2.9,0.0,2018,8,Clothing & Footwear
2018-09-01,03,-3.2,-0.1,2018,9,Clothing & Footwear
2018-10-01,03,-3.1,0.0,2018,10,Clothing & Footwear
2018-11-01,03,-3.1,-0.1,2018,11,Clothing & Footwear
2018-12-01,03,-3.2,-0.2,2018,12,Clothing & Footwear
2019-01-01,03,-3.3,0.1,2019,1,Clothing & Footwear
2019-02-01,03,-3.2,-0.1,2019,2,Clothing & Footwear
2019-03-01,03,-3.0,0.1,2019,3,Clothing & Footwear
2019-04-01,03,-3.2,-0.1,2019,4,Clothing & Footwear
2019-05-01,03,-3.2,-0.1,2019,5,Clothing & Footwear
2019-06-01,03,-0.7,-0.1,2019,6,Clothing & Footwear
2019-07-01,03,-1.1,-0.4,2019,7,Clothing & Footwear
2019-08-01,03,-1.1,0.0,2019,8,Clothing & Footwear
2019-09-01,03,-0.9,0.0,2019,9,Clothing & Footwear
2019-10-01,03,-1.3,-0.3,2019,10,Clothing & Footwear
2019-11-01,03,-1.1,0.1,2019,11,Clothing & Footwear
2019-12-01,03,-1.0,-0.1,2019,12,Clothing & Footwear
2020-01-01,03,-1.2,-0.1,2020,1,Clothing & Footwear
2020-02-01,03,-1.1,0.0,2020,2,Clothing & Footwear
2020-03-01,03,-1.3,-0.1,2020,3,Clothing & Footwear
2020-04-01,03,-1.2,0.0,2020,4,Clothing & Footwear
2020-05-01,03,-1.1,0.0,2020,5,Clothing & Footwear
2020-06-01,03,-1.1,-0.1,2020,6,Clothing & Footwear
2020-07-01,03,-0.6,0.0,2020,7,Clothing & Footwear
2020-08-01,03,-0.6,0.0,2020,8,Clothing & Footwear
2020-09-01,03,-0.6,0.0,2020,9,Clothing & Footwear
2020-10-01,03,-0.4,-0.1,2020,10,Clothing & Footwear
2020-11-01,03,-0.5,0.0,2020,11,Clothing & Footwear
2020-12-01,03,-0.4,0.0,2020,12,Clothing & Footwear
2021-01-01,03,-0.4,-0.1,2021,1,Clothing & Footwear
2021-02-01,03,-0.4,0.0,2021,2,Clothing & Footwear
2021-03-01,03,-0.3,0.0,2021,3,Clothing & Footwear
2021-04-01,03,-0.4,-0.1,2021,4,Clothing & Footwear
2021-05-01,03,-0.5,-0.1,2021,5,Clothing & Footwear
2021-06-01,03,-0.4,0.0,2021,6,Clothing & Footwear
2021-07-01,03,-0.4,0.0,2021,7,Clothing & Footwear
2021-08-01,03,-0.4,0.0,2021,8,Clothing & Footwear
2021-09-01,03,-0.5,-0.1,2021,9,Clothing & Footwear
2021-10-01,03,-0.4,0.0,2021,10,Clothing & Footwear
2021-11-01,03,-0.4,0.0,2021,11,Clothing & Footwear
2021-12-01,03,-0.4,0.0,2021,12,Clothing & Footwear
2022-01-01,03,-0.3,0.0,2022,1,Clothing & Footwear
2022-02-01,03,-0.2,0.1,2022,2,Clothing & Footwear
2022-03-01,03,-0.3,-0.1,2022,3,Clothing & Footwear
2022-04-01,03,-0.2,0.0,2022,4,Clothing & Footwear
2022-05-01,03,0.0,0.1,2022,5,Clothing & Footwear
2022-06-01,03,0.2,0.2,2022,6,Clothing & Footwear
2022-07-01,03,0.3,0.1,2022,7,Clothing & Footwear
2022-08-01,03,0.3,0.0,2022,8,Clothing & Footwear
2022-09-01,03,0.4,0.0,2022,9,Clothing & Footwear
2022-10-01,03,0.4,0.0,2022,10,Clothing & Footwear
2022-11-01,03,0.4,0.0,2022,11,Clothing & Footwear
2022-12-01,03,0.4,0.0,2022,12,Clothing & Footwear
2023-01-01,03,0.5,0.1,2023,1,Clothing & Footwear
2023-02-01,03,0.4,0.0,2023,2,Clothing & Footwear
2023-03-01,03,0.5,0.0,2023,3,Clothing & Footwear
2023-04-01,03,0.5,0.0,2023,4,Clothing & Footwear
2023-05-01,03,0.4,0.0,2023,5,Clothing & Footwear
2023-06-01,03,0.1,-0.1,2023,6,Clothing & Footwear
2023-07-01,03,0.1,0.1,2023,7,Clothing & Footwear
2023-08-01,03,0.0,-0.1,2023,8,Clothing & Footwear
2023-09-01,03,0.1,0.1,2023,9,Clothing & Footwear
2023-10-01,03,0.0,-0.1,2023,10,Clothing & Footwear
2023-11-01,03,0.0,0.0,2023,11,Clothing & Footwear
2023-12-01,03,0.0,0.0,2023,12,Clothing & Footwear
2024-01-01,03,-0.2,-0.1,2024,1,Clothing & Footwear
2024-02-01,03,-0.2,0.0,2024,2,Clothing & Footwear
2024-03-01,03,-0.2,0.0,2024,3,Clothing & Footwear
2024-04-01,03,-0.3,-0.1,2024,4,Clothing & Footwear
2024-05-01,03,-0.2,0.1,2024,5,Clothing & Footwear
2024-06-01,03,-0.1,0.0,2024,6,Clothing & Footwear
2024-07-01,03,-0.2,0.0,2024,7,Clothing & Footwear
2024-08-01,03,-0.2,-0.1,2024,8,Clothing & Footwear
2024-09-01,03,-0.3,0.0,2024,9,Clothing & Footwear
2024-10-01,03,-0.2,0.0,2024,10,Clothing & Footwear
2024-11-01,03,-0.3,-0.1,2024,11,Clothing & Footwear
2024-12-01,03,-0.5,-0.2,2024,12,Clothing & Footwear
2025-01-01,03,-0.3,0.1,2025,1,Clothing & Footwear
2025-02-01,03,-0.2,0.1,2025,2,Clothing & Footwear
2025-03-01,03,-0.2,0.0,2025,3,Clothing & Footwear
2025-04-01,03,-0.1,0.0,2025,4,Clothing & Footwear
2025-05-01,03,-0.2,0.0,2025,5,Clothing & Footwear
2025-06-01,03,-0.3,-0.1,2025,6,Clothing & Footwear
2025-07-01,03,-0.2,0.1,2025,7,Clothing & Footwear
2025-08-01,03,-0.1,0.0,2025,8,Clothing & Footwear
2025-09-01,03,-0.2,-0.1,2025,9,Clothing & Footwear
2025-10-01,03,-0.3,-0.1,2025,10,Clothing & Footwear
2025-11-01,03,-0.1,0.1,2025,11,Clothing & Footwear
2025-12-01,03,0.1,0.0,2025,12,Clothing & Footwear
2026-01-01,03,0.0,0.0,2026,1,Clothing & Footwear
2026-02-01,03,0.0,0.1,2026,2,Clothing & Footwear
2026-03-01,03,-0.1,-0.1,2026,3,Clothing & Footwear
2026-04-01,03,-0.1,0.0,2026,4,Clothing & Footwear
1980-02-01,04,,0.4,1980,2,"Housing, Water, Electricity & Gas"
1980-03-01,04,,0.0,1980,3,"Housing, Water, Electricity & Gas"
1980-04-01,04,,0.0,1980,4,"Housing, Water, Electricity & Gas"
1980-05-01,04,,1.5,1980,5,"Housing, Water, Electricity & Gas"
1980-06-01,04,,2.3,1980,6,"Housing, Water, Electricity & Gas"
1980-07-01,04,,0.2,1980,7,"Housing, Water, Electricity & Gas"
1980-08-01,04,,0.4,1980,8,"Housing, Water, Electricity & Gas"
1980-09-01,04,,0.4,1980,9,"Housing, Water, Electricity & Gas"
1980-10-01,04,,0.2,1980,10,"Housing, Water, Electricity & Gas"
1980-11-01,04,,0.2,1980,11,"Housing, Water, Electricity & Gas"
1980-12-01,04,,0.2,1980,12,"Housing, Water, Electricity & Gas"
1981-01-01,04,10.4,4.2,1981,1,"Housing, Water, Electricity & Gas"
1981-02-01,04,9.9,0.0,1981,2,"Housing, Water, Electricity & Gas"
1981-03-01,04,9.9,0.0,1981,3,"Housing, Water, Electricity & Gas"
1981-04-01,04,9.9,0.0,1981,4,"Housing, Water, Electricity & Gas"
1981-05-01,04,9.3,1.0,1981,5,"Housing, Water, Electricity & Gas"
1981-06-01,04,7.7,0.8,1981,6,"Housing, Water, Electricity & Gas"
1981-07-01,04,10.7,3.0,1981,7,"Housing, Water, Electricity & Gas"
1981-08-01,04,10.3,0.0,1981,8,"Housing, Water, Electricity & Gas"
1981-09-01,04,9.8,0.0,1981,9,"Housing, Water, Electricity & Gas"
1981-10-01,04,9.6,0.0,1981,10,"Housing, Water, Electricity & Gas"
1981-11-01,04,9.4,0.0,1981,11,"Housing, Water, Electricity & Gas"
1981-12-01,04,9.2,0.0,1981,12,"Housing, Water, Electricity & Gas"
1982-01-01,04,7.9,2.9,1982,1,"Housing, Water, Electricity & Gas"
1982-02-01,04,7.9,0.0,1982,2,"Housing, Water, Electricity & Gas"
1982-03-01,04,7.9,0.0,1982,3,"Housing, Water, Electricity & Gas"
1982-04-01,04,7.9,0.0,1982,4,"Housing, Water, Electricity & Gas"
1982-05-01,04,6.8,0.0,1982,5,"Housing, Water, Electricity & Gas"
1982-06-01,04,6.8,0.7,1982,6,"Housing, Water, Electricity & Gas"
1982-07-01,04,5.9,2.1,1982,7,"Housing, Water, Electricity & Gas"
1982-08-01,04,5.7,-0.2,1982,8,"Housing, Water, Electricity & Gas"
1982-09-01,04,5.7,0.0,1982,9,"Housing, Water, Electricity & Gas"
1982-10-01,04,5.9,0.2,1982,10,"Housing, Water, Electricity & Gas"
1982-11-01,04,5.9,0.0,1982,11,"Housing, Water, Electricity & Gas"
1982-12-01,04,5.9,0.0,1982,12,"Housing, Water, Electricity & Gas"
1983-01-01,04,5.7,2.8,1983,1,"Housing, Water, Electricity & Gas"
1983-02-01,04,5.9,0.2,1983,2,"Housing, Water, Electricity & Gas"
1983-03-01,04,6.2,0.3,1983,3,"Housing, Water, Electricity & Gas"
1983-04-01,04,6.2,0.0,1983,4,"Housing, Water, Electricity & Gas"
1983-05-01,04,6.2,0.0,1983,5,"Housing, Water, Electricity & Gas"
1983-06-01,04,5.5,0.0,1983,6,"Housing, Water, Electricity & Gas"
1983-07-01,04,7.1,3.7,1983,7,"Housing, Water, Electricity & Gas"
1983-08-01,04,7.3,0.0,1983,8,"Housing, Water, Electricity & Gas"
1983-09-01,04,7.3,0.0,1983,9,"Housing, Water, Electricity & Gas"
1983-10-01,04,7.3,0.2,1983,10,"Housing, Water, Electricity & Gas"
1983-11-01,04,7.4,0.2,1983,11,"Housing, Water, Electricity & Gas"
1983-12-01,04,7.4,0.0,1983,12,"Housing, Water, Electricity & Gas"
1984-01-01,04,7.7,3.1,1984,1,"Housing, Water, Electricity & Gas"
1984-02-01,04,7.7,0.2,1984,2,"Housing, Water, Electricity & Gas"
1984-03-01,04,7.7,0.3,1984,3,"Housing, Water, Electricity & Gas"
1984-04-01,04,7.7,0.0,1984,4,"Housing, Water, Electricity & Gas"
1984-05-01,04,7.7,0.0,1984,5,"Housing, Water, Electricity & Gas"
1984-06-01,04,7.7,0.0,1984,6,"Housing, Water, Electricity & Gas"
1984-07-01,04,6.3,2.3,1984,7,"Housing, Water, Electricity & Gas"
1984-08-01,04,6.3,0.0,1984,8,"Housing, Water, Electricity & Gas"
1984-09-01,04,6.3,0.0,1984,9,"Housing, Water, Electricity & Gas"
1984-10-01,04,6.1,0.0,1984,10,"Housing, Water, Electricity & Gas"
1984-11-01,04,5.9,0.0,1984,11,"Housing, Water, Electricity & Gas"
1984-12-01,04,5.9,0.0,1984,12,"Housing, Water, Electricity & Gas"
1985-01-01,04,4.4,1.5,1985,1,"Housing, Water, Electricity & Gas"
1985-02-01,04,4.2,0.0,1985,2,"Housing, Water, Electricity & Gas"
1985-03-01,04,3.9,0.0,1985,3,"Housing, Water, Electricity & Gas"
1985-04-01,04,3.9,0.0,1985,4,"Housing, Water, Electricity & Gas"
1985-05-01,04,3.9,0.0,1985,5,"Housing, Water, Electricity & Gas"
1985-06-01,04,4.0,0.1,1985,6,"Housing, Water, Electricity & Gas"
1985-07-01,04,4.1,2.4,1985,7,"Housing, Water, Electricity & Gas"
1985-08-01,04,3.9,-0.1,1985,8,"Housing, Water, Electricity & Gas"
1985-09-01,04,3.9,0.0,1985,9,"Housing, Water, Electricity & Gas"
1985-10-01,04,3.9,0.0,1985,10,"Housing, Water, Electricity & Gas"
1985-11-01,04,3.9,0.0,1985,11,"Housing, Water, Electricity & Gas"
1985-12-01,04,3.9,0.0,1985,12,"Housing, Water, Electricity & Gas"
1986-01-01,04,2.4,0.0,1986,1,"Housing, Water, Electricity & Gas"
1986-02-01,04,2.4,0.0,1986,2,"Housing, Water, Electricity & Gas"
1986-03-01,04,2.1,-0.3,1986,3,"Housing, Water, Electricity & Gas"
1986-04-01,04,1.9,-0.1,1986,4,"Housing, Water, Electricity & Gas"
1986-05-01,04,1.9,0.0,1986,5,"Housing, Water, Electricity & Gas"
1986-06-01,04,1.6,-0.1,1986,6,"Housing, Water, Electricity & Gas"
1986-07-01,04,-0.3,0.4,1986,7,"Housing, Water, Electricity & Gas"
1986-08-01,04,-0.1,0.0,1986,8,"Housing, Water, Electricity & Gas"
1986-09-01,04,-0.1,0.0,1986,9,"Housing, Water, Electricity & Gas"
1986-10-01,04,-0.1,0.0,1986,10,"Housing, Water, Electricity & Gas"
1986-11-01,04,-0.3,-0.1,1986,11,"Housing, Water, Electricity & Gas"
1986-12-01,04,-0.3,0.0,1986,12,"Housing, Water, Electricity & Gas"
1987-01-01,04,-0.3,0.0,1987,1,"Housing, Water, Electricity & Gas"
1987-02-01,04,-0.3,0.0,1987,2,"Housing, Water, Electricity & Gas"
1987-03-01,04,0.0,0.0,1987,3,"Housing, Water, Electricity & Gas"
1987-04-01,04,0.1,0.0,1987,4,"Housing, Water, Electricity & Gas"
1987-05-01,04,0.1,0.0,1987,5,"Housing, Water, Electricity & Gas"
1987-06-01,04,0.3,0.0,1987,6,"Housing, Water, Electricity & Gas"
1987-07-01,04,-1.3,-1.2,1987,7,"Housing, Water, Electricity & Gas"
1987-08-01,04,-1.3,0.0,1987,8,"Housing, Water, Electricity & Gas"
1987-09-01,04,-1.3,0.0,1987,9,"Housing, Water, Electricity & Gas"
1987-10-01,04,-1.3,0.0,1987,10,"Housing, Water, Electricity & Gas"
1987-11-01,04,-1.2,0.0,1987,11,"Housing, Water, Electricity & Gas"
1987-12-01,04,-1.2,0.0,1987,12,"Housing, Water, Electricity & Gas"
1988-01-01,04,-2.0,-0.9,1988,1,"Housing, Water, Electricity & Gas"
1988-02-01,04,-2.0,0.0,1988,2,"Housing, Water, Electricity & Gas"
1988-03-01,04,-1.9,0.1,1988,3,"Housing, Water, Electricity & Gas"
1988-04-01,04,-2.0,-0.1,1988,4,"Housing, Water, Electricity & Gas"
1988-05-01,04,-2.0,0.0,1988,5,"Housing, Water, Electricity & Gas"
1988-06-01,04,-2.8,-0.7,1988,6,"Housing, Water, Electricity & Gas"
1988-07-01,04,-1.6,0.0,1988,7,"Housing, Water, Electricity & Gas"
1988-08-01,04,-1.6,0.0,1988,8,"Housing, Water, Electricity & Gas"
1988-09-01,04,-2.1,-0.5,1988,9,"Housing, Water, Electricity & Gas"
1988-10-01,04,-2.1,0.0,1988,10,"Housing, Water, Electricity & Gas"
1988-11-01,04,-2.1,0.0,1988,11,"Housing, Water, Electricity & Gas"
1988-12-01,04,-2.4,-0.3,1988,12,"Housing, Water, Electricity & Gas"
1989-01-01,04,-1.3,0.2,1989,1,"Housing, Water, Electricity & Gas"
1989-02-01,04,-1.2,0.2,1989,2,"Housing, Water, Electricity & Gas"
1989-03-01,04,-1.2,0.2,1989,3,"Housing, Water, Electricity & Gas"
1989-04-01,04,-1.0,0.0,1989,4,"Housing, Water, Electricity & Gas"
1989-05-01,04,-1.0,0.0,1989,5,"Housing, Water, Electricity & Gas"
1989-06-01,04,-0.8,-0.5,1989,6,"Housing, Water, Electricity & Gas"
1989-07-01,04,-0.8,0.0,1989,7,"Housing, Water, Electricity & Gas"
1989-08-01,04,-0.8,0.0,1989,8,"Housing, Water, Electricity & Gas"
1989-09-01,04,-0.3,0.0,1989,9,"Housing, Water, Electricity & Gas"
1989-10-01,04,-0.3,0.0,1989,10,"Housing, Water, Electricity & Gas"
1989-11-01,04,-0.3,0.0,1989,11,"Housing, Water, Electricity & Gas"
1989-12-01,04,-0.2,-0.2,1989,12,"Housing, Water, Electricity & Gas"
1990-01-01,04,-0.2,0.2,1990,1,"Housing, Water, Electricity & Gas"
1990-02-01,04,-0.3,0.0,1990,2,"Housing, Water, Electricity & Gas"
1990-03-01,04,-0.3,0.2,1990,3,"Housing, Water, Electricity & Gas"
1990-04-01,04,-0.2,0.2,1990,4,"Housing, Water, Electricity & Gas"
1990-05-01,04,-0.2,0.0,1990,5,"Housing, Water, Electricity & Gas"
1990-06-01,04,0.5,0.2,1990,6,"Housing, Water, Electricity & Gas"
1990-07-01,04,0.5,0.0,1990,7,"Housing, Water, Electricity & Gas"
1990-08-01,04,0.6,0.2,1990,8,"Housing, Water, Electricity & Gas"
1990-09-01,04,0.5,-0.2,1990,9,"Housing, Water, Electricity & Gas"
1990-10-01,04,0.8,0.3,1990,10,"Housing, Water, Electricity & Gas"
1990-11-01,04,1.2,0.5,1990,11,"Housing, Water, Electricity & Gas"
1990-12-01,04,1.4,0.0,1990,12,"Housing, Water, Electricity & Gas"
1991-01-01,04,1.7,0.4,1991,1,"Housing, Water, Electricity & Gas"
1991-02-01,04,2.9,1.2,1991,2,"Housing, Water, Electricity & Gas"
1991-03-01,04,2.7,0.0,1991,3,"Housing, Water, Electricity & Gas"
1991-04-01,04,2.4,-0.1,1991,4,"Housing, Water, Electricity & Gas"
1991-05-01,04,3.2,0.7,1991,5,"Housing, Water, Electricity & Gas"
1991-06-01,04,2.9,-0.1,1991,6,"Housing, Water, Electricity & Gas"
1991-07-01,04,3.0,0.1,1991,7,"Housing, Water, Electricity & Gas"
1991-08-01,04,3.5,0.6,1991,8,"Housing, Water, Electricity & Gas"
1991-09-01,04,3.6,0.0,1991,9,"Housing, Water, Electricity & Gas"
1991-10-01,04,3.3,0.0,1991,10,"Housing, Water, Electricity & Gas"
1991-11-01,04,3.6,0.7,1991,11,"Housing, Water, Electricity & Gas"
1991-12-01,04,3.6,0.0,1991,12,"Housing, Water, Electricity & Gas"
1992-01-01,04,0.0,-3.0,1992,1,"Housing, Water, Electricity & Gas"
1992-02-01,04,0.0,1.2,1992,2,"Housing, Water, Electricity & Gas"
1992-03-01,04,0.0,0.0,1992,3,"Housing, Water, Electricity & Gas"
1992-04-01,04,0.0,-0.1,1992,4,"Housing, Water, Electricity & Gas"
1992-05-01,04,0.0,0.7,1992,5,"Housing, Water, Electricity & Gas"
1992-06-01,04,0.0,-0.1,1992,6,"Housing, Water, Electricity & Gas"
1992-07-01,04,0.0,0.1,1992,7,"Housing, Water, Electricity & Gas"
1992-08-01,04,0.0,0.6,1992,8,"Housing, Water, Electricity & Gas"
1992-09-01,04,0.0,0.0,1992,9,"Housing, Water, Electricity & Gas"
1992-10-01,04,0.0,0.0,1992,10,"Housing, Water, Electricity & Gas"
1992-11-01,04,0.0,0.7,1992,11,"Housing, Water, Electricity & Gas"
1992-12-01,04,0.0,0.0,1992,12,"Housing, Water, Electricity & Gas"
1993-01-01,04,7.3,4.1,1993,1,"Housing, Water, Electricity & Gas"
1993-02-01,04,7.1,1.0,1993,2,"Housing, Water, Electricity & Gas"
1993-03-01,04,7.2,0.1,1993,3,"Housing, Water, Electricity & Gas"
1993-04-01,04,7.4,0.0,1993,4,"Housing, Water, Electricity & Gas"
1993-05-01,04,7.3,0.7,1993,5,"Housing, Water, Electricity & Gas"
1993-06-01,04,7.5,0.0,1993,6,"Housing, Water, Electricity & Gas"
1993-07-01,04,7.5,0.1,1993,7,"Housing, Water, Electricity & Gas"
1993-08-01,04,7.3,0.4,1993,8,"Housing, Water, Electricity & Gas"
1993-09-01,04,7.3,0.0,1993,9,"Housing, Water, Electricity & Gas"
1993-10-01,04,7.3,0.0,1993,10,"Housing, Water, Electricity & Gas"
1993-11-01,04,7.2,0.7,1993,11,"Housing, Water, Electricity & Gas"
1993-12-01,04,6.8,-0.4,1993,12,"Housing, Water, Electricity & Gas"
1994-01-01,04,2.8,0.1,1994,1,"Housing, Water, Electricity & Gas"
1994-02-01,04,2.3,0.5,1994,2,"Housing, Water, Electricity & Gas"
1994-03-01,04,2.2,0.0,1994,3,"Housing, Water, Electricity & Gas"
1994-04-01,04,2.3,0.1,1994,4,"Housing, Water, Electricity & Gas"
1994-05-01,04,2.2,0.5,1994,5,"Housing, Water, Electricity & Gas"
1994-06-01,04,2.2,0.0,1994,6,"Housing, Water, Electricity & Gas"
1994-07-01,04,1.8,-0.3,1994,7,"Housing, Water, Electricity & Gas"
1994-08-01,04,2.3,0.9,1994,8,"Housing, Water, Electricity & Gas"
1994-09-01,04,2.3,0.0,1994,9,"Housing, Water, Electricity & Gas"
1994-10-01,04,2.7,0.4,1994,10,"Housing, Water, Electricity & Gas"
1994-11-01,04,2.8,0.8,1994,11,"Housing, Water, Electricity & Gas"
1994-12-01,04,3.3,0.0,1994,12,"Housing, Water, Electricity & Gas"
1995-01-01,04,3.4,0.3,1995,1,"Housing, Water, Electricity & Gas"
1995-02-01,04,3.4,0.5,1995,2,"Housing, Water, Electricity & Gas"
1995-03-01,04,3.4,0.0,1995,3,"Housing, Water, Electricity & Gas"
1995-04-01,04,3.5,0.3,1995,4,"Housing, Water, Electricity & Gas"
1995-05-01,04,3.3,0.4,1995,5,"Housing, Water, Electricity & Gas"
1995-06-01,04,3.5,0.1,1995,6,"Housing, Water, Electricity & Gas"
1995-07-01,04,3.8,0.0,1995,7,"Housing, Water, Electricity & Gas"
1995-08-01,04,3.5,0.6,1995,8,"Housing, Water, Electricity & Gas"
1995-09-01,04,3.5,0.0,1995,9,"Housing, Water, Electricity & Gas"
1995-10-01,04,3.0,0.0,1995,10,"Housing, Water, Electricity & Gas"
1995-11-01,04,3.0,0.8,1995,11,"Housing, Water, Electricity & Gas"
1995-12-01,04,3.0,0.0,1995,12,"Housing, Water, Electricity & Gas"
1996-01-01,04,2.7,0.0,1996,1,"Housing, Water, Electricity & Gas"
1996-02-01,04,3.4,1.1,1996,2,"Housing, Water, Electricity & Gas"
1996-03-01,04,2.9,-0.5,1996,3,"Housing, Water, Electricity & Gas"
1996-04-01,04,2.6,0.0,1996,4,"Housing, Water, Electricity & Gas"
1996-05-01,04,3.5,1.3,1996,5,"Housing, Water, Electricity & Gas"
1996-06-01,04,3.4,0.0,1996,6,"Housing, Water, Electricity & Gas"
1996-07-01,04,3.4,0.0,1996,7,"Housing, Water, Electricity & Gas"
1996-08-01,04,3.5,0.7,1996,8,"Housing, Water, Electricity & Gas"
1996-09-01,04,3.5,0.0,1996,9,"Housing, Water, Electricity & Gas"
1996-10-01,04,3.6,0.1,1996,10,"Housing, Water, Electricity & Gas"
1996-11-01,04,3.2,0.4,1996,11,"Housing, Water, Electricity & Gas"
1996-12-01,04,2.8,-0.4,1996,12,"Housing, Water, Electricity & Gas"
1997-01-01,04,2.8,0.0,1997,1,"Housing, Water, Electricity & Gas"
1997-02-01,04,2.5,0.9,1997,2,"Housing, Water, Electricity & Gas"
1997-03-01,04,3.0,0.0,1997,3,"Housing, Water, Electricity & Gas"
1997-04-01,04,3.0,0.0,1997,4,"Housing, Water, Electricity & Gas"
1997-05-01,04,3.2,1.5,1997,5,"Housing, Water, Electricity & Gas"
1997-06-01,04,3.4,0.1,1997,6,"Housing, Water, Electricity & Gas"
1997-07-01,04,3.4,0.0,1997,7,"Housing, Water, Electricity & Gas"
1997-08-01,04,3.2,0.6,1997,8,"Housing, Water, Electricity & Gas"
1997-09-01,04,3.2,0.0,1997,9,"Housing, Water, Electricity & Gas"
1997-10-01,04,3.2,0.1,1997,10,"Housing, Water, Electricity & Gas"
1997-11-01,04,3.7,0.8,1997,11,"Housing, Water, Electricity & Gas"
1997-12-01,04,4.2,0.1,1997,12,"Housing, Water, Electricity & Gas"
1998-01-01,04,4.2,0.0,1998,1,"Housing, Water, Electricity & Gas"
1998-02-01,04,4.8,1.4,1998,2,"Housing, Water, Electricity & Gas"
1998-03-01,04,4.8,0.0,1998,3,"Housing, Water, Electricity & Gas"
1998-04-01,04,4.8,0.0,1998,4,"Housing, Water, Electricity & Gas"
1998-05-01,04,4.5,1.2,1998,5,"Housing, Water, Electricity & Gas"
1998-06-01,04,4.4,0.0,1998,6,"Housing, Water, Electricity & Gas"
1998-07-01,04,4.4,0.0,1998,7,"Housing, Water, Electricity & Gas"
1998-08-01,04,4.3,0.6,1998,8,"Housing, Water, Electricity & Gas"
1998-09-01,04,4.3,0.0,1998,9,"Housing, Water, Electricity & Gas"
1998-10-01,04,4.2,0.0,1998,10,"Housing, Water, Electricity & Gas"
1998-11-01,04,3.6,0.2,1998,11,"Housing, Water, Electricity & Gas"
1998-12-01,04,3.4,0.0,1998,12,"Housing, Water, Electricity & Gas"
1999-01-01,04,3.4,0.0,1999,1,"Housing, Water, Electricity & Gas"
1999-02-01,04,2.3,0.3,1999,2,"Housing, Water, Electricity & Gas"
1999-03-01,04,2.3,0.0,1999,3,"Housing, Water, Electricity & Gas"
1999-04-01,04,2.3,0.0,1999,4,"Housing, Water, Electricity & Gas"
1999-05-01,04,1.3,0.1,1999,5,"Housing, Water, Electricity & Gas"
1999-06-01,04,1.3,0.0,1999,6,"Housing, Water, Electricity & Gas"
1999-07-01,04,1.4,0.1,1999,7,"Housing, Water, Electricity & Gas"
1999-08-01,04,1.0,0.2,1999,8,"Housing, Water, Electricity & Gas"
1999-09-01,04,1.0,0.0,1999,9,"Housing, Water, Electricity & Gas"
1999-10-01,04,1.0,0.0,1999,10,"Housing, Water, Electricity & Gas"
1999-11-01,04,0.9,0.1,1999,11,"Housing, Water, Electricity & Gas"
1999-12-01,04,1.0,0.1,1999,12,"Housing, Water, Electricity & Gas"
2000-01-01,04,1.0,0.0,2000,1,"Housing, Water, Electricity & Gas"
2000-02-01,04,1.3,0.6,2000,2,"Housing, Water, Electricity & Gas"
2000-03-01,04,1.3,0.0,2000,3,"Housing, Water, Electricity & Gas"
2000-04-01,04,1.3,0.0,2000,4,"Housing, Water, Electricity & Gas"
2000-05-01,04,1.5,0.3,2000,5,"Housing, Water, Electricity & Gas"
2000-06-01,04,1.5,0.0,2000,6,"Housing, Water, Electricity & Gas"
2000-07-01,04,1.5,0.1,2000,7,"Housing, Water, Electricity & Gas"
2000-08-01,04,1.5,0.2,2000,8,"Housing, Water, Electricity & Gas"
2000-09-01,04,1.5,0.0,2000,9,"Housing, Water, Electricity & Gas"
2000-10-01,04,1.7,0.2,2000,10,"Housing, Water, Electricity & Gas"
2000-11-01,04,1.8,0.2,2000,11,"Housing, Water, Electricity & Gas"
2000-12-01,04,1.7,0.0,2000,12,"Housing, Water, Electricity & Gas"
2001-01-01,04,1.7,0.0,2001,1,"Housing, Water, Electricity & Gas"
2001-02-01,04,1.5,0.3,2001,2,"Housing, Water, Electricity & Gas"
2001-03-01,04,1.5,0.0,2001,3,"Housing, Water, Electricity & Gas"
2001-04-01,04,1.6,0.1,2001,4,"Housing, Water, Electricity & Gas"
2001-05-01,04,1.6,0.3,2001,5,"Housing, Water, Electricity & Gas"
2001-06-01,04,1.6,0.0,2001,6,"Housing, Water, Electricity & Gas"
2001-07-01,04,1.5,0.0,2001,7,"Housing, Water, Electricity & Gas"
2001-08-01,04,1.3,0.1,2001,8,"Housing, Water, Electricity & Gas"
2001-09-01,04,1.3,0.0,2001,9,"Housing, Water, Electricity & Gas"
2001-10-01,04,1.1,0.0,2001,10,"Housing, Water, Electricity & Gas"
2001-11-01,04,1.0,0.1,2001,11,"Housing, Water, Electricity & Gas"
2001-12-01,04,1.0,0.0,2001,12,"Housing, Water, Electricity & Gas"
2002-01-01,04,1.0,0.0,2002,1,"Housing, Water, Electricity & Gas"
2002-02-01,04,0.9,0.2,2002,2,"Housing, Water, Electricity & Gas"
2002-03-01,04,0.9,0.0,2002,3,"Housing, Water, Electricity & Gas"
2002-04-01,04,0.8,0.0,2002,4,"Housing, Water, Electricity & Gas"
2002-05-01,04,0.7,0.2,2002,5,"Housing, Water, Electricity & Gas"
2002-06-01,04,0.7,0.0,2002,6,"Housing, Water, Electricity & Gas"
2002-07-01,04,0.7,0.0,2002,7,"Housing, Water, Electricity & Gas"
2002-08-01,04,0.6,0.0,2002,8,"Housing, Water, Electricity & Gas"
2002-09-01,04,0.6,0.0,2002,9,"Housing, Water, Electricity & Gas"
2002-10-01,04,0.6,0.0,2002,10,"Housing, Water, Electricity & Gas"
2002-11-01,04,0.6,0.1,2002,11,"Housing, Water, Electricity & Gas"
2002-12-01,04,0.6,0.0,2002,12,"Housing, Water, Electricity & Gas"
2003-01-01,04,2.0,1.4,2003,1,"Housing, Water, Electricity & Gas"
2003-02-01,04,1.5,-0.2,2003,2,"Housing, Water, Electricity & Gas"
2003-03-01,04,1.5,0.0,2003,3,"Housing, Water, Electricity & Gas"
2003-04-01,04,1.5,0.0,2003,4,"Housing, Water, Electricity & Gas"
2003-05-01,04,1.0,-0.3,2003,5,"Housing, Water, Electricity & Gas"
2003-06-01,04,1.0,0.0,2003,6,"Housing, Water, Electricity & Gas"
2003-07-01,04,1.0,0.0,2003,7,"Housing, Water, Electricity & Gas"
2003-08-01,04,0.4,-0.5,2003,8,"Housing, Water, Electricity & Gas"
2003-09-01,04,0.4,0.0,2003,9,"Housing, Water, Electricity & Gas"
2003-10-01,04,0.3,-0.1,2003,10,"Housing, Water, Electricity & Gas"
2003-11-01,04,-0.3,-0.5,2003,11,"Housing, Water, Electricity & Gas"
2003-12-01,04,-0.3,0.0,2003,12,"Housing, Water, Electricity & Gas"
2004-01-01,04,0.3,2.1,2004,1,"Housing, Water, Electricity & Gas"
2004-02-01,04,0.5,0.0,2004,2,"Housing, Water, Electricity & Gas"
2004-03-01,04,0.7,0.1,2004,3,"Housing, Water, Electricity & Gas"
2004-04-01,04,0.8,0.1,2004,4,"Housing, Water, Electricity & Gas"
2004-05-01,04,0.9,-0.2,2004,5,"Housing, Water, Electricity & Gas"
2004-06-01,04,0.9,0.0,2004,6,"Housing, Water, Electricity & Gas"
2004-07-01,04,0.8,-0.1,2004,7,"Housing, Water, Electricity & Gas"
2004-08-01,04,1.1,-0.2,2004,8,"Housing, Water, Electricity & Gas"
2004-09-01,04,1.1,0.0,2004,9,"Housing, Water, Electricity & Gas"
2004-10-01,04,1.2,0.0,2004,10,"Housing, Water, Electricity & Gas"
2004-11-01,04,1.7,-0.1,2004,11,"Housing, Water, Electricity & Gas"
2004-12-01,04,1.7,0.0,2004,12,"Housing, Water, Electricity & Gas"
2005-01-01,04,0.4,0.9,2005,1,"Housing, Water, Electricity & Gas"
2005-02-01,04,0.6,0.2,2005,2,"Housing, Water, Electricity & Gas"
2005-03-01,04,0.6,0.1,2005,3,"Housing, Water, Electricity & Gas"
2005-04-01,04,0.5,0.0,2005,4,"Housing, Water, Electricity & Gas"
2005-05-01,04,1.0,0.2,2005,5,"Housing, Water, Electricity & Gas"
2005-06-01,04,1.0,0.0,2005,6,"Housing, Water, Electricity & Gas"
2005-07-01,04,1.1,0.0,2005,7,"Housing, Water, Electricity & Gas"
2005-08-01,04,1.6,0.3,2005,8,"Housing, Water, Electricity & Gas"
2005-09-01,04,1.7,0.1,2005,9,"Housing, Water, Electricity & Gas"
2005-10-01,04,1.7,0.0,2005,10,"Housing, Water, Electricity & Gas"
2005-11-01,04,2.0,0.1,2005,11,"Housing, Water, Electricity & Gas"
2005-12-01,04,2.0,0.0,2005,12,"Housing, Water, Electricity & Gas"
2006-01-01,04,1.1,0.0,2006,1,"Housing, Water, Electricity & Gas"
2006-02-01,04,1.1,0.2,2006,2,"Housing, Water, Electricity & Gas"
2006-03-01,04,1.5,0.5,2006,3,"Housing, Water, Electricity & Gas"
2006-04-01,04,1.5,0.0,2006,4,"Housing, Water, Electricity & Gas"
2006-05-01,04,1.5,0.2,2006,5,"Housing, Water, Electricity & Gas"
2006-06-01,04,1.8,0.3,2006,6,"Housing, Water, Electricity & Gas"
2006-07-01,04,1.8,0.0,2006,7,"Housing, Water, Electricity & Gas"
2006-08-01,04,1.6,0.1,2006,8,"Housing, Water, Electricity & Gas"
2006-09-01,04,1.5,0.0,2006,9,"Housing, Water, Electricity & Gas"
2006-10-01,04,1.5,0.0,2006,10,"Housing, Water, Electricity & Gas"
2006-11-01,04,1.6,0.2,2006,11,"Housing, Water, Electricity & Gas"
2006-12-01,04,1.7,0.1,2006,12,"Housing, Water, Electricity & Gas"
2007-01-01,04,1.7,0.0,2007,1,"Housing, Water, Electricity & Gas"
2007-02-01,04,1.8,0.3,2007,2,"Housing, Water, Electricity & Gas"
2007-03-01,04,1.3,0.0,2007,3,"Housing, Water, Electricity & Gas"
2007-04-01,04,1.3,0.0,2007,4,"Housing, Water, Electricity & Gas"
2007-05-01,04,1.4,0.3,2007,5,"Housing, Water, Electricity & Gas"
2007-06-01,04,1.1,0.0,2007,6,"Housing, Water, Electricity & Gas"
2007-07-01,04,1.1,0.0,2007,7,"Housing, Water, Electricity & Gas"
2007-08-01,04,1.3,0.3,2007,8,"Housing, Water, Electricity & Gas"
2007-09-01,04,1.3,0.0,2007,9,"Housing, Water, Electricity & Gas"
2007-10-01,04,1.3,0.0,2007,10,"Housing, Water, Electricity & Gas"
2007-11-01,04,1.3,0.2,2007,11,"Housing, Water, Electricity & Gas"
2007-12-01,04,1.2,0.0,2007,12,"Housing, Water, Electricity & Gas"
2008-01-01,04,1.2,0.0,2008,1,"Housing, Water, Electricity & Gas"
2008-02-01,04,1.4,0.5,2008,2,"Housing, Water, Electricity & Gas"
2008-03-01,04,1.4,0.0,2008,3,"Housing, Water, Electricity & Gas"
2008-04-01,04,1.4,0.0,2008,4,"Housing, Water, Electricity & Gas"
2008-05-01,04,1.5,0.4,2008,5,"Housing, Water, Electricity & Gas"
2008-06-01,04,1.0,-0.4,2008,6,"Housing, Water, Electricity & Gas"
2008-07-01,04,1.8,0.7,2008,7,"Housing, Water, Electricity & Gas"
2008-08-01,04,1.7,0.2,2008,8,"Housing, Water, Electricity & Gas"
2008-09-01,04,1.8,0.1,2008,9,"Housing, Water, Electricity & Gas"
2008-10-01,04,1.8,0.0,2008,10,"Housing, Water, Electricity & Gas"
2008-11-01,04,1.8,0.2,2008,11,"Housing, Water, Electricity & Gas"
2008-12-01,04,1.8,0.0,2008,12,"Housing, Water, Electricity & Gas"
2009-01-01,04,1.8,0.0,2009,1,"Housing, Water, Electricity & Gas"
2009-02-01,04,1.5,0.3,2009,2,"Housing, Water, Electricity & Gas"
2009-03-01,04,1.4,-0.1,2009,3,"Housing, Water, Electricity & Gas"
2009-04-01,04,1.4,0.0,2009,4,"Housing, Water, Electricity & Gas"
2009-05-01,04,1.6,0.6,2009,5,"Housing, Water, Electricity & Gas"
2009-06-01,04,2.1,0.0,2009,6,"Housing, Water, Electricity & Gas"
2009-07-01,04,1.3,0.0,2009,7,"Housing, Water, Electricity & Gas"
2009-08-01,04,1.2,0.1,2009,8,"Housing, Water, Electricity & Gas"
2009-09-01,04,1.1,0.0,2009,9,"Housing, Water, Electricity & Gas"
2009-10-01,04,1.1,0.0,2009,10,"Housing, Water, Electricity & Gas"
2009-11-01,04,1.1,0.2,2009,11,"Housing, Water, Electricity & Gas"
2009-12-01,04,1.1,0.0,2009,12,"Housing, Water, Electricity & Gas"
2010-01-01,04,1.2,0.1,2010,1,"Housing, Water, Electricity & Gas"
2010-02-01,04,1.1,0.2,2010,2,"Housing, Water, Electricity & Gas"
2010-03-01,04,1.2,0.0,2010,3,"Housing, Water, Electricity & Gas"
2010-04-01,04,1.2,0.0,2010,4,"Housing, Water, Electricity & Gas"
2010-05-01,04,0.8,0.2,2010,5,"Housing, Water, Electricity & Gas"
2010-06-01,04,0.8,0.0,2010,6,"Housing, Water, Electricity & Gas"
2010-07-01,04,0.9,0.1,2010,7,"Housing, Water, Electricity & Gas"
2010-08-01,04,1.2,0.4,2010,8,"Housing, Water, Electricity & Gas"
2010-09-01,04,1.2,0.0,2010,9,"Housing, Water, Electricity & Gas"
2010-10-01,04,1.2,0.0,2010,10,"Housing, Water, Electricity & Gas"
2010-11-01,04,1.4,0.4,2010,11,"Housing, Water, Electricity & Gas"
2010-12-01,04,1.5,0.1,2010,12,"Housing, Water, Electricity & Gas"
2011-01-01,04,1.4,0.0,2011,1,"Housing, Water, Electricity & Gas"
2011-02-01,04,1.5,0.3,2011,2,"Housing, Water, Electricity & Gas"
2011-03-01,04,1.6,0.1,2011,3,"Housing, Water, Electricity & Gas"
2011-04-01,04,1.6,0.0,2011,4,"Housing, Water, Electricity & Gas"
2011-05-01,04,1.8,0.4,2011,5,"Housing, Water, Electricity & Gas"
2011-06-01,04,1.9,0.1,2011,6,"Housing, Water, Electricity & Gas"
2011-07-01,04,1.9,0.1,2011,7,"Housing, Water, Electricity & Gas"
2011-08-01,04,2.0,0.5,2011,8,"Housing, Water, Electricity & Gas"
2011-09-01,04,2.0,0.0,2011,9,"Housing, Water, Electricity & Gas"
2011-10-01,04,2.0,0.0,2011,10,"Housing, Water, Electricity & Gas"
2011-11-01,04,1.8,0.2,2011,11,"Housing, Water, Electricity & Gas"
2011-12-01,04,1.7,0.0,2011,12,"Housing, Water, Electricity & Gas"
2012-01-01,04,1.8,0.1,2012,1,"Housing, Water, Electricity & Gas"
2012-02-01,04,1.9,0.4,2012,2,"Housing, Water, Electricity & Gas"
2012-03-01,04,1.8,0.0,2012,3,"Housing, Water, Electricity & Gas"
2012-04-01,04,1.8,0.0,2012,4,"Housing, Water, Electricity & Gas"
2012-05-01,04,1.6,0.2,2012,5,"Housing, Water, Electricity & Gas"
2012-06-01,04,1.5,0.0,2012,6,"Housing, Water, Electricity & Gas"
2012-07-01,04,1.5,0.1,2012,7,"Housing, Water, Electricity & Gas"
2012-08-01,04,1.5,0.5,2012,8,"Housing, Water, Electricity & Gas"
2012-09-01,04,1.5,0.0,2012,9,"Housing, Water, Electricity & Gas"
2012-10-01,04,1.5,0.0,2012,10,"Housing, Water, Electricity & Gas"
2012-11-01,04,1.5,0.2,2012,11,"Housing, Water, Electricity & Gas"
2012-12-01,04,1.5,0.0,2012,12,"Housing, Water, Electricity & Gas"
2013-01-01,04,1.4,0.0,2013,1,"Housing, Water, Electricity & Gas"
2013-02-01,04,1.3,0.3,2013,2,"Housing, Water, Electricity & Gas"
2013-03-01,04,1.3,0.0,2013,3,"Housing, Water, Electricity & Gas"
2013-04-01,04,1.3,0.0,2013,4,"Housing, Water, Electricity & Gas"
2013-05-01,04,2.0,1.0,2013,5,"Housing, Water, Electricity & Gas"
2013-06-01,04,2.0,0.0,2013,6,"Housing, Water, Electricity & Gas"
2013-07-01,04,1.9,0.0,2013,7,"Housing, Water, Electricity & Gas"
2013-08-01,04,1.8,0.4,2013,8,"Housing, Water, Electricity & Gas"
2013-09-01,04,1.8,0.0,2013,9,"Housing, Water, Electricity & Gas"
2013-10-01,04,1.8,0.0,2013,10,"Housing, Water, Electricity & Gas"
2013-11-01,04,2.3,0.7,2013,11,"Housing, Water, Electricity & Gas"
2013-12-01,04,2.4,0.1,2013,12,"Housing, Water, Electricity & Gas"
2014-01-01,04,3.2,0.8,2014,1,"Housing, Water, Electricity & Gas"
2014-02-01,04,3.5,0.7,2014,2,"Housing, Water, Electricity & Gas"
2014-03-01,04,3.6,0.1,2014,3,"Housing, Water, Electricity & Gas"
2014-04-01,04,3.6,0.0,2014,4,"Housing, Water, Electricity & Gas"
2014-05-01,04,3.1,0.5,2014,5,"Housing, Water, Electricity & Gas"
2014-06-01,04,3.2,0.1,2014,6,"Housing, Water, Electricity & Gas"
2014-07-01,04,3.2,0.0,2014,7,"Housing, Water, Electricity & Gas"
2014-08-01,04,3.4,0.6,2014,8,"Housing, Water, Electricity & Gas"
2014-09-01,04,3.4,0.0,2014,9,"Housing, Water, Electricity & Gas"
2014-10-01,04,3.4,0.0,2014,10,"Housing, Water, Electricity & Gas"
2014-11-01,04,3.5,0.7,2014,11,"Housing, Water, Electricity & Gas"
2014-12-01,04,3.4,0.0,2014,12,"Housing, Water, Electricity & Gas"
2015-01-01,04,2.1,-0.5,2015,1,"Housing, Water, Electricity & Gas"
2015-02-01,04,2.4,0.9,2015,2,"Housing, Water, Electricity & Gas"
2015-03-01,04,1.9,-0.4,2015,3,"Housing, Water, Electricity & Gas"
2015-04-01,04,2.3,0.4,2015,4,"Housing, Water, Electricity & Gas"
2015-05-01,04,2.6,0.7,2015,5,"Housing, Water, Electricity & Gas"
2015-06-01,04,2.5,0.0,2015,6,"Housing, Water, Electricity & Gas"
2015-07-01,04,2.5,0.0,2015,7,"Housing, Water, Electricity & Gas"
2015-08-01,04,2.7,0.7,2015,8,"Housing, Water, Electricity & Gas"
2015-09-01,04,2.7,0.0,2015,9,"Housing, Water, Electricity & Gas"
2015-10-01,04,2.7,0.0,2015,10,"Housing, Water, Electricity & Gas"
2015-11-01,04,2.5,0.5,2015,11,"Housing, Water, Electricity & Gas"
2015-12-01,04,2.5,0.0,2015,12,"Housing, Water, Electricity & Gas"
2016-01-01,04,3.1,0.2,2016,1,"Housing, Water, Electricity & Gas"
2016-02-01,04,2.6,0.4,2016,2,"Housing, Water, Electricity & Gas"
2016-03-01,04,3.1,0.1,2016,3,"Housing, Water, Electricity & Gas"
2016-04-01,04,2.6,-0.1,2016,4,"Housing, Water, Electricity & Gas"
2016-05-01,04,2.4,0.5,2016,5,"Housing, Water, Electricity & Gas"
2016-06-01,04,2.4,0.0,2016,6,"Housing, Water, Electricity & Gas"
2016-07-01,04,2.4,0.0,2016,7,"Housing, Water, Electricity & Gas"
2016-08-01,04,2.1,0.4,2016,8,"Housing, Water, Electricity & Gas"
2016-09-01,04,2.1,0.0,2016,9,"Housing, Water, Electricity & Gas"
2016-10-01,04,2.1,0.0,2016,10,"Housing, Water, Electricity & Gas"
2016-11-01,04,2.1,0.5,2016,11,"Housing, Water, Electricity & Gas"
2016-12-01,04,2.1,0.0,2016,12,"Housing, Water, Electricity & Gas"
2017-01-01,04,1.9,0.0,2017,1,"Housing, Water, Electricity & Gas"
2017-02-01,04,2.2,0.7,2017,2,"Housing, Water, Electricity & Gas"
2017-03-01,04,2.2,0.1,2017,3,"Housing, Water, Electricity & Gas"
2017-04-01,04,2.3,0.0,2017,4,"Housing, Water, Electricity & Gas"
2017-05-01,04,2.2,0.4,2017,5,"Housing, Water, Electricity & Gas"
2017-06-01,04,2.2,0.0,2017,6,"Housing, Water, Electricity & Gas"
2017-07-01,04,2.2,0.0,2017,7,"Housing, Water, Electricity & Gas"
2017-08-01,04,2.4,0.6,2017,8,"Housing, Water, Electricity & Gas"
2017-09-01,04,2.4,0.0,2017,9,"Housing, Water, Electricity & Gas"
2017-10-01,04,2.4,0.0,2017,10,"Housing, Water, Electricity & Gas"
2017-11-01,04,2.2,0.3,2017,11,"Housing, Water, Electricity & Gas"
2017-12-01,04,2.2,0.0,2017,12,"Housing, Water, Electricity & Gas"
2018-01-01,04,2.2,0.0,2018,1,"Housing, Water, Electricity & Gas"
2018-02-01,04,2.0,0.5,2018,2,"Housing, Water, Electricity & Gas"
2018-03-01,04,1.9,0.0,2018,3,"Housing, Water, Electricity & Gas"
2018-04-01,04,1.9,0.0,2018,4,"Housing, Water, Electricity & Gas"
2018-05-01,04,2.1,0.6,2018,5,"Housing, Water, Electricity & Gas"
2018-06-01,04,1.5,-0.5,2018,6,"Housing, Water, Electricity & Gas"
2018-07-01,04,2.0,0.4,2018,7,"Housing, Water, Electricity & Gas"
2018-08-01,04,2.0,0.6,2018,8,"Housing, Water, Electricity & Gas"
2018-09-01,04,2.1,0.2,2018,9,"Housing, Water, Electricity & Gas"
2018-10-01,04,2.1,0.0,2018,10,"Housing, Water, Electricity & Gas"
2018-11-01,04,2.0,0.3,2018,11,"Housing, Water, Electricity & Gas"
2018-12-01,04,2.0,0.0,2018,12,"Housing, Water, Electricity & Gas"
2019-01-01,04,2.0,0.0,2019,1,"Housing, Water, Electricity & Gas"
2019-02-01,04,2.0,0.5,2019,2,"Housing, Water, Electricity & Gas"
2019-03-01,04,2.0,0.0,2019,3,"Housing, Water, Electricity & Gas"
2019-04-01,04,2.0,0.0,2019,4,"Housing, Water, Electricity & Gas"
2019-05-01,04,1.8,0.3,2019,5,"Housing, Water, Electricity & Gas"
2019-06-01,04,2.3,0.0,2019,6,"Housing, Water, Electricity & Gas"
2019-07-01,04,1.9,0.0,2019,7,"Housing, Water, Electricity & Gas"
2019-08-01,04,1.8,0.5,2019,8,"Housing, Water, Electricity & Gas"
2019-09-01,04,1.6,0.0,2019,9,"Housing, Water, Electricity & Gas"
2019-10-01,04,1.6,0.0,2019,10,"Housing, Water, Electricity & Gas"
2019-11-01,04,1.7,0.4,2019,11,"Housing, Water, Electricity & Gas"
2019-12-01,04,1.7,0.0,2019,12,"Housing, Water, Electricity & Gas"
2020-01-01,04,1.7,0.0,2020,1,"Housing, Water, Electricity & Gas"
2020-02-01,04,1.6,0.3,2020,2,"Housing, Water, Electricity & Gas"
2020-03-01,04,1.6,0.0,2020,3,"Housing, Water, Electricity & Gas"
2020-04-01,04,-2.2,-3.8,2020,4,"Housing, Water, Electricity & Gas"
2020-05-01,04,-2.6,-0.1,2020,5,"Housing, Water, Electricity & Gas"
2020-06-01,04,-2.6,0.0,2020,6,"Housing, Water, Electricity & Gas"
2020-07-01,04,-2.6,0.0,2020,7,"Housing, Water, Electricity & Gas"
2020-08-01,04,-3.0,0.2,2020,8,"Housing, Water, Electricity & Gas"
2020-09-01,04,-3.0,0.0,2020,9,"Housing, Water, Electricity & Gas"
2020-10-01,04,-3.0,0.0,2020,10,"Housing, Water, Electricity & Gas"
2020-11-01,04,-3.3,0.1,2020,11,"Housing, Water, Electricity & Gas"
2020-12-01,04,-3.3,0.0,2020,12,"Housing, Water, Electricity & Gas"
2021-01-01,04,-0.7,2.6,2021,1,"Housing, Water, Electricity & Gas"
2021-02-01,04,-0.8,0.2,2021,2,"Housing, Water, Electricity & Gas"
2021-03-01,04,-0.8,0.0,2021,3,"Housing, Water, Electricity & Gas"
2021-04-01,04,3.1,0.1,2021,4,"Housing, Water, Electricity & Gas"
2021-05-01,04,3.2,0.0,2021,5,"Housing, Water, Electricity & Gas"
2021-06-01,04,3.2,0.0,2021,6,"Housing, Water, Electricity & Gas"
2021-07-01,04,0.7,-2.5,2021,7,"Housing, Water, Electricity & Gas"
2021-08-01,04,0.6,0.1,2021,8,"Housing, Water, Electricity & Gas"
2021-09-01,04,0.7,0.1,2021,9,"Housing, Water, Electricity & Gas"
2021-10-01,04,3.2,2.5,2021,10,"Housing, Water, Electricity & Gas"
2021-11-01,04,3.4,0.2,2021,11,"Housing, Water, Electricity & Gas"
2021-12-01,04,3.4,0.0,2021,12,"Housing, Water, Electricity & Gas"
2022-01-01,04,0.7,0.0,2022,1,"Housing, Water, Electricity & Gas"
2022-02-01,04,0.8,0.3,2022,2,"Housing, Water, Electricity & Gas"
2022-03-01,04,0.9,0.1,2022,3,"Housing, Water, Electricity & Gas"
2022-04-01,04,0.8,0.0,2022,4,"Housing, Water, Electricity & Gas"
2022-05-01,04,1.2,0.3,2022,5,"Housing, Water, Electricity & Gas"
2022-06-01,04,1.2,0.0,2022,6,"Housing, Water, Electricity & Gas"
2022-07-01,04,3.8,0.1,2022,7,"Housing, Water, Electricity & Gas"
2022-08-01,04,4.1,0.4,2022,8,"Housing, Water, Electricity & Gas"
2022-09-01,04,4.0,0.0,2022,9,"Housing, Water, Electricity & Gas"
2022-10-01,04,1.5,0.0,2022,10,"Housing, Water, Electricity & Gas"
2022-11-01,04,1.4,0.2,2022,11,"Housing, Water, Electricity & Gas"
2022-12-01,04,1.5,0.1,2022,12,"Housing, Water, Electricity & Gas"
2023-01-01,04,1.5,0.0,2023,1,"Housing, Water, Electricity & Gas"
2023-02-01,04,1.7,0.6,2023,2,"Housing, Water, Electricity & Gas"
2023-03-01,04,1.6,0.0,2023,3,"Housing, Water, Electricity & Gas"
2023-04-01,04,1.6,0.0,2023,4,"Housing, Water, Electricity & Gas"
2023-05-01,04,1.8,0.5,2023,5,"Housing, Water, Electricity & Gas"
2023-06-01,04,1.8,0.0,2023,6,"Housing, Water, Electricity & Gas"
2023-07-01,04,1.7,0.0,2023,7,"Housing, Water, Electricity & Gas"
2023-08-01,04,1.6,0.3,2023,8,"Housing, Water, Electricity & Gas"
2023-09-01,04,1.6,0.0,2023,9,"Housing, Water, Electricity & Gas"
2023-10-01,04,1.6,0.0,2023,10,"Housing, Water, Electricity & Gas"
2023-11-01,04,1.7,0.2,2023,11,"Housing, Water, Electricity & Gas"
2023-12-01,04,1.6,0.0,2023,12,"Housing, Water, Electricity & Gas"
2024-01-01,04,2.0,0.4,2024,1,"Housing, Water, Electricity & Gas"
2024-02-01,04,2.7,1.3,2024,2,"Housing, Water, Electricity & Gas"
2024-03-01,04,3.0,0.3,2024,3,"Housing, Water, Electricity & Gas"
2024-04-01,04,3.0,0.0,2024,4,"Housing, Water, Electricity & Gas"
2024-05-01,04,3.2,0.6,2024,5,"Housing, Water, Electricity & Gas"
2024-06-01,04,3.2,0.0,2024,6,"Housing, Water, Electricity & Gas"
2024-07-01,04,3.2,0.0,2024,7,"Housing, Water, Electricity & Gas"
2024-08-01,04,3.1,0.2,2024,8,"Housing, Water, Electricity & Gas"
2024-09-01,04,3.1,0.0,2024,9,"Housing, Water, Electricity & Gas"
2024-10-01,04,3.1,0.0,2024,10,"Housing, Water, Electricity & Gas"
2024-11-01,04,3.2,0.3,2024,11,"Housing, Water, Electricity & Gas"
2024-12-01,04,3.2,0.0,2024,12,"Housing, Water, Electricity & Gas"
2025-01-01,04,2.8,0.1,2025,1,"Housing, Water, Electricity & Gas"
2025-02-01,04,2.3,0.7,2025,2,"Housing, Water, Electricity & Gas"
2025-03-01,04,1.9,0.0,2025,3,"Housing, Water, Electricity & Gas"
2025-04-01,04,2.0,0.1,2025,4,"Housing, Water, Electricity & Gas"
2025-05-01,04,1.7,0.3,2025,5,"Housing, Water, Electricity & Gas"
2025-06-01,04,1.7,0.0,2025,6,"Housing, Water, Electricity & Gas"
2025-07-01,04,1.3,-0.4,2025,7,"Housing, Water, Electricity & Gas"
2025-08-01,04,1.2,0.2,2025,8,"Housing, Water, Electricity & Gas"
2025-09-01,04,1.5,0.3,2025,9,"Housing, Water, Electricity & Gas"
2025-10-01,04,1.1,-0.5,2025,10,"Housing, Water, Electricity & Gas"
2025-11-01,04,0.7,-0.1,2025,11,"Housing, Water, Electricity & Gas"
2025-12-01,04,0.9,0.2,2025,12,"Housing, Water, Electricity & Gas"
2026-01-01,04,1.2,0.3,2026,1,"Housing, Water, Electricity & Gas"
2026-02-01,04,1.1,0.7,2026,2,"Housing, Water, Electricity & Gas"
2026-03-01,04,1.2,0.1,2026,3,"Housing, Water, Electricity & Gas"
2026-04-01,04,1.1,-0.1,2026,4,"Housing, Water, Electricity & Gas"
1980-02-01,05,,0.3,1980,2,Furnishings & Household Equipment
1980-03-01,05,,0.7,1980,3,Furnishings & Household Equipment
1980-04-01,05,,0.2,1980,4,Furnishings & Household Equipment
1980-05-01,05,,0.7,1980,5,Furnishings & Household Equipment
1980-06-01,05,,1.0,1980,6,Furnishings & Household Equipment
1980-07-01,05,,0.7,1980,7,Furnishings & Household Equipment
1980-08-01,05,,0.5,1980,8,Furnishings & Household Equipment
1980-09-01,05,,0.3,1980,9,Furnishings & Household Equipment
1980-10-01,05,,0.7,1980,10,Furnishings & Household Equipment
1980-11-01,05,,0.5,1980,11,Furnishings & Household Equipment
1980-12-01,05,,0.5,1980,12,Furnishings & Household Equipment
1981-01-01,05,6.9,0.6,1981,1,Furnishings & Household Equipment
1981-02-01,05,7.0,0.5,1981,2,Furnishings & Household Equipment
1981-03-01,05,7.1,0.8,1981,3,Furnishings & Household Equipment
1981-04-01,05,7.5,0.5,1981,4,Furnishings & Household Equipment
1981-05-01,05,7.1,0.3,1981,5,Furnishings & Household Equipment
1981-06-01,05,6.7,0.6,1981,6,Furnishings & Household Equipment
1981-07-01,05,6.8,0.8,1981,7,Furnishings & Household Equipment
1981-08-01,05,6.6,0.3,1981,8,Furnishings & Household Equipment
1981-09-01,05,6.6,0.3,1981,9,Furnishings & Household Equipment
1981-10-01,05,6.0,0.2,1981,10,Furnishings & Household Equipment
1981-11-01,05,5.7,0.2,1981,11,Furnishings & Household Equipment
1981-12-01,05,5.3,0.2,1981,12,Furnishings & Household Equipment
1982-01-01,05,5.1,0.5,1982,1,Furnishings & Household Equipment
1982-02-01,05,4.8,0.2,1982,2,Furnishings & Household Equipment
1982-03-01,05,4.1,0.2,1982,3,Furnishings & Household Equipment
1982-04-01,05,3.8,0.2,1982,4,Furnishings & Household Equipment
1982-05-01,05,3.6,0.2,1982,5,Furnishings & Household Equipment
1982-06-01,05,3.1,0.2,1982,6,Furnishings & Household Equipment
1982-07-01,05,2.6,0.3,1982,7,Furnishings & Household Equipment
1982-08-01,05,2.5,0.2,1982,8,Furnishings & Household Equipment
1982-09-01,05,2.0,-0.2,1982,9,Furnishings & Household Equipment
1982-10-01,05,2.0,0.2,1982,10,Furnishings & Household Equipment
1982-11-01,05,2.6,0.8,1982,11,Furnishings & Household Equipment
1982-12-01,05,2.6,0.1,1982,12,Furnishings & Household Equipment
1983-01-01,05,2.9,0.7,1983,1,Furnishings & Household Equipment
1983-02-01,05,2.9,0.1,1983,2,Furnishings & Household Equipment
1983-03-01,05,2.9,0.1,1983,3,Furnishings & Household Equipment
1983-04-01,05,2.7,0.0,1983,4,Furnishings & Household Equipment
1983-05-01,05,2.7,0.1,1983,5,Furnishings & Household Equipment
1983-06-01,05,2.7,0.1,1983,6,Furnishings & Household Equipment
1983-07-01,05,2.6,0.1,1983,7,Furnishings & Household Equipment
1983-08-01,05,2.4,0.0,1983,8,Furnishings & Household Equipment
1983-09-01,05,2.6,0.0,1983,9,Furnishings & Household Equipment
1983-10-01,05,2.6,0.1,1983,10,Furnishings & Household Equipment
1983-11-01,05,1.8,0.0,1983,11,Furnishings & Household Equipment
1983-12-01,05,1.8,0.1,1983,12,Furnishings & Household Equipment
1984-01-01,05,0.7,-0.3,1984,1,Furnishings & Household Equipment
1984-02-01,05,0.6,0.0,1984,2,Furnishings & Household Equipment
1984-03-01,05,0.4,0.0,1984,3,Furnishings & Household Equipment
1984-04-01,05,0.6,0.1,1984,4,Furnishings & Household Equipment
1984-05-01,05,0.4,0.0,1984,5,Furnishings & Household Equipment
1984-06-01,05,0.3,0.0,1984,6,Furnishings & Household Equipment
1984-07-01,05,0.1,0.0,1984,7,Furnishings & Household Equipment
1984-08-01,05,0.1,0.0,1984,8,Furnishings & Household Equipment
1984-09-01,05,0.1,0.0,1984,9,Furnishings & Household Equipment
1984-10-01,05,0.0,0.0,1984,10,Furnishings & Household Equipment
1984-11-01,05,0.0,0.0,1984,11,Furnishings & Household Equipment
1984-12-01,05,-0.1,0.0,1984,12,Furnishings & Household Equipment
1985-01-01,05,0.1,0.0,1985,1,Furnishings & Household Equipment
1985-02-01,05,0.1,0.0,1985,2,Furnishings & Household Equipment
1985-03-01,05,0.1,0.0,1985,3,Furnishings & Household Equipment
1985-04-01,05,0.0,0.0,1985,4,Furnishings & Household Equipment
1985-05-01,05,0.1,0.1,1985,5,Furnishings & Household Equipment
1985-06-01,05,0.0,-0.1,1985,6,Furnishings & Household Equipment
1985-07-01,05,0.3,0.3,1985,7,Furnishings & Household Equipment
1985-08-01,05,0.1,-0.1,1985,8,Furnishings & Household Equipment
1985-09-01,05,0.1,0.0,1985,9,Furnishings & Household Equipment
1985-10-01,05,0.1,0.0,1985,10,Furnishings & Household Equipment
1985-11-01,05,0.1,0.0,1985,11,Furnishings & Household Equipment
1985-12-01,05,0.0,-0.1,1985,12,Furnishings & Household Equipment
1986-01-01,05,0.1,0.1,1986,1,Furnishings & Household Equipment
1986-02-01,05,0.3,0.1,1986,2,Furnishings & Household Equipment
1986-03-01,05,0.3,0.0,1986,3,Furnishings & Household Equipment
1986-04-01,05,0.3,0.0,1986,4,Furnishings & Household Equipment
1986-05-01,05,0.1,0.0,1986,5,Furnishings & Household Equipment
1986-06-01,05,0.3,0.0,1986,6,Furnishings & Household Equipment
1986-07-01,05,0.6,0.6,1986,7,Furnishings & Household Equipment
1986-08-01,05,1.0,0.3,1986,8,Furnishings & Household Equipment
1986-09-01,05,1.0,0.0,1986,9,Furnishings & Household Equipment
1986-10-01,05,1.0,0.0,1986,10,Furnishings & Household Equipment
1986-11-01,05,1.3,0.3,1986,11,Furnishings & Household Equipment
1986-12-01,05,1.2,-0.3,1986,12,Furnishings & Household Equipment
1987-01-01,05,1.3,0.3,1987,1,Furnishings & Household Equipment
1987-02-01,05,1.2,0.0,1987,2,Furnishings & Household Equipment
1987-03-01,05,1.2,0.0,1987,3,Furnishings & Household Equipment
1987-04-01,05,1.5,0.3,1987,4,Furnishings & Household Equipment
1987-05-01,05,1.6,0.1,1987,5,Furnishings & Household Equipment
1987-06-01,05,1.8,0.1,1987,6,Furnishings & Household Equipment
1987-07-01,05,1.2,0.0,1987,7,Furnishings & Household Equipment
1987-08-01,05,1.0,0.1,1987,8,Furnishings & Household Equipment
1987-09-01,05,1.0,0.0,1987,9,Furnishings & Household Equipment
1987-10-01,05,1.2,0.1,1987,10,Furnishings & Household Equipment
1987-11-01,05,1.0,0.1,1987,11,Furnishings & Household Equipment
1987-12-01,05,1.3,0.0,1987,12,Furnishings & Household Equipment
1988-01-01,05,1.4,0.4,1988,1,Furnishings & Household Equipment
1988-02-01,05,1.6,0.1,1988,2,Furnishings & Household Equipment
1988-03-01,05,2.0,0.4,1988,3,Furnishings & Household Equipment
1988-04-01,05,2.3,0.6,1988,4,Furnishings & Household Equipment
1988-05-01,05,2.7,0.6,1988,5,Furnishings & Household Equipment
1988-06-01,05,2.9,0.3,1988,6,Furnishings & Household Equipment
1988-07-01,05,3.3,0.4,1988,7,Furnishings & Household Equipment
1988-08-01,05,3.5,0.3,1988,8,Furnishings & Household Equipment
1988-09-01,05,3.7,0.3,1988,9,Furnishings & Household Equipment
1988-10-01,05,3.6,0.0,1988,10,Furnishings & Household Equipment
1988-11-01,05,3.6,0.1,1988,11,Furnishings & Household Equipment
1988-12-01,05,3.7,0.1,1988,12,Furnishings & Household Equipment
1989-01-01,05,3.7,0.4,1989,1,Furnishings & Household Equipment
1989-02-01,05,3.6,0.0,1989,2,Furnishings & Household Equipment
1989-03-01,05,3.4,0.3,1989,3,Furnishings & Household Equipment
1989-04-01,05,3.1,0.3,1989,4,Furnishings & Household Equipment
1989-05-01,05,2.7,0.1,1989,5,Furnishings & Household Equipment
1989-06-01,05,2.5,0.1,1989,6,Furnishings & Household Equipment
1989-07-01,05,2.5,0.4,1989,7,Furnishings & Household Equipment
1989-08-01,05,2.4,0.1,1989,8,Furnishings & Household Equipment
1989-09-01,05,2.1,0.0,1989,9,Furnishings & Household Equipment
1989-10-01,05,2.2,0.1,1989,10,Furnishings & Household Equipment
1989-11-01,05,2.2,0.1,1989,11,Furnishings & Household Equipment
1989-12-01,05,2.1,0.0,1989,12,Furnishings & Household Equipment
1990-01-01,05,1.9,0.3,1990,1,Furnishings & Household Equipment
1990-02-01,05,2.6,0.7,1990,2,Furnishings & Household Equipment
1990-03-01,05,2.3,0.0,1990,3,Furnishings & Household Equipment
1990-04-01,05,2.1,0.0,1990,4,Furnishings & Household Equipment
1990-05-01,05,2.1,0.1,1990,5,Furnishings & Household Equipment
1990-06-01,05,1.8,-0.1,1990,6,Furnishings & Household Equipment
1990-07-01,05,1.5,0.1,1990,7,Furnishings & Household Equipment
1990-08-01,05,1.4,0.0,1990,8,Furnishings & Household Equipment
1990-09-01,05,1.5,0.1,1990,9,Furnishings & Household Equipment
1990-10-01,05,1.5,0.1,1990,10,Furnishings & Household Equipment
1990-11-01,05,1.6,0.3,1990,11,Furnishings & Household Equipment
1990-12-01,05,2.0,0.4,1990,12,Furnishings & Household Equipment
1991-01-01,05,2.0,0.3,1991,1,Furnishings & Household Equipment
1991-02-01,05,3.2,1.9,1991,2,Furnishings & Household Equipment
1991-03-01,05,3.6,0.4,1991,3,Furnishings & Household Equipment
1991-04-01,05,4.3,0.6,1991,4,Furnishings & Household Equipment
1991-05-01,05,4.4,0.3,1991,5,Furnishings & Household Equipment
1991-06-01,05,4.8,0.3,1991,6,Furnishings & Household Equipment
1991-07-01,05,5.2,0.5,1991,7,Furnishings & Household Equipment
1991-08-01,05,5.2,0.0,1991,8,Furnishings & Household Equipment
1991-09-01,05,5.2,0.1,1991,9,Furnishings & Household Equipment
1991-10-01,05,5.2,0.1,1991,10,Furnishings & Household Equipment
1991-11-01,05,5.1,0.1,1991,11,Furnishings & Household Equipment
1991-12-01,05,4.6,0.0,1991,12,Furnishings & Household Equipment
1992-01-01,05,0.0,-4.2,1992,1,Furnishings & Household Equipment
1992-02-01,05,0.0,1.9,1992,2,Furnishings & Household Equipment
1992-03-01,05,0.0,0.4,1992,3,Furnishings & Household Equipment
1992-04-01,05,0.0,0.6,1992,4,Furnishings & Household Equipment
1992-05-01,05,0.0,0.3,1992,5,Furnishings & Household Equipment
1992-06-01,05,0.0,0.3,1992,6,Furnishings & Household Equipment
1992-07-01,05,0.0,0.5,1992,7,Furnishings & Household Equipment
1992-08-01,05,0.0,0.0,1992,8,Furnishings & Household Equipment
1992-09-01,05,0.0,0.1,1992,9,Furnishings & Household Equipment
1992-10-01,05,0.0,0.1,1992,10,Furnishings & Household Equipment
1992-11-01,05,0.0,0.1,1992,11,Furnishings & Household Equipment
1992-12-01,05,0.0,0.0,1992,12,Furnishings & Household Equipment
1993-01-01,05,6.0,1.5,1993,1,Furnishings & Household Equipment
1993-02-01,05,4.3,0.2,1993,2,Furnishings & Household Equipment
1993-03-01,05,4.0,0.1,1993,3,Furnishings & Household Equipment
1993-04-01,05,3.6,0.2,1993,4,Furnishings & Household Equipment
1993-05-01,05,3.5,0.1,1993,5,Furnishings & Household Equipment
1993-06-01,05,3.7,0.5,1993,6,Furnishings & Household Equipment
1993-07-01,05,3.7,0.5,1993,7,Furnishings & Household Equipment
1993-08-01,05,4.1,0.4,1993,8,Furnishings & Household Equipment
1993-09-01,05,3.9,0.0,1993,9,Furnishings & Household Equipment
1993-10-01,05,3.9,0.1,1993,10,Furnishings & Household Equipment
1993-11-01,05,3.8,0.0,1993,11,Furnishings & Household Equipment
1993-12-01,05,4.1,0.2,1993,12,Furnishings & Household Equipment
1994-01-01,05,2.6,0.1,1994,1,Furnishings & Household Equipment
1994-02-01,05,2.5,0.1,1994,2,Furnishings & Household Equipment
1994-03-01,05,2.2,-0.1,1994,3,Furnishings & Household Equipment
1994-04-01,05,2.1,0.1,1994,4,Furnishings & Household Equipment
1994-05-01,05,2.0,0.0,1994,5,Furnishings & Household Equipment
1994-06-01,05,1.5,0.0,1994,6,Furnishings & Household Equipment
1994-07-01,05,1.2,0.2,1994,7,Furnishings & Household Equipment
1994-08-01,05,1.0,0.1,1994,8,Furnishings & Household Equipment
1994-09-01,05,1.0,0.0,1994,9,Furnishings & Household Equipment
1994-10-01,05,1.0,0.1,1994,10,Furnishings & Household Equipment
1994-11-01,05,1.1,0.1,1994,11,Furnishings & Household Equipment
1994-12-01,05,0.7,-0.1,1994,12,Furnishings & Household Equipment
1995-01-01,05,0.6,0.0,1995,1,Furnishings & Household Equipment
1995-02-01,05,0.5,0.0,1995,2,Furnishings & Household Equipment
1995-03-01,05,1.2,0.6,1995,3,Furnishings & Household Equipment
1995-04-01,05,1.1,0.0,1995,4,Furnishings & Household Equipment
1995-05-01,05,3.8,2.6,1995,5,Furnishings & Household Equipment
1995-06-01,05,3.8,0.0,1995,6,Furnishings & Household Equipment
1995-07-01,05,3.9,0.4,1995,7,Furnishings & Household Equipment
1995-08-01,05,3.8,0.0,1995,8,Furnishings & Household Equipment
1995-09-01,05,3.9,0.1,1995,9,Furnishings & Household Equipment
1995-10-01,05,3.8,0.0,1995,10,Furnishings & Household Equipment
1995-11-01,05,3.6,0.0,1995,11,Furnishings & Household Equipment
1995-12-01,05,3.8,0.0,1995,12,Furnishings & Household Equipment
1996-01-01,05,3.6,-0.1,1996,1,Furnishings & Household Equipment
1996-02-01,05,3.5,-0.1,1996,2,Furnishings & Household Equipment
1996-03-01,05,3.0,0.1,1996,3,Furnishings & Household Equipment
1996-04-01,05,3.0,0.0,1996,4,Furnishings & Household Equipment
1996-05-01,05,0.2,-0.1,1996,5,Furnishings & Household Equipment
1996-06-01,05,0.2,0.0,1996,6,Furnishings & Household Equipment
1996-07-01,05,0.1,0.2,1996,7,Furnishings & Household Equipment
1996-08-01,05,0.1,0.0,1996,8,Furnishings & Household Equipment
1996-09-01,05,0.0,0.0,1996,9,Furnishings & Household Equipment
1996-10-01,05,-0.1,-0.1,1996,10,Furnishings & Household Equipment
1996-11-01,05,-0.1,0.0,1996,11,Furnishings & Household Equipment
1996-12-01,05,-0.1,0.0,1996,12,Furnishings & Household Equipment
1997-01-01,05,0.0,0.0,1997,1,Furnishings & Household Equipment
1997-02-01,05,0.2,0.1,1997,2,Furnishings & Household Equipment
1997-03-01,05,0.1,0.0,1997,3,Furnishings & Household Equipment
1997-04-01,05,0.1,0.0,1997,4,Furnishings & Household Equipment
1997-05-01,05,0.1,-0.1,1997,5,Furnishings & Household Equipment
1997-06-01,05,0.1,0.0,1997,6,Furnishings & Household Equipment
1997-07-01,05,-0.2,-0.1,1997,7,Furnishings & Household Equipment
1997-08-01,05,-0.4,-0.1,1997,8,Furnishings & Household Equipment
1997-09-01,05,-0.4,0.0,1997,9,Furnishings & Household Equipment
1997-10-01,05,0.4,0.6,1997,10,Furnishings & Household Equipment
1997-11-01,05,0.6,0.2,1997,11,Furnishings & Household Equipment
1997-12-01,05,0.9,0.3,1997,12,Furnishings & Household Equipment
1998-01-01,05,1.3,0.3,1998,1,Furnishings & Household Equipment
1998-02-01,05,2.0,0.8,1998,2,Furnishings & Household Equipment
1998-03-01,05,3.0,1.0,1998,3,Furnishings & Household Equipment
1998-04-01,05,3.5,0.5,1998,4,Furnishings & Household Equipment
1998-05-01,05,4.1,0.5,1998,5,Furnishings & Household Equipment
1998-06-01,05,4.2,0.1,1998,6,Furnishings & Household Equipment
1998-07-01,05,4.7,0.3,1998,7,Furnishings & Household Equipment
1998-08-01,05,5.0,0.2,1998,8,Furnishings & Household Equipment
1998-09-01,05,5.2,0.1,1998,9,Furnishings & Household Equipment
1998-10-01,05,4.7,0.1,1998,10,Furnishings & Household Equipment
1998-11-01,05,4.5,0.1,1998,11,Furnishings & Household Equipment
1998-12-01,05,4.2,0.0,1998,12,Furnishings & Household Equipment
1999-01-01,05,3.9,0.1,1999,1,Furnishings & Household Equipment
1999-02-01,05,3.2,0.1,1999,2,Furnishings & Household Equipment
1999-03-01,05,2.2,0.0,1999,3,Furnishings & Household Equipment
1999-04-01,05,1.7,0.0,1999,4,Furnishings & Household Equipment
1999-05-01,05,1.2,0.0,1999,5,Furnishings & Household Equipment
1999-06-01,05,1.3,0.2,1999,6,Furnishings & Household Equipment
1999-07-01,05,0.8,-0.2,1999,7,Furnishings & Household Equipment
1999-08-01,05,0.6,0.0,1999,8,Furnishings & Household Equipment
1999-09-01,05,0.4,0.0,1999,9,Furnishings & Household Equipment
1999-10-01,05,0.2,-0.1,1999,10,Furnishings & Household Equipment
1999-11-01,05,0.2,0.1,1999,11,Furnishings & Household Equipment
1999-12-01,05,0.1,-0.1,1999,12,Furnishings & Household Equipment
2000-01-01,05,0.2,0.2,2000,1,Furnishings & Household Equipment
2000-02-01,05,0.1,0.0,2000,2,Furnishings & Household Equipment
2000-03-01,05,0.1,0.0,2000,3,Furnishings & Household Equipment
2000-04-01,05,0.1,0.0,2000,4,Furnishings & Household Equipment
2000-05-01,05,0.1,0.0,2000,5,Furnishings & Household Equipment
2000-06-01,05,-0.1,0.0,2000,6,Furnishings & Household Equipment
2000-07-01,05,0.1,0.0,2000,7,Furnishings & Household Equipment
2000-08-01,05,-0.1,-0.2,2000,8,Furnishings & Household Equipment
2000-09-01,05,-0.1,0.0,2000,9,Furnishings & Household Equipment
2000-10-01,05,0.0,0.0,2000,10,Furnishings & Household Equipment
2000-11-01,05,-0.2,-0.1,2000,11,Furnishings & Household Equipment
2000-12-01,05,-0.1,0.0,2000,12,Furnishings & Household Equipment
2001-01-01,05,-0.2,0.1,2001,1,Furnishings & Household Equipment
2001-02-01,05,0.1,0.3,2001,2,Furnishings & Household Equipment
2001-03-01,05,0.0,-0.1,2001,3,Furnishings & Household Equipment
2001-04-01,05,0.1,0.1,2001,4,Furnishings & Household Equipment
2001-05-01,05,0.1,0.0,2001,5,Furnishings & Household Equipment
2001-06-01,05,0.1,0.0,2001,6,Furnishings & Household Equipment
2001-07-01,05,0.2,0.1,2001,7,Furnishings & Household Equipment
2001-08-01,05,0.2,-0.2,2001,8,Furnishings & Household Equipment
2001-09-01,05,0.3,0.1,2001,9,Furnishings & Household Equipment
2001-10-01,05,0.3,0.0,2001,10,Furnishings & Household Equipment
2001-11-01,05,0.3,-0.1,2001,11,Furnishings & Household Equipment
2001-12-01,05,0.1,-0.2,2001,12,Furnishings & Household Equipment
2002-01-01,05,0.0,0.0,2002,1,Furnishings & Household Equipment
2002-02-01,05,-0.3,0.0,2002,2,Furnishings & Household Equipment
2002-03-01,05,-0.3,-0.1,2002,3,Furnishings & Household Equipment
2002-04-01,05,-0.4,0.0,2002,4,Furnishings & Household Equipment
2002-05-01,05,-0.4,0.0,2002,5,Furnishings & Household Equipment
2002-06-01,05,-0.6,-0.1,2002,6,Furnishings & Household Equipment
2002-07-01,05,-0.7,0.0,2002,7,Furnishings & Household Equipment
2002-08-01,05,-0.7,-0.2,2002,8,Furnishings & Household Equipment
2002-09-01,05,-0.7,0.1,2002,9,Furnishings & Household Equipment
2002-10-01,05,-0.8,-0.1,2002,10,Furnishings & Household Equipment
2002-11-01,05,-0.7,0.0,2002,11,Furnishings & Household Equipment
2002-12-01,05,-0.4,0.0,2002,12,Furnishings & Household Equipment
2003-01-01,05,1.8,2.2,2003,1,Furnishings & Household Equipment
2003-02-01,05,1.6,-0.2,2003,2,Furnishings & Household Equipment
2003-03-01,05,1.4,-0.2,2003,3,Furnishings & Household Equipment
2003-04-01,05,0.8,-0.7,2003,4,Furnishings & Household Equipment
2003-05-01,05,0.6,-0.2,2003,5,Furnishings & Household Equipment
2003-06-01,05,0.6,-0.1,2003,6,Furnishings & Household Equipment
2003-07-01,05,0.0,-0.6,2003,7,Furnishings & Household Equipment
2003-08-01,05,-0.1,-0.3,2003,8,Furnishings & Household Equipment
2003-09-01,05,-0.6,-0.3,2003,9,Furnishings & Household Equipment
2003-10-01,05,-1.1,-0.7,2003,10,Furnishings & Household Equipment
2003-11-01,05,-1.7,-0.6,2003,11,Furnishings & Household Equipment
2003-12-01,05,-1.7,0.0,2003,12,Furnishings & Household Equipment
2004-01-01,05,-1.5,2.4,2004,1,Furnishings & Household Equipment
2004-02-01,05,-1.2,0.1,2004,2,Furnishings & Household Equipment
2004-03-01,05,-1.0,0.0,2004,3,Furnishings & Household Equipment
2004-04-01,05,-0.1,0.2,2004,4,Furnishings & Household Equipment
2004-05-01,05,0.1,0.0,2004,5,Furnishings & Household Equipment
2004-06-01,05,0.2,0.0,2004,6,Furnishings & Household Equipment
2004-07-01,05,0.6,-0.2,2004,7,Furnishings & Household Equipment
2004-08-01,05,1.0,0.1,2004,8,Furnishings & Household Equipment
2004-09-01,05,1.2,-0.1,2004,9,Furnishings & Household Equipment
2004-10-01,05,2.0,0.1,2004,10,Furnishings & Household Equipment
2004-11-01,05,2.4,-0.2,2004,11,Furnishings & Household Equipment
2004-12-01,05,2.5,0.1,2004,12,Furnishings & Household Equipment
2005-01-01,05,0.6,0.4,2005,1,Furnishings & Household Equipment
2005-02-01,05,0.7,0.2,2005,2,Furnishings & Household Equipment
2005-03-01,05,0.7,0.0,2005,3,Furnishings & Household Equipment
2005-04-01,05,0.9,0.4,2005,4,Furnishings & Household Equipment
2005-05-01,05,1.0,0.1,2005,5,Furnishings & Household Equipment
2005-06-01,05,1.1,0.1,2005,6,Furnishings & Household Equipment
2005-07-01,05,1.4,0.1,2005,7,Furnishings & Household Equipment
2005-08-01,05,1.3,0.0,2005,8,Furnishings & Household Equipment
2005-09-01,05,1.5,0.1,2005,9,Furnishings & Household Equipment
2005-10-01,05,1.5,0.1,2005,10,Furnishings & Household Equipment
2005-11-01,05,2.1,0.3,2005,11,Furnishings & Household Equipment
2005-12-01,05,2.0,0.0,2005,12,Furnishings & Household Equipment
2006-01-01,05,1.5,0.0,2006,1,Furnishings & Household Equipment
2006-02-01,05,1.4,0.1,2006,2,Furnishings & Household Equipment
2006-03-01,05,1.4,0.0,2006,3,Furnishings & Household Equipment
2006-04-01,05,1.2,0.2,2006,4,Furnishings & Household Equipment
2006-05-01,05,1.1,0.0,2006,5,Furnishings & Household Equipment
2006-06-01,05,1.1,0.1,2006,6,Furnishings & Household Equipment
2006-07-01,05,1.1,0.1,2006,7,Furnishings & Household Equipment
2006-08-01,05,1.0,-0.1,2006,8,Furnishings & Household Equipment
2006-09-01,05,1.1,0.2,2006,9,Furnishings & Household Equipment
2006-10-01,05,1.1,0.1,2006,10,Furnishings & Household Equipment
2006-11-01,05,0.8,0.0,2006,11,Furnishings & Household Equipment
2006-12-01,05,0.8,0.0,2006,12,Furnishings & Household Equipment
2007-01-01,05,1.1,0.3,2007,1,Furnishings & Household Equipment
2007-02-01,05,0.9,-0.1,2007,2,Furnishings & Household Equipment
2007-03-01,05,1.2,0.3,2007,3,Furnishings & Household Equipment
2007-04-01,05,1.0,0.0,2007,4,Furnishings & Household Equipment
2007-05-01,05,1.0,0.0,2007,5,Furnishings & Household Equipment
2007-06-01,05,1.0,0.1,2007,6,Furnishings & Household Equipment
2007-07-01,05,1.1,0.2,2007,7,Furnishings & Household Equipment
2007-08-01,05,1.2,0.0,2007,8,Furnishings & Household Equipment
2007-09-01,05,1.1,0.1,2007,9,Furnishings & Household Equipment
2007-10-01,05,1.0,0.0,2007,10,Furnishings & Household Equipment
2007-11-01,05,1.2,0.2,2007,11,Furnishings & Household Equipment
2007-12-01,05,1.2,0.0,2007,12,Furnishings & Household Equipment
2008-01-01,05,1.2,0.3,2008,1,Furnishings & Household Equipment
2008-02-01,05,1.6,0.3,2008,2,Furnishings & Household Equipment
2008-03-01,05,1.5,0.2,2008,3,Furnishings & Household Equipment
2008-04-01,05,1.8,0.3,2008,4,Furnishings & Household Equipment
2008-05-01,05,1.9,0.1,2008,5,Furnishings & Household Equipment
2008-06-01,05,2.7,0.8,2008,6,Furnishings & Household Equipment
2008-07-01,05,3.5,1.0,2008,7,Furnishings & Household Equipment
2008-08-01,05,3.9,0.4,2008,8,Furnishings & Household Equipment
2008-09-01,05,4.1,0.2,2008,9,Furnishings & Household Equipment
2008-10-01,05,4.5,0.4,2008,10,Furnishings & Household Equipment
2008-11-01,05,4.6,0.3,2008,11,Furnishings & Household Equipment
2008-12-01,05,4.7,0.1,2008,12,Furnishings & Household Equipment
2009-01-01,05,4.9,0.5,2009,1,Furnishings & Household Equipment
2009-02-01,05,4.8,0.2,2009,2,Furnishings & Household Equipment
2009-03-01,05,4.5,0.0,2009,3,Furnishings & Household Equipment
2009-04-01,05,4.4,0.2,2009,4,Furnishings & Household Equipment
2009-05-01,05,4.3,0.0,2009,5,Furnishings & Household Equipment
2009-06-01,05,3.5,0.1,2009,6,Furnishings & Household Equipment
2009-07-01,05,2.4,-0.1,2009,7,Furnishings & Household Equipment
2009-08-01,05,2.1,0.1,2009,8,Furnishings & Household Equipment
2009-09-01,05,1.8,0.0,2009,9,Furnishings & Household Equipment
2009-10-01,05,1.5,0.1,2009,10,Furnishings & Household Equipment
2009-11-01,05,1.3,0.1,2009,11,Furnishings & Household Equipment
2009-12-01,05,1.1,-0.1,2009,12,Furnishings & Household Equipment
2010-01-01,05,1.1,0.5,2010,1,Furnishings & Household Equipment
2010-02-01,05,0.8,-0.1,2010,2,Furnishings & Household Equipment
2010-03-01,05,0.9,0.1,2010,3,Furnishings & Household Equipment
2010-04-01,05,0.7,0.0,2010,4,Furnishings & Household Equipment
2010-05-01,05,-0.2,-0.9,2010,5,Furnishings & Household Equipment
2010-06-01,05,0.5,0.8,2010,6,Furnishings & Household Equipment
2010-07-01,05,0.8,0.2,2010,7,Furnishings & Household Equipment
2010-08-01,05,0.6,-0.1,2010,8,Furnishings & Household Equipment
2010-09-01,05,0.7,0.1,2010,9,Furnishings & Household Equipment
2010-10-01,05,0.6,0.0,2010,10,Furnishings & Household Equipment
2010-11-01,05,0.5,0.0,2010,11,Furnishings & Household Equipment
2010-12-01,05,0.5,-0.1,2010,12,Furnishings & Household Equipment
2011-01-01,05,1.0,1.0,2011,1,Furnishings & Household Equipment
2011-02-01,05,1.2,0.1,2011,2,Furnishings & Household Equipment
2011-03-01,05,1.1,0.0,2011,3,Furnishings & Household Equipment
2011-04-01,05,1.2,0.1,2011,4,Furnishings & Household Equipment
2011-05-01,05,2.3,0.2,2011,5,Furnishings & Household Equipment
2011-06-01,05,1.7,0.2,2011,6,Furnishings & Household Equipment
2011-07-01,05,2.0,0.5,2011,7,Furnishings & Household Equipment
2011-08-01,05,2.1,0.0,2011,8,Furnishings & Household Equipment
2011-09-01,05,2.2,0.2,2011,9,Furnishings & Household Equipment
2011-10-01,05,2.2,0.0,2011,10,Furnishings & Household Equipment
2011-11-01,05,2.3,0.1,2011,11,Furnishings & Household Equipment
2011-12-01,05,2.5,0.1,2011,12,Furnishings & Household Equipment
2012-01-01,05,1.9,0.4,2012,1,Furnishings & Household Equipment
2012-02-01,05,2.2,0.4,2012,2,Furnishings & Household Equipment
2012-03-01,05,2.4,0.2,2012,3,Furnishings & Household Equipment
2012-04-01,05,2.4,0.1,2012,4,Furnishings & Household Equipment
2012-05-01,05,2.3,0.1,2012,5,Furnishings & Household Equipment
2012-06-01,05,2.2,0.1,2012,6,Furnishings & Household Equipment
2012-07-01,05,1.7,0.0,2012,7,Furnishings & Household Equipment
2012-08-01,05,1.9,0.2,2012,8,Furnishings & Household Equipment
2012-09-01,05,2.0,0.3,2012,9,Furnishings & Household Equipment
2012-10-01,05,1.9,-0.1,2012,10,Furnishings & Household Equipment
2012-11-01,05,1.8,0.0,2012,11,Furnishings & Household Equipment
2012-12-01,05,1.6,-0.1,2012,12,Furnishings & Household Equipment
2013-01-01,05,1.7,0.5,2013,1,Furnishings & Household Equipment
2013-02-01,05,1.5,0.3,2013,2,Furnishings & Household Equipment
2013-03-01,05,1.7,0.4,2013,3,Furnishings & Household Equipment
2013-04-01,05,1.7,0.1,2013,4,Furnishings & Household Equipment
2013-05-01,05,1.5,-0.1,2013,5,Furnishings & Household Equipment
2013-06-01,05,1.6,0.2,2013,6,Furnishings & Household Equipment
2013-07-01,05,1.6,0.0,2013,7,Furnishings & Household Equipment
2013-08-01,05,1.4,0.0,2013,8,Furnishings & Household Equipment
2013-09-01,05,1.3,0.2,2013,9,Furnishings & Household Equipment
2013-10-01,05,1.4,0.0,2013,10,Furnishings & Household Equipment
2013-11-01,05,1.6,0.2,2013,11,Furnishings & Household Equipment
2013-12-01,05,1.6,-0.1,2013,12,Furnishings & Household Equipment
2014-01-01,05,1.6,0.5,2014,1,Furnishings & Household Equipment
2014-02-01,05,1.5,0.2,2014,2,Furnishings & Household Equipment
2014-03-01,05,1.1,0.0,2014,3,Furnishings & Household Equipment
2014-04-01,05,1.0,0.0,2014,4,Furnishings & Household Equipment
2014-05-01,05,1.2,0.1,2014,5,Furnishings & Household Equipment
2014-06-01,05,1.0,0.0,2014,6,Furnishings & Household Equipment
2014-07-01,05,0.8,-0.3,2014,7,Furnishings & Household Equipment
2014-08-01,05,1.1,0.4,2014,8,Furnishings & Household Equipment
2014-09-01,05,0.9,0.0,2014,9,Furnishings & Household Equipment
2014-10-01,05,0.9,-0.1,2014,10,Furnishings & Household Equipment
2014-11-01,05,0.8,0.1,2014,11,Furnishings & Household Equipment
2014-12-01,05,0.6,-0.3,2014,12,Furnishings & Household Equipment
2015-01-01,05,0.5,0.4,2015,1,Furnishings & Household Equipment
2015-02-01,05,0.1,-0.2,2015,2,Furnishings & Household Equipment
2015-03-01,05,0.2,0.1,2015,3,Furnishings & Household Equipment
2015-04-01,05,2.3,2.2,2015,4,Furnishings & Household Equipment
2015-05-01,05,2.6,0.4,2015,5,Furnishings & Household Equipment
2015-06-01,05,3.2,0.5,2015,6,Furnishings & Household Equipment
2015-07-01,05,3.9,0.4,2015,7,Furnishings & Household Equipment
2015-08-01,05,3.7,0.3,2015,8,Furnishings & Household Equipment
2015-09-01,05,3.7,0.0,2015,9,Furnishings & Household Equipment
2015-10-01,05,3.8,-0.1,2015,10,Furnishings & Household Equipment
2015-11-01,05,3.8,0.2,2015,11,Furnishings & Household Equipment
2015-12-01,05,4.2,0.1,2015,12,Furnishings & Household Equipment
2016-01-01,05,4.1,0.3,2016,1,Furnishings & Household Equipment
2016-02-01,05,4.7,0.4,2016,2,Furnishings & Household Equipment
2016-03-01,05,4.7,0.1,2016,3,Furnishings & Household Equipment
2016-04-01,05,2.6,0.1,2016,4,Furnishings & Household Equipment
2016-05-01,05,2.2,0.0,2016,5,Furnishings & Household Equipment
2016-06-01,05,1.7,0.1,2016,6,Furnishings & Household Equipment
2016-07-01,05,1.5,0.2,2016,7,Furnishings & Household Equipment
2016-08-01,05,1.3,0.0,2016,8,Furnishings & Household Equipment
2016-09-01,05,1.3,0.0,2016,9,Furnishings & Household Equipment
2016-10-01,05,1.5,0.2,2016,10,Furnishings & Household Equipment
2016-11-01,05,1.4,0.1,2016,11,Furnishings & Household Equipment
2016-12-01,05,1.4,0.1,2016,12,Furnishings & Household Equipment
2017-01-01,05,1.5,0.4,2017,1,Furnishings & Household Equipment
2017-02-01,05,1.5,0.4,2017,2,Furnishings & Household Equipment
2017-03-01,05,1.5,0.1,2017,3,Furnishings & Household Equipment
2017-04-01,05,1.9,0.4,2017,4,Furnishings & Household Equipment
2017-05-01,05,2.1,0.3,2017,5,Furnishings & Household Equipment
2017-06-01,05,2.1,0.0,2017,6,Furnishings & Household Equipment
2017-07-01,05,2.6,0.7,2017,7,Furnishings & Household Equipment
2017-08-01,05,2.7,0.1,2017,8,Furnishings & Household Equipment
2017-09-01,05,2.8,0.1,2017,9,Furnishings & Household Equipment
2017-10-01,05,2.6,0.0,2017,10,Furnishings & Household Equipment
2017-11-01,05,2.5,0.0,2017,11,Furnishings & Household Equipment
2017-12-01,05,2.4,0.0,2017,12,Furnishings & Household Equipment
2018-01-01,05,2.6,0.5,2018,1,Furnishings & Household Equipment
2018-02-01,05,2.1,-0.1,2018,2,Furnishings & Household Equipment
2018-03-01,05,2.1,0.1,2018,3,Furnishings & Household Equipment
2018-04-01,05,1.8,0.1,2018,4,Furnishings & Household Equipment
2018-05-01,05,1.5,0.0,2018,5,Furnishings & Household Equipment
2018-06-01,05,-1.0,-2.4,2018,6,Furnishings & Household Equipment
2018-07-01,05,-1.7,0.0,2018,7,Furnishings & Household Equipment
2018-08-01,05,-1.7,0.1,2018,8,Furnishings & Household Equipment
2018-09-01,05,-0.8,1.0,2018,9,Furnishings & Household Equipment
2018-10-01,05,-0.3,0.4,2018,10,Furnishings & Household Equipment
2018-11-01,05,-0.1,0.3,2018,11,Furnishings & Household Equipment
2018-12-01,05,0.1,0.2,2018,12,Furnishings & Household Equipment
2019-01-01,05,-0.3,0.2,2019,1,Furnishings & Household Equipment
2019-02-01,05,0.1,0.3,2019,2,Furnishings & Household Equipment
2019-03-01,05,0.3,0.3,2019,3,Furnishings & Household Equipment
2019-04-01,05,0.2,0.0,2019,4,Furnishings & Household Equipment
2019-05-01,05,0.5,0.3,2019,5,Furnishings & Household Equipment
2019-06-01,05,3.1,0.1,2019,6,Furnishings & Household Equipment
2019-07-01,05,3.3,0.2,2019,7,Furnishings & Household Equipment
2019-08-01,05,3.2,0.0,2019,8,Furnishings & Household Equipment
2019-09-01,05,2.1,-0.1,2019,9,Furnishings & Household Equipment
2019-10-01,05,1.7,0.0,2019,10,Furnishings & Household Equipment
2019-11-01,05,1.5,0.1,2019,11,Furnishings & Household Equipment
2019-12-01,05,1.4,0.1,2019,12,Furnishings & Household Equipment
2020-01-01,05,1.2,0.0,2020,1,Furnishings & Household Equipment
2020-02-01,05,1.0,0.1,2020,2,Furnishings & Household Equipment
2020-03-01,05,0.8,0.0,2020,3,Furnishings & Household Equipment
2020-04-01,05,0.3,-0.4,2020,4,Furnishings & Household Equipment
2020-05-01,05,-0.2,-0.2,2020,5,Furnishings & Household Equipment
2020-06-01,05,-0.2,0.1,2020,6,Furnishings & Household Equipment
2020-07-01,05,-0.1,0.3,2020,7,Furnishings & Household Equipment
2020-08-01,05,-0.1,0.0,2020,8,Furnishings & Household Equipment
2020-09-01,05,0.1,0.1,2020,9,Furnishings & Household Equipment
2020-10-01,05,0.1,0.0,2020,10,Furnishings & Household Equipment
2020-11-01,05,-0.1,-0.1,2020,11,Furnishings & Household Equipment
2020-12-01,05,-0.1,0.1,2020,12,Furnishings & Household Equipment
2021-01-01,05,0.2,0.3,2021,1,Furnishings & Household Equipment
2021-02-01,05,0.3,0.2,2021,2,Furnishings & Household Equipment
2021-03-01,05,0.9,0.6,2021,3,Furnishings & Household Equipment
2021-04-01,05,1.6,0.3,2021,4,Furnishings & Household Equipment
2021-05-01,05,2.1,0.3,2021,5,Furnishings & Household Equipment
2021-06-01,05,2.0,0.0,2021,6,Furnishings & Household Equipment
2021-07-01,05,1.7,0.0,2021,7,Furnishings & Household Equipment
2021-08-01,05,1.7,0.0,2021,8,Furnishings & Household Equipment
2021-09-01,05,1.7,0.1,2021,9,Furnishings & Household Equipment
2021-10-01,05,2.1,0.4,2021,10,Furnishings & Household Equipment
2021-11-01,05,2.6,0.3,2021,11,Furnishings & Household Equipment
2021-12-01,05,2.7,0.3,2021,12,Furnishings & Household Equipment
2022-01-01,05,3.1,0.6,2022,1,Furnishings & Household Equipment
2022-02-01,05,3.2,0.2,2022,2,Furnishings & Household Equipment
2022-03-01,05,3.0,0.4,2022,3,Furnishings & Household Equipment
2022-04-01,05,2.7,0.1,2022,4,Furnishings & Household Equipment
2022-05-01,05,2.9,0.5,2022,5,Furnishings & Household Equipment
2022-06-01,05,3.4,0.4,2022,6,Furnishings & Household Equipment
2022-07-01,05,4.0,0.6,2022,7,Furnishings & Household Equipment
2022-08-01,05,4.3,0.3,2022,8,Furnishings & Household Equipment
2022-09-01,05,4.4,0.2,2022,9,Furnishings & Household Equipment
2022-10-01,05,4.1,0.2,2022,10,Furnishings & Household Equipment
2022-11-01,05,3.8,0.1,2022,11,Furnishings & Household Equipment
2022-12-01,05,3.7,0.1,2022,12,Furnishings & Household Equipment
2023-01-01,05,3.5,0.4,2023,1,Furnishings & Household Equipment
2023-02-01,05,3.4,0.2,2023,2,Furnishings & Household Equipment
2023-03-01,05,3.1,0.2,2023,3,Furnishings & Household Equipment
2023-04-01,05,3.0,0.0,2023,4,Furnishings & Household Equipment
2023-05-01,05,2.7,0.2,2023,5,Furnishings & Household Equipment
2023-06-01,05,2.3,0.0,2023,6,Furnishings & Household Equipment
2023-07-01,05,1.9,0.2,2023,7,Furnishings & Household Equipment
2023-08-01,05,1.7,0.2,2023,8,Furnishings & Household Equipment
2023-09-01,05,1.5,0.0,2023,9,Furnishings & Household Equipment
2023-10-01,05,1.4,0.1,2023,10,Furnishings & Household Equipment
2023-11-01,05,1.4,0.1,2023,11,Furnishings & Household Equipment
2023-12-01,05,1.4,0.0,2023,12,Furnishings & Household Equipment
2024-01-01,05,1.0,0.0,2024,1,Furnishings & Household Equipment
2024-02-01,05,0.9,0.1,2024,2,Furnishings & Household Equipment
2024-03-01,05,0.9,0.2,2024,3,Furnishings & Household Equipment
2024-04-01,05,1.0,0.1,2024,4,Furnishings & Household Equipment
2024-05-01,05,0.8,0.0,2024,5,Furnishings & Household Equipment
2024-06-01,05,0.9,0.1,2024,6,Furnishings & Household Equipment
2024-07-01,05,0.9,0.2,2024,7,Furnishings & Household Equipment
2024-08-01,05,0.7,0.0,2024,8,Furnishings & Household Equipment
2024-09-01,05,0.6,-0.1,2024,9,Furnishings & Household Equipment
2024-10-01,05,0.5,-0.1,2024,10,Furnishings & Household Equipment
2024-11-01,05,0.5,0.1,2024,11,Furnishings & Household Equipment
2024-12-01,05,0.4,-0.1,2024,12,Furnishings & Household Equipment
2025-01-01,05,0.5,0.1,2025,1,Furnishings & Household Equipment
2025-02-01,05,0.3,-0.1,2025,2,Furnishings & Household Equipment
2025-03-01,05,0.2,0.1,2025,3,Furnishings & Household Equipment
2025-04-01,05,0.1,-0.1,2025,4,Furnishings & Household Equipment
2025-05-01,05,0.2,0.1,2025,5,Furnishings & Household Equipment
2025-06-01,05,0.1,0.0,2025,6,Furnishings & Household Equipment
2025-07-01,05,0.1,0.2,2025,7,Furnishings & Household Equipment
2025-08-01,05,0.2,0.1,2025,8,Furnishings & Household Equipment
2025-09-01,05,0.2,0.0,2025,9,Furnishings & Household Equipment
2025-10-01,05,0.3,0.0,2025,10,Furnishings & Household Equipment
2025-11-01,05,0.2,0.0,2025,11,Furnishings & Household Equipment
2025-12-01,05,0.3,0.0,2025,12,Furnishings & Household Equipment
2026-01-01,05,0.2,-0.1,2026,1,Furnishings & Household Equipment
2026-02-01,05,0.2,0.0,2026,2,Furnishings & Household Equipment
2026-03-01,05,0.1,-0.1,2026,3,Furnishings & Household Equipment
2026-04-01,05,0.4,0.2,2026,4,Furnishings & Household Equipment
1980-02-01,06,,0.8,1980,2,Health
1980-03-01,06,,0.3,1980,3,Health
1980-04-01,06,,0.0,1980,4,Health
1980-05-01,06,,1.0,1980,5,Health
1980-06-01,06,,0.3,1980,6,Health
1980-07-01,06,,0.5,1980,7,Health
1980-08-01,06,,1.3,1980,8,Health
1980-09-01,06,,1.0,1980,9,Health
1980-10-01,06,,0.8,1980,10,Health
1980-11-01,06,,0.5,1980,11,Health
1980-12-01,06,,1.0,1980,12,Health
1981-01-01,06,8.5,0.7,1981,1,Health
1981-02-01,06,8.2,0.5,1981,2,Health
1981-03-01,06,8.1,0.2,1981,3,Health
1981-04-01,06,10.0,1.7,1981,4,Health
1981-05-01,06,9.6,0.7,1981,5,Health
1981-06-01,06,9.6,0.2,1981,6,Health
1981-07-01,06,9.5,0.5,1981,7,Health
1981-08-01,06,8.7,0.5,1981,8,Health
1981-09-01,06,8.3,0.7,1981,9,Health
1981-10-01,06,8.3,0.7,1981,10,Health
1981-11-01,06,8.0,0.2,1981,11,Health
1981-12-01,06,6.9,0.0,1981,12,Health
1982-01-01,06,6.6,0.5,1982,1,Health
1982-02-01,06,6.6,0.5,1982,2,Health
1982-03-01,06,6.8,0.5,1982,3,Health
1982-04-01,06,5.3,0.2,1982,4,Health
1982-05-01,06,4.7,0.2,1982,5,Health
1982-06-01,06,5.2,0.7,1982,6,Health
1982-07-01,06,4.9,0.2,1982,7,Health
1982-08-01,06,4.4,0.0,1982,8,Health
1982-09-01,06,4.0,0.2,1982,9,Health
1982-10-01,06,3.2,0.0,1982,10,Health
1982-11-01,06,3.0,0.0,1982,11,Health
1982-12-01,06,13.1,9.8,1982,12,Health
1983-01-01,06,13.3,0.6,1983,1,Health
1983-02-01,06,13.2,0.4,1983,2,Health
1983-03-01,06,13.4,0.6,1983,3,Health
1983-04-01,06,13.2,0.0,1983,4,Health
1983-05-01,06,13.1,0.2,1983,5,Health
1983-06-01,06,12.4,0.0,1983,6,Health
1983-07-01,06,12.1,0.0,1983,7,Health
1983-08-01,06,12.1,0.0,1983,8,Health
1983-09-01,06,12.1,0.2,1983,9,Health
1983-10-01,06,12.3,0.2,1983,10,Health
1983-11-01,06,12.3,0.0,1983,11,Health
1983-12-01,06,2.4,0.2,1983,12,Health
1984-01-01,06,2.0,0.2,1984,1,Health
1984-02-01,06,1.8,0.2,1984,2,Health
1984-03-01,06,1.2,0.0,1984,3,Health
1984-04-01,06,1.2,0.0,1984,4,Health
1984-05-01,06,1.0,0.0,1984,5,Health
1984-06-01,06,1.2,0.2,1984,6,Health
1984-07-01,06,1.4,0.2,1984,7,Health
1984-08-01,06,1.6,0.2,1984,8,Health
1984-09-01,06,1.4,0.0,1984,9,Health
1984-10-01,06,1.2,0.0,1984,10,Health
1984-11-01,06,1.2,0.0,1984,11,Health
1984-12-01,06,1.2,0.2,1984,12,Health
1985-01-01,06,1.8,0.8,1985,1,Health
1985-02-01,06,2.0,0.4,1985,2,Health
1985-03-01,06,2.0,0.0,1985,3,Health
1985-04-01,06,2.0,0.0,1985,4,Health
1985-05-01,06,2.0,0.0,1985,5,Health
1985-06-01,06,2.8,1.0,1985,6,Health
1985-07-01,06,2.8,0.2,1985,7,Health
1985-08-01,06,2.6,0.0,1985,8,Health
1985-09-01,06,2.6,0.0,1985,9,Health
1985-10-01,06,3.0,0.4,1985,10,Health
1985-11-01,06,3.0,0.0,1985,11,Health
1985-12-01,06,2.9,0.2,1985,12,Health
1986-01-01,06,2.3,0.2,1986,1,Health
1986-02-01,06,1.9,0.0,1986,2,Health
1986-03-01,06,2.1,0.2,1986,3,Health
1986-04-01,06,2.1,0.0,1986,4,Health
1986-05-01,06,2.1,0.0,1986,5,Health
1986-06-01,06,1.2,0.0,1986,6,Health
1986-07-01,06,1.2,0.2,1986,7,Health
1986-08-01,06,1.2,0.0,1986,8,Health
1986-09-01,06,1.2,0.0,1986,9,Health
1986-10-01,06,1.0,0.2,1986,10,Health
1986-11-01,06,1.0,0.0,1986,11,Health
1986-12-01,06,0.8,0.0,1986,12,Health
1987-01-01,06,0.8,0.2,1987,1,Health
1987-02-01,06,0.8,0.0,1987,2,Health
1987-03-01,06,0.8,0.2,1987,3,Health
1987-04-01,06,0.8,0.0,1987,4,Health
1987-05-01,06,0.8,0.0,1987,5,Health
1987-06-01,06,0.8,0.0,1987,6,Health
1987-07-01,06,0.8,0.2,1987,7,Health
1987-08-01,06,0.8,0.0,1987,8,Health
1987-09-01,06,0.8,0.0,1987,9,Health
1987-10-01,06,0.8,0.2,1987,10,Health
1987-11-01,06,0.8,0.0,1987,11,Health
1987-12-01,06,1.3,0.6,1987,12,Health
1988-01-01,06,1.3,0.2,1988,1,Health
1988-02-01,06,1.5,0.2,1988,2,Health
1988-03-01,06,1.3,0.0,1988,3,Health
1988-04-01,06,1.3,0.0,1988,4,Health
1988-05-01,06,1.5,0.2,1988,5,Health
1988-06-01,06,1.7,0.2,1988,6,Health
1988-07-01,06,1.7,0.2,1988,7,Health
1988-08-01,06,1.7,0.0,1988,8,Health
1988-09-01,06,1.7,0.0,1988,9,Health
1988-10-01,06,1.5,0.0,1988,10,Health
1988-11-01,06,1.7,0.2,1988,11,Health
1988-12-01,06,1.3,0.2,1988,12,Health
1989-01-01,06,1.3,0.2,1989,1,Health
1989-02-01,06,1.3,0.2,1989,2,Health
1989-03-01,06,1.5,0.2,1989,3,Health
1989-04-01,06,1.5,0.0,1989,4,Health
1989-05-01,06,1.5,0.2,1989,5,Health
1989-06-01,06,1.3,0.0,1989,6,Health
1989-07-01,06,1.7,0.5,1989,7,Health
1989-08-01,06,1.9,0.2,1989,8,Health
1989-09-01,06,1.9,0.0,1989,9,Health
1989-10-01,06,2.0,0.2,1989,10,Health
1989-11-01,06,2.0,0.2,1989,11,Health
1989-12-01,06,2.0,0.2,1989,12,Health
1990-01-01,06,2.9,1.1,1990,1,Health
1990-02-01,06,2.8,0.0,1990,2,Health
1990-03-01,06,2.6,0.0,1990,3,Health
1990-04-01,06,2.8,0.2,1990,4,Health
1990-05-01,06,2.6,0.0,1990,5,Health
1990-06-01,06,2.7,0.2,1990,6,Health
1990-07-01,06,2.4,0.2,1990,7,Health
1990-08-01,06,2.4,0.2,1990,8,Health
1990-09-01,06,2.4,0.0,1990,9,Health
1990-10-01,06,2.4,0.2,1990,10,Health
1990-11-01,06,2.5,0.4,1990,11,Health
1990-12-01,06,2.7,0.4,1990,12,Health
1991-01-01,06,2.1,0.5,1991,1,Health
1991-02-01,06,5.4,3.2,1991,2,Health
1991-03-01,06,5.7,0.3,1991,3,Health
1991-04-01,06,5.5,0.0,1991,4,Health
1991-05-01,06,5.7,0.2,1991,5,Health
1991-06-01,06,5.5,0.0,1991,6,Health
1991-07-01,06,5.7,0.3,1991,7,Health
1991-08-01,06,5.5,0.0,1991,8,Health
1991-09-01,06,5.7,0.2,1991,9,Health
1991-10-01,06,5.9,0.3,1991,10,Health
1991-11-01,06,5.8,0.3,1991,11,Health
1991-12-01,06,5.5,0.0,1991,12,Health
1992-01-01,06,0.0,-4.7,1992,1,Health
1992-02-01,06,0.0,3.2,1992,2,Health
1992-03-01,06,0.0,0.3,1992,3,Health
1992-04-01,06,0.0,0.0,1992,4,Health
1992-05-01,06,0.0,0.2,1992,5,Health
1992-06-01,06,0.0,0.0,1992,6,Health
1992-07-01,06,0.0,0.3,1992,7,Health
1992-08-01,06,0.0,0.0,1992,8,Health
1992-09-01,06,0.0,0.2,1992,9,Health
1992-10-01,06,0.0,0.3,1992,10,Health
1992-11-01,06,0.0,0.3,1992,11,Health
1992-12-01,06,0.0,0.0,1992,12,Health
1993-01-01,06,10.0,4.8,1993,1,Health
1993-02-01,06,7.3,0.6,1993,2,Health
1993-03-01,06,8.1,1.1,1993,3,Health
1993-04-01,06,8.5,0.3,1993,4,Health
1993-05-01,06,8.4,0.2,1993,5,Health
1993-06-01,06,9.1,0.6,1993,6,Health
1993-07-01,06,9.1,0.3,1993,7,Health
1993-08-01,06,9.3,0.2,1993,8,Health
1993-09-01,06,9.1,0.0,1993,9,Health
1993-10-01,06,8.9,0.2,1993,10,Health
1993-11-01,06,8.7,0.2,1993,11,Health
1993-12-01,06,8.7,0.0,1993,12,Health
1994-01-01,06,4.1,0.5,1994,1,Health
1994-02-01,06,3.8,0.3,1994,2,Health
1994-03-01,06,3.0,0.3,1994,3,Health
1994-04-01,06,3.1,0.5,1994,4,Health
1994-05-01,06,3.6,0.6,1994,5,Health
1994-06-01,06,3.1,0.2,1994,6,Health
1994-07-01,06,3.1,0.3,1994,7,Health
1994-08-01,06,3.1,0.1,1994,8,Health
1994-09-01,06,3.5,0.4,1994,9,Health
1994-10-01,06,3.5,0.1,1994,10,Health
1994-11-01,06,3.5,0.1,1994,11,Health
1994-12-01,06,3.7,0.1,1994,12,Health
1995-01-01,06,3.5,0.3,1995,1,Health
1995-02-01,06,3.4,0.1,1995,2,Health
1995-03-01,06,3.3,0.3,1995,3,Health
1995-04-01,06,3.3,0.4,1995,4,Health
1995-05-01,06,3.2,0.4,1995,5,Health
1995-06-01,06,3.0,0.0,1995,6,Health
1995-07-01,06,2.8,0.1,1995,7,Health
1995-08-01,06,2.8,0.1,1995,8,Health
1995-09-01,06,2.8,0.4,1995,9,Health
1995-10-01,06,2.7,0.0,1995,10,Health
1995-11-01,06,2.7,0.1,1995,11,Health
1995-12-01,06,2.7,0.1,1995,12,Health
1996-01-01,06,3.5,1.2,1996,1,Health
1996-02-01,06,3.7,0.3,1996,2,Health
1996-03-01,06,3.7,0.3,1996,3,Health
1996-04-01,06,3.5,0.3,1996,4,Health
1996-05-01,06,3.2,0.1,1996,5,Health
1996-06-01,06,3.4,0.1,1996,6,Health
1996-07-01,06,3.8,0.6,1996,7,Health
1996-08-01,06,3.8,0.1,1996,8,Health
1996-09-01,06,3.6,0.3,1996,9,Health
1996-10-01,06,3.9,0.3,1996,10,Health
1996-11-01,06,3.8,0.0,1996,11,Health
1996-12-01,06,3.9,0.3,1996,12,Health
1997-01-01,06,3.7,1.0,1997,1,Health
1997-02-01,06,3.7,0.3,1997,2,Health
1997-03-01,06,3.7,0.3,1997,3,Health
1997-04-01,06,3.4,0.0,1997,4,Health
1997-05-01,06,3.7,0.4,1997,5,Health
1997-06-01,06,3.8,0.3,1997,6,Health
1997-07-01,06,3.5,0.3,1997,7,Health
1997-08-01,06,3.5,0.1,1997,8,Health
1997-09-01,06,3.4,0.1,1997,9,Health
1997-10-01,06,3.3,0.3,1997,10,Health
1997-11-01,06,3.9,0.5,1997,11,Health
1997-12-01,06,4.3,0.7,1997,12,Health
1998-01-01,06,4.3,0.9,1998,1,Health
1998-02-01,06,5.1,1.1,1998,2,Health
1998-03-01,06,5.7,0.9,1998,3,Health
1998-04-01,06,6.3,0.5,1998,4,Health
1998-05-01,06,6.1,0.3,1998,5,Health
1998-06-01,06,6.8,0.9,1998,6,Health
1998-07-01,06,6.6,0.1,1998,7,Health
1998-08-01,06,6.6,0.1,1998,8,Health
1998-09-01,06,6.9,0.4,1998,9,Health
1998-10-01,06,7.0,0.4,1998,10,Health
1998-11-01,06,6.7,0.3,1998,11,Health
1998-12-01,06,6.1,0.1,1998,12,Health
1999-01-01,06,5.3,0.1,1999,1,Health
1999-02-01,06,4.4,0.3,1999,2,Health
1999-03-01,06,3.8,0.2,1999,3,Health
1999-04-01,06,3.3,0.1,1999,4,Health
1999-05-01,06,3.3,0.2,1999,5,Health
1999-06-01,06,2.5,0.1,1999,6,Health
1999-07-01,06,2.5,0.1,1999,7,Health
1999-08-01,06,2.5,0.1,1999,8,Health
1999-09-01,06,2.4,0.2,1999,9,Health
1999-10-01,06,2.1,0.1,1999,10,Health
1999-11-01,06,2.1,0.2,1999,11,Health
1999-12-01,06,2.1,0.1,1999,12,Health
2000-01-01,06,2.4,0.4,2000,1,Health
2000-02-01,06,2.1,0.0,2000,2,Health
2000-03-01,06,1.9,0.0,2000,3,Health
2000-04-01,06,2.0,0.2,2000,4,Health
2000-05-01,06,2.0,0.2,2000,5,Health
2000-06-01,06,2.0,0.1,2000,6,Health
2000-07-01,06,2.1,0.2,2000,7,Health
2000-08-01,06,2.2,0.2,2000,8,Health
2000-09-01,06,2.0,0.0,2000,9,Health
2000-10-01,06,2.0,0.1,2000,10,Health
2000-11-01,06,1.8,0.1,2000,11,Health
2000-12-01,06,1.8,0.1,2000,12,Health
2001-01-01,06,2.3,0.8,2001,1,Health
2001-02-01,06,2.4,0.1,2001,2,Health
2001-03-01,06,2.8,0.4,2001,3,Health
2001-04-01,06,2.9,0.4,2001,4,Health
2001-05-01,06,2.8,0.1,2001,5,Health
2001-06-01,06,2.9,0.2,2001,6,Health
2001-07-01,06,2.9,0.2,2001,7,Health
2001-08-01,06,3.0,0.4,2001,8,Health
2001-09-01,06,3.1,0.1,2001,9,Health
2001-10-01,06,3.1,0.1,2001,10,Health
2001-11-01,06,3.1,0.1,2001,11,Health
2001-12-01,06,3.1,0.1,2001,12,Health
2002-01-01,06,2.4,0.1,2002,1,Health
2002-02-01,06,2.6,0.4,2002,2,Health
2002-03-01,06,2.5,0.2,2002,3,Health
2002-04-01,06,2.4,0.2,2002,4,Health
2002-05-01,06,2.6,0.3,2002,5,Health
2002-06-01,06,2.5,0.1,2002,6,Health
2002-07-01,06,2.5,0.2,2002,7,Health
2002-08-01,06,2.2,0.1,2002,8,Health
2002-09-01,06,2.2,0.1,2002,9,Health
2002-10-01,06,2.2,0.1,2002,10,Health
2002-11-01,06,2.2,0.1,2002,11,Health
2002-12-01,06,2.2,0.1,2002,12,Health
2003-01-01,06,4.0,1.8,2003,1,Health
2003-02-01,06,3.4,-0.2,2003,2,Health
2003-03-01,06,3.1,0.0,2003,3,Health
2003-04-01,06,2.5,-0.3,2003,4,Health
2003-05-01,06,2.1,-0.1,2003,5,Health
2003-06-01,06,1.6,-0.3,2003,6,Health
2003-07-01,06,1.3,-0.1,2003,7,Health
2003-08-01,06,0.8,-0.3,2003,8,Health
2003-09-01,06,0.3,-0.3,2003,9,Health
2003-10-01,06,0.3,0.1,2003,10,Health
2003-11-01,06,-0.1,-0.3,2003,11,Health
2003-12-01,06,-0.3,-0.1,2003,12,Health
2004-01-01,06,0.6,2.8,2004,1,Health
2004-02-01,06,0.7,-0.1,2004,2,Health
2004-03-01,06,0.8,0.1,2004,3,Health
2004-04-01,06,0.9,-0.2,2004,4,Health
2004-05-01,06,1.1,0.1,2004,5,Health
2004-06-01,06,1.4,-0.1,2004,6,Health
2004-07-01,06,1.6,0.1,2004,7,Health
2004-08-01,06,1.7,-0.2,2004,8,Health
2004-09-01,06,2.1,0.0,2004,9,Health
2004-10-01,06,2.1,0.1,2004,10,Health
2004-11-01,06,2.1,-0.3,2004,11,Health
2004-12-01,06,2.2,0.0,2004,12,Health
2005-01-01,06,0.3,0.9,2005,1,Health
2005-02-01,06,0.4,0.0,2005,2,Health
2005-03-01,06,0.4,0.1,2005,3,Health
2005-04-01,06,0.8,0.1,2005,4,Health
2005-05-01,06,0.8,0.1,2005,5,Health
2005-06-01,06,1.0,0.1,2005,6,Health
2005-07-01,06,1.7,0.8,2005,7,Health
2005-08-01,06,2.7,0.8,2005,8,Health
2005-09-01,06,2.8,0.1,2005,9,Health
2005-10-01,06,2.7,0.0,2005,10,Health
2005-11-01,06,3.4,0.3,2005,11,Health
2005-12-01,06,3.3,-0.1,2005,12,Health
2006-01-01,06,2.6,0.2,2006,1,Health
2006-02-01,06,2.8,0.2,2006,2,Health
2006-03-01,06,2.7,0.0,2006,3,Health
2006-04-01,06,2.7,0.1,2006,4,Health
2006-05-01,06,2.8,0.2,2006,5,Health
2006-06-01,06,2.7,0.0,2006,6,Health
2006-07-01,06,2.2,0.3,2006,7,Health
2006-08-01,06,1.5,0.1,2006,8,Health
2006-09-01,06,1.6,0.2,2006,9,Health
2006-10-01,06,1.6,0.0,2006,10,Health
2006-11-01,06,1.5,0.2,2006,11,Health
2006-12-01,06,1.7,0.1,2006,12,Health
2007-01-01,06,1.6,0.1,2007,1,Health
2007-02-01,06,1.5,0.1,2007,2,Health
2007-03-01,06,1.5,0.0,2007,3,Health
2007-04-01,06,1.6,0.2,2007,4,Health
2007-05-01,06,1.5,0.1,2007,5,Health
2007-06-01,06,1.6,0.1,2007,6,Health
2007-07-01,06,1.4,0.1,2007,7,Health
2007-08-01,06,1.3,0.0,2007,8,Health
2007-09-01,06,1.4,0.3,2007,9,Health
2007-10-01,06,1.5,0.1,2007,10,Health
2007-11-01,06,1.4,0.1,2007,11,Health
2007-12-01,06,1.5,0.2,2007,12,Health
2008-01-01,06,1.8,0.4,2008,1,Health
2008-02-01,06,1.8,0.1,2008,2,Health
2008-03-01,06,1.9,0.1,2008,3,Health
2008-04-01,06,1.9,0.2,2008,4,Health
2008-05-01,06,2.0,0.2,2008,5,Health
2008-06-01,06,2.1,0.2,2008,6,Health
2008-07-01,06,2.3,0.3,2008,7,Health
2008-08-01,06,2.4,0.1,2008,8,Health
2008-09-01,06,2.3,0.2,2008,9,Health
2008-10-01,06,2.5,0.3,2008,10,Health
2008-11-01,06,2.9,0.4,2008,11,Health
2008-12-01,06,2.6,0.0,2008,12,Health
2009-01-01,06,2.5,0.3,2009,1,Health
2009-02-01,06,2.6,0.2,2009,2,Health
2009-03-01,06,2.5,0.0,2009,3,Health
2009-04-01,06,2.4,0.1,2009,4,Health
2009-05-01,06,2.5,0.3,2009,5,Health
2009-06-01,06,2.5,0.2,2009,6,Health
2009-07-01,06,2.2,0.0,2009,7,Health
2009-08-01,06,2.2,0.1,2009,8,Health
2009-09-01,06,2.2,0.2,2009,9,Health
2009-10-01,06,1.9,0.0,2009,10,Health
2009-11-01,06,1.6,0.2,2009,11,Health
2009-12-01,06,1.5,-0.1,2009,12,Health
2010-01-01,06,1.7,0.5,2010,1,Health
2010-02-01,06,1.5,0.0,2010,2,Health
2010-03-01,06,1.4,-0.1,2010,3,Health
2010-04-01,06,1.7,0.4,2010,4,Health
2010-05-01,06,1.5,0.1,2010,5,Health
2010-06-01,06,1.5,0.2,2010,6,Health
2010-07-01,06,1.6,0.1,2010,7,Health
2010-08-01,06,1.6,0.1,2010,8,Health
2010-09-01,06,1.6,0.2,2010,9,Health
2010-10-01,06,1.7,0.1,2010,10,Health
2010-11-01,06,1.6,0.1,2010,11,Health
2010-12-01,06,1.9,0.2,2010,12,Health
2011-01-01,06,2.1,0.7,2011,1,Health
2011-02-01,06,2.7,0.6,2011,2,Health
2011-03-01,06,2.7,-0.1,2011,3,Health
2011-04-01,06,2.5,0.2,2011,4,Health
2011-05-01,06,2.6,0.2,2011,5,Health
2011-06-01,06,2.5,0.1,2011,6,Health
2011-07-01,06,2.7,0.3,2011,7,Health
2011-08-01,06,2.9,0.3,2011,8,Health
2011-09-01,06,3.0,0.3,2011,9,Health
2011-10-01,06,3.1,0.2,2011,10,Health
2011-11-01,06,3.0,0.0,2011,11,Health
2011-12-01,06,2.8,0.0,2011,12,Health
2012-01-01,06,2.4,0.3,2012,1,Health
2012-02-01,06,2.0,0.2,2012,2,Health
2012-03-01,06,2.2,0.1,2012,3,Health
2012-04-01,06,2.2,0.2,2012,4,Health
2012-05-01,06,2.1,0.1,2012,5,Health
2012-06-01,06,2.0,0.1,2012,6,Health
2012-07-01,06,1.9,0.2,2012,7,Health
2012-08-01,06,1.7,0.1,2012,8,Health
2012-09-01,06,1.9,0.5,2012,9,Health
2012-10-01,06,1.8,0.1,2012,10,Health
2012-11-01,06,2.0,0.2,2012,11,Health
2012-12-01,06,2.1,0.1,2012,12,Health
2013-01-01,06,2.0,0.2,2013,1,Health
2013-02-01,06,1.9,0.1,2013,2,Health
2013-03-01,06,1.9,0.1,2013,3,Health
2013-04-01,06,2.1,0.4,2013,4,Health
2013-05-01,06,2.2,0.2,2013,5,Health
2013-06-01,06,1.9,-0.2,2013,6,Health
2013-07-01,06,1.8,0.1,2013,7,Health
2013-08-01,06,1.9,0.2,2013,8,Health
2013-09-01,06,1.7,0.3,2013,9,Health
2013-10-01,06,1.7,0.1,2013,10,Health
2013-11-01,06,1.8,0.3,2013,11,Health
2013-12-01,06,1.9,0.2,2013,12,Health
2014-01-01,06,2.1,0.4,2014,1,Health
2014-02-01,06,2.2,0.2,2014,2,Health
2014-03-01,06,2.3,0.2,2014,3,Health
2014-04-01,06,2.3,0.5,2014,4,Health
2014-05-01,06,2.4,0.3,2014,5,Health
2014-06-01,06,3.1,0.5,2014,6,Health
2014-07-01,06,3.3,0.3,2014,7,Health
2014-08-01,06,3.3,0.2,2014,8,Health
2014-09-01,06,3.4,0.4,2014,9,Health
2014-10-01,06,3.4,0.1,2014,10,Health
2014-11-01,06,3.4,0.4,2014,11,Health
2014-12-01,06,3.3,0.1,2014,12,Health
2015-01-01,06,3.2,0.3,2015,1,Health
2015-02-01,06,3.4,0.4,2015,2,Health
2015-03-01,06,3.6,0.4,2015,3,Health
2015-04-01,06,5.0,1.9,2015,4,Health
2015-05-01,06,5.0,0.3,2015,5,Health
2015-06-01,06,5.0,0.4,2015,6,Health
2015-07-01,06,4.8,0.1,2015,7,Health
2015-08-01,06,4.7,0.1,2015,8,Health
2015-09-01,06,4.6,0.3,2015,9,Health
2015-10-01,06,4.7,0.2,2015,10,Health
2015-11-01,06,4.4,0.1,2015,11,Health
2015-12-01,06,4.6,0.3,2015,12,Health
2016-01-01,06,4.6,0.3,2016,1,Health
2016-02-01,06,4.5,0.3,2016,2,Health
2016-03-01,06,4.2,0.0,2016,3,Health
2016-04-01,06,2.2,-0.1,2016,4,Health
2016-05-01,06,2.0,0.1,2016,5,Health
2016-06-01,06,2.0,0.4,2016,6,Health
2016-07-01,06,2.0,0.1,2016,7,Health
2016-08-01,06,2.2,0.3,2016,8,Health
2016-09-01,06,2.2,0.3,2016,9,Health
2016-10-01,06,2.3,0.3,2016,10,Health
2016-11-01,06,2.5,0.3,2016,11,Health
2016-12-01,06,2.4,0.2,2016,12,Health
2017-01-01,06,2.5,0.3,2017,1,Health
2017-02-01,06,2.4,0.3,2017,2,Health
2017-03-01,06,2.6,0.2,2017,3,Health
2017-04-01,06,2.8,0.2,2017,4,Health
2017-05-01,06,2.9,0.2,2017,5,Health
2017-06-01,06,2.6,0.2,2017,6,Health
2017-07-01,06,2.9,0.3,2017,7,Health
2017-08-01,06,2.7,0.1,2017,8,Health
2017-09-01,06,2.5,0.2,2017,9,Health
2017-10-01,06,2.4,0.1,2017,10,Health
2017-11-01,06,2.2,0.1,2017,11,Health
2017-12-01,06,2.3,0.2,2017,12,Health
2018-01-01,06,2.3,0.3,2018,1,Health
2018-02-01,06,2.1,0.1,2018,2,Health
2018-03-01,06,2.0,0.1,2018,3,Health
2018-04-01,06,2.1,0.2,2018,4,Health
2018-05-01,06,1.9,0.0,2018,5,Health
2018-06-01,06,0.3,-1.4,2018,6,Health
2018-07-01,06,0.0,0.0,2018,7,Health
2018-08-01,06,0.0,0.1,2018,8,Health
2018-09-01,06,-0.2,0.0,2018,9,Health
2018-10-01,06,-0.2,0.0,2018,10,Health
2018-11-01,06,-0.2,0.2,2018,11,Health
2018-12-01,06,-0.4,0.0,2018,12,Health
2019-01-01,06,-0.5,0.2,2019,1,Health
2019-02-01,06,-0.4,0.2,2019,2,Health
2019-03-01,06,-0.2,0.2,2019,3,Health
2019-04-01,06,-0.3,0.2,2019,4,Health
2019-05-01,06,-0.3,0.0,2019,5,Health
2019-06-01,06,1.2,0.2,2019,6,Health
2019-07-01,06,1.3,0.1,2019,7,Health
2019-08-01,06,1.4,0.2,2019,8,Health
2019-09-01,06,1.3,-0.1,2019,9,Health
2019-10-01,06,1.4,0.1,2019,10,Health
2019-11-01,06,1.4,0.2,2019,11,Health
2019-12-01,06,1.4,0.0,2019,12,Health
2020-01-01,06,1.4,0.2,2020,1,Health
2020-02-01,06,1.3,0.1,2020,2,Health
2020-03-01,06,1.4,0.3,2020,3,Health
2020-04-01,06,1.2,0.0,2020,4,Health
2020-05-01,06,1.2,0.0,2020,5,Health
2020-06-01,06,1.1,0.1,2020,6,Health
2020-07-01,06,1.1,0.1,2020,7,Health
2020-08-01,06,1.1,0.1,2020,8,Health
2020-09-01,06,1.1,0.0,2020,9,Health
2020-10-01,06,1.1,0.1,2020,10,Health
2020-11-01,06,1.0,0.0,2020,11,Health
2020-12-01,06,1.0,0.0,2020,12,Health
2021-01-01,06,0.7,0.0,2021,1,Health
2021-02-01,06,0.7,0.1,2021,2,Health
2021-03-01,06,0.5,0.1,2021,3,Health
2021-04-01,06,0.5,0.0,2021,4,Health
2021-05-01,06,0.6,0.1,2021,5,Health
2021-06-01,06,0.5,0.0,2021,6,Health
2021-07-01,06,0.4,0.0,2021,7,Health
2021-08-01,06,0.3,0.0,2021,8,Health
2021-09-01,06,0.3,0.0,2021,9,Health
2021-10-01,06,0.2,0.0,2021,10,Health
2021-11-01,06,0.2,0.0,2021,11,Health
2021-12-01,06,0.2,0.0,2021,12,Health
2022-01-01,06,0.3,0.1,2022,1,Health
2022-02-01,06,0.5,0.2,2022,2,Health
2022-03-01,06,0.2,-0.2,2022,3,Health
2022-04-01,06,0.2,0.1,2022,4,Health
2022-05-01,06,0.4,0.2,2022,5,Health
2022-06-01,06,0.6,0.2,2022,6,Health
2022-07-01,06,0.8,0.2,2022,7,Health
2022-08-01,06,0.9,0.1,2022,8,Health
2022-09-01,06,1.0,0.1,2022,9,Health
2022-10-01,06,1.0,0.1,2022,10,Health
2022-11-01,06,1.4,0.3,2022,11,Health
2022-12-01,06,1.3,-0.1,2022,12,Health
2023-01-01,06,1.6,0.4,2023,1,Health
2023-02-01,06,1.8,0.5,2023,2,Health
2023-03-01,06,2.2,0.1,2023,3,Health
2023-04-01,06,2.1,0.0,2023,4,Health
2023-05-01,06,1.9,0.1,2023,5,Health
2023-06-01,06,2.0,0.2,2023,6,Health
2023-07-01,06,2.0,0.2,2023,7,Health
2023-08-01,06,2.4,0.5,2023,8,Health
2023-09-01,06,2.2,-0.1,2023,9,Health
2023-10-01,06,2.4,0.2,2023,10,Health
2023-11-01,06,2.3,0.2,2023,11,Health
2023-12-01,06,2.5,0.2,2023,12,Health
2024-01-01,06,2.4,0.2,2024,1,Health
2024-02-01,06,2.2,0.3,2024,2,Health
2024-03-01,06,2.1,0.0,2024,3,Health
2024-04-01,06,2.3,0.2,2024,4,Health
2024-05-01,06,2.2,0.0,2024,5,Health
2024-06-01,06,1.8,-0.2,2024,6,Health
2024-07-01,06,1.9,0.3,2024,7,Health
2024-08-01,06,1.6,0.2,2024,8,Health
2024-09-01,06,1.6,-0.1,2024,9,Health
2024-10-01,06,1.4,0.1,2024,10,Health
2024-11-01,06,1.2,0.0,2024,11,Health
2024-12-01,06,1.1,0.1,2024,12,Health
2025-01-01,06,1.2,0.3,2025,1,Health
2025-02-01,06,1.0,0.2,2025,2,Health
2025-03-01,06,1.0,0.0,2025,3,Health
2025-04-01,06,0.9,0.1,2025,4,Health
2025-05-01,06,1.1,0.2,2025,5,Health
2025-06-01,06,1.2,0.0,2025,6,Health
2025-07-01,06,1.2,0.3,2025,7,Health
2025-08-01,06,1.1,0.1,2025,8,Health
2025-09-01,06,1.3,0.1,2025,9,Health
2025-10-01,06,1.5,0.2,2025,10,Health
2025-11-01,06,1.5,0.0,2025,11,Health
2025-12-01,06,1.5,0.2,2025,12,Health
2026-01-01,06,1.4,0.2,2026,1,Health
2026-02-01,06,1.2,0.0,2026,2,Health
2026-03-01,06,1.4,0.2,2026,3,Health
2026-04-01,06,1.4,0.2,2026,4,Health
1980-02-01,07,,0.0,1980,2,Transport
1980-03-01,07,,0.3,1980,3,Transport
1980-04-01,07,,0.3,1980,4,Transport
1980-05-01,07,,3.3,1980,5,Transport
1980-06-01,07,,0.3,1980,6,Transport
1980-07-01,07,,0.5,1980,7,Transport
1980-08-01,07,,4.2,1980,8,Transport
1980-09-01,07,,1.5,1980,9,Transport
1980-10-01,07,,0.5,1980,10,Transport
1980-11-01,07,,1.5,1980,11,Transport
1980-12-01,07,,0.0,1980,12,Transport
1981-01-01,07,11.3,-1.5,1981,1,Transport
1981-02-01,07,12.2,0.7,1981,2,Transport
1981-03-01,07,11.8,0.0,1981,3,Transport
1981-04-01,07,11.8,0.2,1981,4,Transport
1981-05-01,07,10.6,2.2,1981,5,Transport
1981-06-01,07,11.7,1.2,1981,6,Transport
1981-07-01,07,11.9,0.7,1981,7,Transport
1981-08-01,07,7.6,0.2,1981,8,Transport
1981-09-01,07,6.2,0.2,1981,9,Transport
1981-10-01,07,5.7,0.0,1981,10,Transport
1981-11-01,07,4.6,0.5,1981,11,Transport
1981-12-01,07,5.1,0.5,1981,12,Transport
1982-01-01,07,6.7,0.0,1982,1,Transport
1982-02-01,07,5.9,0.0,1982,2,Transport
1982-03-01,07,6.2,0.2,1982,3,Transport
1982-04-01,07,5.9,0.0,1982,4,Transport
1982-05-01,07,3.6,0.0,1982,5,Transport
1982-06-01,07,2.4,0.0,1982,6,Transport
1982-07-01,07,1.9,0.2,1982,7,Transport
1982-08-01,07,1.6,0.0,1982,8,Transport
1982-09-01,07,1.6,0.2,1982,9,Transport
1982-10-01,07,1.6,0.0,1982,10,Transport
1982-11-01,07,3.0,1.8,1982,11,Transport
1982-12-01,07,3.0,0.5,1982,12,Transport
1983-01-01,07,3.3,0.2,1983,1,Transport
1983-02-01,07,3.3,0.0,1983,2,Transport
1983-03-01,07,3.2,0.2,1983,3,Transport
1983-04-01,07,2.1,-1.1,1983,4,Transport
1983-05-01,07,2.1,0.0,1983,5,Transport
1983-06-01,07,2.1,0.0,1983,6,Transport
1983-07-01,07,2.1,0.2,1983,7,Transport
1983-08-01,07,2.1,0.0,1983,8,Transport
1983-09-01,07,2.5,0.7,1983,9,Transport
1983-10-01,07,2.5,0.0,1983,10,Transport
1983-11-01,07,0.9,0.2,1983,11,Transport
1983-12-01,07,0.5,0.0,1983,12,Transport
1984-01-01,07,3.2,2.9,1984,1,Transport
1984-02-01,07,3.4,0.2,1984,2,Transport
1984-03-01,07,3.4,0.2,1984,3,Transport
1984-04-01,07,5.2,0.7,1984,4,Transport
1984-05-01,07,4.8,-0.4,1984,5,Transport
1984-06-01,07,5.0,0.2,1984,6,Transport
1984-07-01,07,4.8,0.0,1984,7,Transport
1984-08-01,07,4.5,-0.2,1984,8,Transport
1984-09-01,07,3.8,0.0,1984,9,Transport
1984-10-01,07,3.8,0.0,1984,10,Transport
1984-11-01,07,3.6,0.0,1984,11,Transport
1984-12-01,07,3.6,0.0,1984,12,Transport
1985-01-01,07,1.1,0.4,1985,1,Transport
1985-02-01,07,0.9,0.0,1985,2,Transport
1985-03-01,07,1.5,0.9,1985,3,Transport
1985-04-01,07,1.3,0.4,1985,4,Transport
1985-05-01,07,1.7,0.0,1985,5,Transport
1985-06-01,07,2.8,1.3,1985,6,Transport
1985-07-01,07,3.0,0.2,1985,7,Transport
1985-08-01,07,3.7,0.4,1985,8,Transport
1985-09-01,07,3.7,0.0,1985,9,Transport
1985-10-01,07,3.0,-0.6,1985,10,Transport
1985-11-01,07,2.4,-0.6,1985,11,Transport
1985-12-01,07,2.4,0.0,1985,12,Transport
1986-01-01,07,1.9,0.0,1986,1,Transport
1986-02-01,07,1.9,0.0,1986,2,Transport
1986-03-01,07,-1.3,-2.3,1986,3,Transport
1986-04-01,07,-1.9,-0.2,1986,4,Transport
1986-05-01,07,-1.9,0.0,1986,5,Transport
1986-06-01,07,-1.5,1.7,1986,6,Transport
1986-07-01,07,0.4,2.1,1986,7,Transport
1986-08-01,07,0.2,0.2,1986,8,Transport
1986-09-01,07,0.2,0.0,1986,9,Transport
1986-10-01,07,1.1,0.2,1986,10,Transport
1986-11-01,07,1.5,-0.2,1986,11,Transport
1986-12-01,07,1.5,0.0,1986,12,Transport
1987-01-01,07,1.5,0.0,1987,1,Transport
1987-02-01,07,1.9,0.4,1987,2,Transport
1987-03-01,07,3.9,-0.4,1987,3,Transport
1987-04-01,07,4.8,0.6,1987,4,Transport
1987-05-01,07,5.2,0.4,1987,5,Transport
1987-06-01,07,3.8,0.4,1987,6,Transport
1987-07-01,07,2.1,0.4,1987,7,Transport
1987-08-01,07,2.1,0.2,1987,8,Transport
1987-09-01,07,2.3,0.2,1987,9,Transport
1987-10-01,07,2.1,0.0,1987,10,Transport
1987-11-01,07,2.5,0.2,1987,11,Transport
1987-12-01,07,2.5,0.0,1987,12,Transport
1988-01-01,07,3.8,1.2,1988,1,Transport
1988-02-01,07,3.1,-0.2,1988,2,Transport
1988-03-01,07,4.6,1.0,1988,3,Transport
1988-04-01,07,5.0,1.0,1988,4,Transport
1988-05-01,07,4.5,0.0,1988,5,Transport
1988-06-01,07,8.4,4.2,1988,6,Transport
1988-07-01,07,8.2,0.2,1988,7,Transport
1988-08-01,07,8.6,0.6,1988,8,Transport
1988-09-01,07,8.4,0.0,1988,9,Transport
1988-10-01,07,8.6,0.2,1988,10,Transport
1988-11-01,07,9.0,0.6,1988,11,Transport
1988-12-01,07,9.0,0.0,1988,12,Transport
1989-01-01,07,8.9,1.1,1989,1,Transport
1989-02-01,07,9.7,0.6,1989,2,Transport
1989-03-01,07,8.8,0.2,1989,3,Transport
1989-04-01,07,7.9,0.2,1989,4,Transport
1989-05-01,07,8.5,0.5,1989,5,Transport
1989-06-01,07,4.9,0.7,1989,6,Transport
1989-07-01,07,6.2,1.4,1989,7,Transport
1989-08-01,07,5.3,-0.4,1989,8,Transport
1989-09-01,07,5.6,0.4,1989,9,Transport
1989-10-01,07,5.6,0.2,1989,10,Transport
1989-11-01,07,5.4,0.4,1989,11,Transport
1989-12-01,07,5.4,0.0,1989,12,Transport
1990-01-01,07,5.2,0.9,1990,1,Transport
1990-02-01,07,5.7,1.1,1990,2,Transport
1990-03-01,07,5.9,0.3,1990,3,Transport
1990-04-01,07,5.7,0.0,1990,4,Transport
1990-05-01,07,5.1,0.0,1990,5,Transport
1990-06-01,07,4.3,0.0,1990,6,Transport
1990-07-01,07,2.9,0.0,1990,7,Transport
1990-08-01,07,3.4,0.2,1990,8,Transport
1990-09-01,07,3.9,0.9,1990,9,Transport
1990-10-01,07,6.0,2.2,1990,10,Transport
1990-11-01,07,5.9,0.2,1990,11,Transport
1990-12-01,07,5.9,0.0,1990,12,Transport
1991-01-01,07,5.8,0.8,1991,1,Transport
1991-02-01,07,4.9,0.2,1991,2,Transport
1991-03-01,07,4.7,0.2,1991,3,Transport
1991-04-01,07,4.7,0.0,1991,4,Transport
1991-05-01,07,4.9,0.2,1991,5,Transport
1991-06-01,07,4.9,0.0,1991,6,Transport
1991-07-01,07,4.9,0.0,1991,7,Transport
1991-08-01,07,4.8,0.2,1991,8,Transport
1991-09-01,07,4.8,0.8,1991,9,Transport
1991-10-01,07,2.5,0.0,1991,10,Transport
1991-11-01,07,2.3,0.0,1991,11,Transport
1991-12-01,07,2.5,0.2,1991,12,Transport
1992-01-01,07,0.0,-1.6,1992,1,Transport
1992-02-01,07,0.0,0.2,1992,2,Transport
1992-03-01,07,0.0,0.2,1992,3,Transport
1992-04-01,07,0.0,0.0,1992,4,Transport
1992-05-01,07,0.0,0.2,1992,5,Transport
1992-06-01,07,0.0,0.0,1992,6,Transport
1992-07-01,07,0.0,0.0,1992,7,Transport
1992-08-01,07,0.0,0.2,1992,8,Transport
1992-09-01,07,0.0,0.8,1992,9,Transport
1992-10-01,07,0.0,0.0,1992,10,Transport
1992-11-01,07,0.0,0.0,1992,11,Transport
1992-12-01,07,0.0,0.2,1992,12,Transport
1993-01-01,07,10.1,8.3,1993,1,Transport
1993-02-01,07,10.0,0.0,1993,2,Transport
1993-03-01,07,10.4,0.6,1993,3,Transport
1993-04-01,07,10.4,0.0,1993,4,Transport
1993-05-01,07,10.2,0.0,1993,5,Transport
1993-06-01,07,10.2,0.0,1993,6,Transport
1993-07-01,07,10.2,0.0,1993,7,Transport
1993-08-01,07,10.2,0.1,1993,8,Transport
1993-09-01,07,9.3,0.0,1993,9,Transport
1993-10-01,07,9.3,0.0,1993,10,Transport
1993-11-01,07,9.5,0.1,1993,11,Transport
1993-12-01,07,12.7,3.1,1993,12,Transport
1994-01-01,07,4.5,0.4,1994,1,Transport
1994-02-01,07,4.7,0.1,1994,2,Transport
1994-03-01,07,4.2,0.1,1994,3,Transport
1994-04-01,07,4.2,0.0,1994,4,Transport
1994-05-01,07,4.6,0.4,1994,5,Transport
1994-06-01,07,4.8,0.1,1994,6,Transport
1994-07-01,07,4.8,0.0,1994,7,Transport
1994-08-01,07,5.1,0.4,1994,8,Transport
1994-09-01,07,5.2,0.1,1994,9,Transport
1994-10-01,07,5.2,0.0,1994,10,Transport
1994-11-01,07,5.5,0.4,1994,11,Transport
1994-12-01,07,2.3,0.0,1994,12,Transport
1995-01-01,07,2.0,0.1,1995,1,Transport
1995-02-01,07,1.9,0.0,1995,2,Transport
1995-03-01,07,1.7,0.0,1995,3,Transport
1995-04-01,07,1.9,0.1,1995,4,Transport
1995-05-01,07,1.6,0.1,1995,5,Transport
1995-06-01,07,1.7,0.3,1995,6,Transport
1995-07-01,07,2.1,0.4,1995,7,Transport
1995-08-01,07,1.7,0.0,1995,8,Transport
1995-09-01,07,1.6,0.0,1995,9,Transport
1995-10-01,07,2.1,0.6,1995,10,Transport
1995-11-01,07,1.7,0.0,1995,11,Transport
1995-12-01,07,1.8,0.1,1995,12,Transport
1996-01-01,07,2.0,0.3,1996,1,Transport
1996-02-01,07,2.0,0.0,1996,2,Transport
1996-03-01,07,2.0,0.0,1996,3,Transport
1996-04-01,07,1.8,0.0,1996,4,Transport
1996-05-01,07,2.3,0.6,1996,5,Transport
1996-06-01,07,2.1,0.1,1996,6,Transport
1996-07-01,07,0.7,-1.0,1996,7,Transport
1996-08-01,07,0.7,0.0,1996,8,Transport
1996-09-01,07,0.8,0.1,1996,9,Transport
1996-10-01,07,0.4,0.1,1996,10,Transport
1996-11-01,07,0.7,0.3,1996,11,Transport
1996-12-01,07,0.7,0.1,1996,12,Transport
1997-01-01,07,0.7,0.3,1997,1,Transport
1997-02-01,07,0.7,0.0,1997,2,Transport
1997-03-01,07,0.7,0.0,1997,3,Transport
1997-04-01,07,0.7,0.0,1997,4,Transport
1997-05-01,07,0.1,0.0,1997,5,Transport
1997-06-01,07,0.0,0.0,1997,6,Transport
1997-07-01,07,1.0,0.0,1997,7,Transport
1997-08-01,07,1.0,0.0,1997,8,Transport
1997-09-01,07,0.8,0.0,1997,9,Transport
1997-10-01,07,0.7,0.0,1997,10,Transport
1997-11-01,07,0.7,0.3,1997,11,Transport
1997-12-01,07,0.0,-0.5,1997,12,Transport
1998-01-01,07,0.1,0.4,1998,1,Transport
1998-02-01,07,0.1,0.0,1998,2,Transport
1998-03-01,07,0.1,0.0,1998,3,Transport
1998-04-01,07,0.0,-0.1,1998,4,Transport
1998-05-01,07,0.0,0.0,1998,5,Transport
1998-06-01,07,-0.1,-0.1,1998,6,Transport
1998-07-01,07,-0.3,-0.1,1998,7,Transport
1998-08-01,07,-0.3,0.0,1998,8,Transport
1998-09-01,07,-0.3,0.0,1998,9,Transport
1998-10-01,07,-0.3,0.0,1998,10,Transport
1998-11-01,07,-0.5,0.0,1998,11,Transport
1998-12-01,07,0.0,0.0,1998,12,Transport
1999-01-01,07,-0.4,0.0,1999,1,Transport
1999-02-01,07,0.0,0.4,1999,2,Transport
1999-03-01,07,0.1,0.1,1999,3,Transport
1999-04-01,07,-0.6,-0.8,1999,4,Transport
1999-05-01,07,0.6,1.1,1999,5,Transport
1999-06-01,07,0.7,0.0,1999,6,Transport
1999-07-01,07,1.0,0.1,1999,7,Transport
1999-08-01,07,0.8,-0.1,1999,8,Transport
1999-09-01,07,1.0,0.1,1999,9,Transport
1999-10-01,07,1.0,0.0,1999,10,Transport
1999-11-01,07,1.0,0.0,1999,11,Transport
1999-12-01,07,1.0,0.0,1999,12,Transport
2000-01-01,07,1.7,0.7,2000,1,Transport
2000-02-01,07,1.2,0.0,2000,2,Transport
2000-03-01,07,1.1,0.0,2000,3,Transport
2000-04-01,07,2.1,0.1,2000,4,Transport
2000-05-01,07,1.1,0.1,2000,5,Transport
2000-06-01,07,1.1,0.0,2000,6,Transport
2000-07-01,07,1.2,0.3,2000,7,Transport
2000-08-01,07,1.8,0.4,2000,8,Transport
2000-09-01,07,1.6,0.0,2000,9,Transport
2000-10-01,07,4.0,2.3,2000,10,Transport
2000-11-01,07,4.0,0.0,2000,11,Transport
2000-12-01,07,4.0,0.0,2000,12,Transport
2001-01-01,07,3.8,0.5,2001,1,Transport
2001-02-01,07,4.1,0.3,2001,2,Transport
2001-03-01,07,4.2,0.1,2001,3,Transport
2001-04-01,07,4.2,0.1,2001,4,Transport
2001-05-01,07,4.1,0.0,2001,5,Transport
2001-06-01,07,4.1,0.0,2001,6,Transport
2001-07-01,07,3.8,0.0,2001,7,Transport
2001-08-01,07,3.6,0.3,2001,8,Transport
2001-09-01,07,3.6,0.0,2001,9,Transport
2001-10-01,07,1.3,0.0,2001,10,Transport
2001-11-01,07,3.6,2.2,2001,11,Transport
2001-12-01,07,3.4,-0.1,2001,12,Transport
2002-01-01,07,3.1,0.3,2002,1,Transport
2002-02-01,07,2.9,0.0,2002,2,Transport
2002-03-01,07,7.7,4.8,2002,3,Transport
2002-04-01,07,7.6,0.0,2002,4,Transport
2002-05-01,07,7.9,0.4,2002,5,Transport
2002-06-01,07,7.9,0.0,2002,6,Transport
2002-07-01,07,7.9,0.0,2002,7,Transport
2002-08-01,07,7.7,0.0,2002,8,Transport
2002-09-01,07,7.5,-0.1,2002,9,Transport
2002-10-01,07,7.5,0.0,2002,10,Transport
2002-11-01,07,5.5,0.2,2002,11,Transport
2002-12-01,07,5.5,-0.1,2002,12,Transport
2003-01-01,07,9.8,4.3,2003,1,Transport
2003-02-01,07,9.5,-0.2,2003,2,Transport
2003-03-01,07,5.0,0.5,2003,3,Transport
2003-04-01,07,4.7,-0.2,2003,4,Transport
2003-05-01,07,0.2,-3.9,2003,5,Transport
2003-06-01,07,-0.1,-0.4,2003,6,Transport
2003-07-01,07,-1.0,-0.8,2003,7,Transport
2003-08-01,07,-4.6,-3.7,2003,8,Transport
2003-09-01,07,-4.6,-0.1,2003,9,Transport
2003-10-01,07,-4.8,-0.3,2003,10,Transport
2003-11-01,07,-5.4,-0.4,2003,11,Transport
2003-12-01,07,-6.9,-1.7,2003,12,Transport
2004-01-01,07,-4.6,6.9,2004,1,Transport
2004-02-01,07,-4.2,0.2,2004,2,Transport
2004-03-01,07,-4.5,0.1,2004,3,Transport
2004-04-01,07,-3.9,0.4,2004,4,Transport
2004-05-01,07,0.2,0.2,2004,5,Transport
2004-06-01,07,0.6,0.0,2004,6,Transport
2004-07-01,07,0.7,-0.7,2004,7,Transport
2004-08-01,07,3.7,-0.8,2004,8,Transport
2004-09-01,07,4.1,0.2,2004,9,Transport
2004-10-01,07,5.6,1.2,2004,10,Transport
2004-11-01,07,5.7,-0.2,2004,11,Transport
2004-12-01,07,5.8,-1.6,2004,12,Transport
2005-01-01,07,1.9,2.9,2005,1,Transport
2005-02-01,07,1.8,0.1,2005,2,Transport
2005-03-01,07,1.8,0.1,2005,3,Transport
2005-04-01,07,1.6,0.1,2005,4,Transport
2005-05-01,07,5.3,3.9,2005,5,Transport
2005-06-01,07,5.3,0.0,2005,6,Transport
2005-07-01,07,6.3,0.2,2005,7,Transport
2005-08-01,07,10.7,3.3,2005,8,Transport
2005-09-01,07,10.5,0.0,2005,9,Transport
2005-10-01,07,9.3,0.1,2005,10,Transport
2005-11-01,07,9.5,0.0,2005,11,Transport
2005-12-01,07,11.3,0.0,2005,12,Transport
2006-01-01,07,8.2,0.1,2006,1,Transport
2006-02-01,07,8.1,0.0,2006,2,Transport
2006-03-01,07,18.0,9.3,2006,3,Transport
2006-04-01,07,16.8,-0.9,2006,4,Transport
2006-05-01,07,12.4,0.0,2006,5,Transport
2006-06-01,07,12.5,0.1,2006,6,Transport
2006-07-01,07,12.3,0.0,2006,7,Transport
2006-08-01,07,8.8,0.1,2006,8,Transport
2006-09-01,07,8.9,0.1,2006,9,Transport
2006-10-01,07,8.8,0.0,2006,10,Transport
2006-11-01,07,8.8,0.0,2006,11,Transport
2006-12-01,07,8.8,0.0,2006,12,Transport
2007-01-01,07,9.3,0.6,2007,1,Transport
2007-02-01,07,9.3,0.0,2007,2,Transport
2007-03-01,07,0.1,0.1,2007,3,Transport
2007-04-01,07,1.0,0.0,2007,4,Transport
2007-05-01,07,1.0,0.0,2007,5,Transport
2007-06-01,07,1.1,0.2,2007,6,Transport
2007-07-01,07,1.1,0.0,2007,7,Transport
2007-08-01,07,1.0,0.0,2007,8,Transport
2007-09-01,07,1.0,0.1,2007,9,Transport
2007-10-01,07,1.0,0.0,2007,10,Transport
2007-11-01,07,1.1,0.1,2007,11,Transport
2007-12-01,07,1.2,0.1,2007,12,Transport
2008-01-01,07,0.9,0.3,2008,1,Transport
2008-02-01,07,0.9,0.0,2008,2,Transport
2008-03-01,07,0.8,0.0,2008,3,Transport
2008-04-01,07,0.8,0.0,2008,4,Transport
2008-05-01,07,0.9,0.1,2008,5,Transport
2008-06-01,07,19.6,18.8,2008,6,Transport
2008-07-01,07,22.7,2.6,2008,7,Transport
2008-08-01,07,21.8,-0.7,2008,8,Transport
2008-09-01,07,18.1,-3.0,2008,9,Transport
2008-10-01,07,13.9,-3.6,2008,10,Transport
2008-11-01,07,6.2,-6.7,2008,11,Transport
2008-12-01,07,-0.3,-6.0,2008,12,Transport
2009-01-01,07,-2.1,-1.5,2009,1,Transport
2009-02-01,07,-2.1,0.0,2009,2,Transport
2009-03-01,07,-2.1,0.0,2009,3,Transport
2009-04-01,07,-2.2,-0.1,2009,4,Transport
2009-05-01,07,-2.5,-0.2,2009,5,Transport
2009-06-01,07,-17.9,0.0,2009,6,Transport
2009-07-01,07,-19.9,0.1,2009,7,Transport
2009-08-01,07,-19.2,0.1,2009,8,Transport
2009-09-01,07,-16.2,0.7,2009,9,Transport
2009-10-01,07,-13.2,-0.1,2009,10,Transport
2009-11-01,07,-6.9,0.1,2009,11,Transport
2009-12-01,07,-0.9,0.0,2009,12,Transport
2010-01-01,07,0.6,0.0,2010,1,Transport
2010-02-01,07,0.7,0.1,2010,2,Transport
2010-03-01,07,0.7,0.0,2010,3,Transport
2010-04-01,07,0.8,0.0,2010,4,Transport
2010-05-01,07,1.0,0.0,2010,5,Transport
2010-06-01,07,1.1,0.1,2010,6,Transport
2010-07-01,07,1.8,0.8,2010,7,Transport
2010-08-01,07,2.6,0.9,2010,8,Transport
2010-09-01,07,1.9,0.0,2010,9,Transport
2010-10-01,07,2.0,0.0,2010,10,Transport
2010-11-01,07,2.1,0.2,2010,11,Transport
2010-12-01,07,4.0,1.9,2010,12,Transport
2011-01-01,07,4.3,0.3,2011,1,Transport
2011-02-01,07,4.5,0.3,2011,2,Transport
2011-03-01,07,4.6,0.1,2011,3,Transport
2011-04-01,07,5.3,0.6,2011,4,Transport
2011-05-01,07,6.0,0.7,2011,5,Transport
2011-06-01,07,5.8,-0.1,2011,6,Transport
2011-07-01,07,4.8,-0.1,2011,7,Transport
2011-08-01,07,4.0,0.1,2011,8,Transport
2011-09-01,07,3.9,-0.1,2011,9,Transport
2011-10-01,07,4.0,0.1,2011,10,Transport
2011-11-01,07,3.9,0.1,2011,11,Transport
2011-12-01,07,1.9,0.0,2011,12,Transport
2012-01-01,07,1.6,0.0,2012,1,Transport
2012-02-01,07,1.4,0.0,2012,2,Transport
2012-03-01,07,1.3,0.0,2012,3,Transport
2012-04-01,07,1.0,0.3,2012,4,Transport
2012-05-01,07,0.4,0.1,2012,5,Transport
2012-06-01,07,0.2,-0.3,2012,6,Transport
2012-07-01,07,-0.2,-0.5,2012,7,Transport
2012-08-01,07,0.0,0.3,2012,8,Transport
2012-09-01,07,0.9,0.8,2012,9,Transport
2012-10-01,07,0.8,0.0,2012,10,Transport
2012-11-01,07,0.8,0.1,2012,11,Transport
2012-12-01,07,0.4,-0.4,2012,12,Transport
2013-01-01,07,0.4,0.0,2013,1,Transport
2013-02-01,07,0.4,0.0,2013,2,Transport
2013-03-01,07,1.0,0.6,2013,3,Transport
2013-04-01,07,0.6,-0.1,2013,4,Transport
2013-05-01,07,0.4,-0.1,2013,5,Transport
2013-06-01,07,0.3,-0.4,2013,6,Transport
2013-07-01,07,0.9,0.1,2013,7,Transport
2013-08-01,07,0.6,0.0,2013,8,Transport
2013-09-01,07,4.6,4.8,2013,9,Transport
2013-10-01,07,4.9,0.3,2013,10,Transport
2013-11-01,07,4.9,0.1,2013,11,Transport
2013-12-01,07,5.0,-0.3,2013,12,Transport
2014-01-01,07,5.3,0.3,2014,1,Transport
2014-02-01,07,5.5,0.2,2014,2,Transport
2014-03-01,07,5.1,0.2,2014,3,Transport
2014-04-01,07,5.3,0.1,2014,4,Transport
2014-05-01,07,5.5,0.1,2014,5,Transport
2014-06-01,07,5.5,-0.4,2014,6,Transport
2014-07-01,07,5.4,0.0,2014,7,Transport
2014-08-01,07,5.5,0.1,2014,8,Transport
2014-09-01,07,0.5,-0.2,2014,9,Transport
2014-10-01,07,5.3,5.1,2014,10,Transport
2014-11-01,07,5.0,-0.2,2014,11,Transport
2014-12-01,07,4.0,-1.3,2014,12,Transport
2015-01-01,07,-6.0,-9.4,2015,1,Transport
2015-02-01,07,-11.8,-6.0,2015,2,Transport
2015-03-01,07,-4.9,8.0,2015,3,Transport
2015-04-01,07,-4.8,0.3,2015,4,Transport
2015-05-01,07,-4.7,0.2,2015,5,Transport
2015-06-01,07,-1.4,3.0,2015,6,Transport
2015-07-01,07,1.6,3.1,2015,7,Transport
2015-08-01,07,-1.2,-2.7,2015,8,Transport
2015-09-01,07,-3.8,-2.8,2015,9,Transport
2015-10-01,07,-5.7,3.0,2015,10,Transport
2015-11-01,07,-5.2,0.4,2015,11,Transport
2015-12-01,07,-6.2,-2.3,2015,12,Transport
2016-01-01,07,0.6,-2.9,2016,1,Transport
2016-02-01,07,3.6,-3.1,2016,2,Transport
2016-03-01,07,-8.2,-4.3,2016,3,Transport
2016-04-01,07,-5.5,3.3,2016,4,Transport
2016-05-01,07,-5.6,0.0,2016,5,Transport
2016-06-01,07,-8.5,-0.1,2016,6,Transport
2016-07-01,07,-9.9,1.5,2016,7,Transport
2016-08-01,07,-6.7,0.8,2016,8,Transport
2016-09-01,07,-5.5,-1.6,2016,9,Transport
2016-10-01,07,-5.5,3.1,2016,10,Transport
2016-11-01,07,-1.5,4.5,2016,11,Transport
2016-12-01,07,-0.6,-1.4,2016,12,Transport
2017-01-01,07,8.3,5.9,2017,1,Transport
2017-02-01,07,17.9,5.5,2017,2,Transport
2017-03-01,07,23.0,-0.3,2017,3,Transport
2017-04-01,07,16.7,-1.9,2017,4,Transport
2017-05-01,07,13.1,-3.2,2017,5,Transport
2017-06-01,07,10.5,-2.4,2017,6,Transport
2017-07-01,07,7.7,-1.1,2017,7,Transport
2017-08-01,07,11.7,4.6,2017,8,Transport
2017-09-01,07,15.8,2.0,2017,9,Transport
2017-10-01,07,12.1,-0.2,2017,10,Transport
2017-11-01,07,10.8,3.3,2017,11,Transport
2017-12-01,07,11.5,-0.7,2017,12,Transport
2018-01-01,07,5.7,0.4,2018,1,Transport
2018-02-01,07,-0.3,-0.6,2018,2,Transport
2018-03-01,07,-1.5,-1.4,2018,3,Transport
2018-04-01,07,0.4,0.0,2018,4,Transport
2018-05-01,07,3.8,0.1,2018,5,Transport
2018-06-01,07,5.5,-0.8,2018,6,Transport
2018-07-01,07,6.7,0.0,2018,7,Transport
2018-08-01,07,2.1,0.1,2018,8,Transport
2018-09-01,07,0.3,0.3,2018,9,Transport
2018-10-01,07,0.8,0.3,2018,10,Transport
2018-11-01,07,-2.3,0.1,2018,11,Transport
2018-12-01,07,-2.0,-0.4,2018,12,Transport
2019-01-01,07,-7.8,-5.5,2019,1,Transport
2019-02-01,07,-6.8,0.5,2019,2,Transport
2019-03-01,07,-3.0,2.6,2019,3,Transport
2019-04-01,07,-2.6,0.4,2019,4,Transport
2019-05-01,07,-2.5,0.2,2019,5,Transport
2019-06-01,07,-2.1,-0.3,2019,6,Transport
2019-07-01,07,-1.9,0.2,2019,7,Transport
2019-08-01,07,-2.1,-0.1,2019,8,Transport
2019-09-01,07,-2.2,0.1,2019,9,Transport
2019-10-01,07,-2.3,0.2,2019,10,Transport
2019-11-01,07,-2.4,0.0,2019,11,Transport
2019-12-01,07,-1.9,0.1,2019,12,Transport
2020-01-01,07,3.9,0.1,2020,1,Transport
2020-02-01,07,2.4,-1.0,2020,2,Transport
2020-03-01,07,-8.9,-8.7,2020,3,Transport
2020-04-01,07,-21.5,-13.5,2020,4,Transport
2020-05-01,07,-20.8,1.0,2020,5,Transport
2020-06-01,07,-14.3,7.8,2020,6,Transport
2020-07-01,07,-10.3,4.9,2020,7,Transport
2020-08-01,07,-9.9,0.4,2020,8,Transport
2020-09-01,07,-9.9,0.0,2020,9,Transport
2020-10-01,07,-10.2,-0.1,2020,10,Transport
2020-11-01,07,-11.1,-1.0,2020,11,Transport
2020-12-01,07,-8.4,3.0,2020,12,Transport
2021-01-01,07,-5.1,3.7,2021,1,Transport
2021-02-01,07,-2.0,2.3,2021,2,Transport
2021-03-01,07,9.8,2.3,2021,3,Transport
2021-04-01,07,27.0,0.1,2021,4,Transport
2021-05-01,07,26.0,0.2,2021,5,Transport
2021-06-01,07,16.6,-0.2,2021,6,Transport
2021-07-01,07,11.6,0.3,2021,7,Transport
2021-08-01,07,11.0,-0.1,2021,8,Transport
2021-09-01,07,11.0,0.0,2021,9,Transport
2021-10-01,07,11.3,0.2,2021,10,Transport
2021-11-01,07,12.7,0.3,2021,11,Transport
2021-12-01,07,9.5,0.1,2021,12,Transport
2022-01-01,07,6.0,0.4,2022,1,Transport
2022-02-01,07,3.9,0.2,2022,2,Transport
2022-03-01,07,2.6,1.1,2022,3,Transport
2022-04-01,07,3.0,0.4,2022,4,Transport
2022-05-01,07,3.9,1.1,2022,5,Transport
2022-06-01,07,5.4,1.3,2022,6,Transport
2022-07-01,07,5.6,0.5,2022,7,Transport
2022-08-01,07,5.2,-0.4,2022,8,Transport
2022-09-01,07,5.3,0.1,2022,9,Transport
2022-10-01,07,5.2,0.1,2022,10,Transport
2022-11-01,07,5.0,0.0,2022,11,Transport
2022-12-01,07,4.9,0.1,2022,12,Transport
2023-01-01,07,4.0,-0.5,2023,1,Transport
2023-02-01,07,3.7,-0.1,2023,2,Transport
2023-03-01,07,2.4,-0.2,2023,3,Transport
2023-04-01,07,2.3,0.3,2023,4,Transport
2023-05-01,07,1.0,-0.2,2023,5,Transport
2023-06-01,07,0.0,0.2,2023,6,Transport
2023-07-01,07,-0.4,0.1,2023,7,Transport
2023-08-01,07,0.0,0.0,2023,8,Transport
2023-09-01,07,-0.1,0.0,2023,9,Transport
2023-10-01,07,0.0,0.2,2023,10,Transport
2023-11-01,07,0.1,0.1,2023,11,Transport
2023-12-01,07,0.3,0.3,2023,12,Transport
2024-01-01,07,0.7,-0.1,2024,1,Transport
2024-02-01,07,1.2,0.4,2024,2,Transport
2024-03-01,07,1.2,-0.2,2024,3,Transport
2024-04-01,07,0.8,-0.1,2024,4,Transport
2024-05-01,07,0.9,-0.1,2024,5,Transport
2024-06-01,07,1.2,0.5,2024,6,Transport
2024-07-01,07,1.2,0.2,2024,7,Transport
2024-08-01,07,1.3,0.1,2024,8,Transport
2024-09-01,07,1.1,-0.2,2024,9,Transport
2024-10-01,07,0.7,-0.2,2024,10,Transport
2024-11-01,07,0.4,-0.2,2024,11,Transport
2024-12-01,07,0.4,0.3,2024,12,Transport
2025-01-01,07,0.9,0.4,2025,1,Transport
2025-02-01,07,0.7,0.2,2025,2,Transport
2025-03-01,07,0.7,-0.2,2025,3,Transport
2025-04-01,07,0.7,0.0,2025,4,Transport
2025-05-01,07,0.7,-0.2,2025,5,Transport
2025-06-01,07,0.3,0.2,2025,6,Transport
2025-07-01,07,0.4,0.2,2025,7,Transport
2025-08-01,07,0.2,-0.1,2025,8,Transport
2025-09-01,07,0.7,0.2,2025,9,Transport
2025-10-01,07,-0.1,-0.9,2025,10,Transport
2025-11-01,07,0.2,0.0,2025,11,Transport
2025-12-01,07,0.1,0.2,2025,12,Transport
2026-01-01,07,-0.7,-0.4,2026,1,Transport
2026-02-01,07,-0.7,0.2,2026,2,Transport
2026-03-01,07,1.6,2.1,2026,3,Transport
2026-04-01,07,4.1,2.5,2026,4,Transport
1980-02-01,08,,,1980,2,Information & Communication
1980-03-01,08,,,1980,3,Information & Communication
1980-04-01,08,,,1980,4,Information & Communication
1980-05-01,08,,,1980,5,Information & Communication
1980-06-01,08,,,1980,6,Information & Communication
1980-07-01,08,,,1980,7,Information & Communication
1980-08-01,08,,,1980,8,Information & Communication
1980-09-01,08,,,1980,9,Information & Communication
1980-10-01,08,,,1980,10,Information & Communication
1980-11-01,08,,,1980,11,Information & Communication
1980-12-01,08,,,1980,12,Information & Communication
1981-01-01,08,,,1981,1,Information & Communication
1981-02-01,08,,,1981,2,Information & Communication
1981-03-01,08,,,1981,3,Information & Communication
1981-04-01,08,,,1981,4,Information & Communication
1981-05-01,08,,,1981,5,Information & Communication
1981-06-01,08,,,1981,6,Information & Communication
1981-07-01,08,,,1981,7,Information & Communication
1981-08-01,08,,,1981,8,Information & Communication
1981-09-01,08,,,1981,9,Information & Communication
1981-10-01,08,,,1981,10,Information & Communication
1981-11-01,08,,,1981,11,Information & Communication
1981-12-01,08,,,1981,12,Information & Communication
1982-01-01,08,,,1982,1,Information & Communication
1982-02-01,08,,,1982,2,Information & Communication
1982-03-01,08,,,1982,3,Information & Communication
1982-04-01,08,,,1982,4,Information & Communication
1982-05-01,08,,,1982,5,Information & Communication
1982-06-01,08,,,1982,6,Information & Communication
1982-07-01,08,,,1982,7,Information & Communication
1982-08-01,08,,,1982,8,Information & Communication
1982-09-01,08,,,1982,9,Information & Communication
1982-10-01,08,,,1982,10,Information & Communication
1982-11-01,08,,,1982,11,Information & Communication
1982-12-01,08,,,1982,12,Information & Communication
1983-01-01,08,,,1983,1,Information & Communication
1983-02-01,08,,,1983,2,Information & Communication
1983-03-01,08,,,1983,3,Information & Communication
1983-04-01,08,,,1983,4,Information & Communication
1983-05-01,08,,,1983,5,Information & Communication
1983-06-01,08,,,1983,6,Information & Communication
1983-07-01,08,,,1983,7,Information & Communication
1983-08-01,08,,,1983,8,Information & Communication
1983-09-01,08,,,1983,9,Information & Communication
1983-10-01,08,,,1983,10,Information & Communication
1983-11-01,08,,,1983,11,Information & Communication
1983-12-01,08,,,1983,12,Information & Communication
1984-01-01,08,,,1984,1,Information & Communication
1984-02-01,08,,,1984,2,Information & Communication
1984-03-01,08,,,1984,3,Information & Communication
1984-04-01,08,,,1984,4,Information & Communication
1984-05-01,08,,,1984,5,Information & Communication
1984-06-01,08,,,1984,6,Information & Communication
1984-07-01,08,,,1984,7,Information & Communication
1984-08-01,08,,,1984,8,Information & Communication
1984-09-01,08,,,1984,9,Information & Communication
1984-10-01,08,,,1984,10,Information & Communication
1984-11-01,08,,,1984,11,Information & Communication
1984-12-01,08,,,1984,12,Information & Communication
1985-01-01,08,,,1985,1,Information & Communication
1985-02-01,08,,,1985,2,Information & Communication
1985-03-01,08,,,1985,3,Information & Communication
1985-04-01,08,,,1985,4,Information & Communication
1985-05-01,08,,,1985,5,Information & Communication
1985-06-01,08,,,1985,6,Information & Communication
1985-07-01,08,,,1985,7,Information & Communication
1985-08-01,08,,,1985,8,Information & Communication
1985-09-01,08,,,1985,9,Information & Communication
1985-10-01,08,,,1985,10,Information & Communication
1985-11-01,08,,,1985,11,Information & Communication
1985-12-01,08,,,1985,12,Information & Communication
1986-01-01,08,,,1986,1,Information & Communication
1986-02-01,08,,,1986,2,Information & Communication
1986-03-01,08,,,1986,3,Information & Communication
1986-04-01,08,,,1986,4,Information & Communication
1986-05-01,08,,,1986,5,Information & Communication
1986-06-01,08,,,1986,6,Information & Communication
1986-07-01,08,,,1986,7,Information & Communication
1986-08-01,08,,,1986,8,Information & Communication
1986-09-01,08,,,1986,9,Information & Communication
1986-10-01,08,,,1986,10,Information & Communication
1986-11-01,08,,,1986,11,Information & Communication
1986-12-01,08,,,1986,12,Information & Communication
1987-01-01,08,,,1987,1,Information & Communication
1987-02-01,08,,,1987,2,Information & Communication
1987-03-01,08,,,1987,3,Information & Communication
1987-04-01,08,,,1987,4,Information & Communication
1987-05-01,08,,,1987,5,Information & Communication
1987-06-01,08,,,1987,6,Information & Communication
1987-07-01,08,,,1987,7,Information & Communication
1987-08-01,08,,,1987,8,Information & Communication
1987-09-01,08,,,1987,9,Information & Communication
1987-10-01,08,,,1987,10,Information & Communication
1987-11-01,08,,,1987,11,Information & Communication
1987-12-01,08,,,1987,12,Information & Communication
1988-01-01,08,,,1988,1,Information & Communication
1988-02-01,08,,,1988,2,Information & Communication
1988-03-01,08,,,1988,3,Information & Communication
1988-04-01,08,,,1988,4,Information & Communication
1988-05-01,08,,,1988,5,Information & Communication
1988-06-01,08,,,1988,6,Information & Communication
1988-07-01,08,,,1988,7,Information & Communication
1988-08-01,08,,,1988,8,Information & Communication
1988-09-01,08,,,1988,9,Information & Communication
1988-10-01,08,,,1988,10,Information & Communication
1988-11-01,08,,,1988,11,Information & Communication
1988-12-01,08,,,1988,12,Information & Communication
1989-01-01,08,,,1989,1,Information & Communication
1989-02-01,08,,,1989,2,Information & Communication
1989-03-01,08,,,1989,3,Information & Communication
1989-04-01,08,,,1989,4,Information & Communication
1989-05-01,08,,,1989,5,Information & Communication
1989-06-01,08,,,1989,6,Information & Communication
1989-07-01,08,,,1989,7,Information & Communication
1989-08-01,08,,,1989,8,Information & Communication
1989-09-01,08,,,1989,9,Information & Communication
1989-10-01,08,,,1989,10,Information & Communication
1989-11-01,08,,,1989,11,Information & Communication
1989-12-01,08,,,1989,12,Information & Communication
1990-01-01,08,,,1990,1,Information & Communication
1990-02-01,08,,,1990,2,Information & Communication
1990-03-01,08,,,1990,3,Information & Communication
1990-04-01,08,,,1990,4,Information & Communication
1990-05-01,08,,,1990,5,Information & Communication
1990-06-01,08,,,1990,6,Information & Communication
1990-07-01,08,,,1990,7,Information & Communication
1990-08-01,08,,,1990,8,Information & Communication
1990-09-01,08,,,1990,9,Information & Communication
1990-10-01,08,,,1990,10,Information & Communication
1990-11-01,08,,,1990,11,Information & Communication
1990-12-01,08,,,1990,12,Information & Communication
1991-01-01,08,,,1991,1,Information & Communication
1991-02-01,08,,,1991,2,Information & Communication
1991-03-01,08,,,1991,3,Information & Communication
1991-04-01,08,,,1991,4,Information & Communication
1991-05-01,08,,,1991,5,Information & Communication
1991-06-01,08,,,1991,6,Information & Communication
1991-07-01,08,,,1991,7,Information & Communication
1991-08-01,08,,,1991,8,Information & Communication
1991-09-01,08,,,1991,9,Information & Communication
1991-10-01,08,,,1991,10,Information & Communication
1991-11-01,08,,,1991,11,Information & Communication
1991-12-01,08,,,1991,12,Information & Communication
1992-01-01,08,,,1992,1,Information & Communication
1992-02-01,08,,,1992,2,Information & Communication
1992-03-01,08,,,1992,3,Information & Communication
1992-04-01,08,,,1992,4,Information & Communication
1992-05-01,08,,,1992,5,Information & Communication
1992-06-01,08,,,1992,6,Information & Communication
1992-07-01,08,,,1992,7,Information & Communication
1992-08-01,08,,,1992,8,Information & Communication
1992-09-01,08,,,1992,9,Information & Communication
1992-10-01,08,,,1992,10,Information & Communication
1992-11-01,08,,,1992,11,Information & Communication
1992-12-01,08,,,1992,12,Information & Communication
1993-01-01,08,,,1993,1,Information & Communication
1993-02-01,08,,,1993,2,Information & Communication
1993-03-01,08,,,1993,3,Information & Communication
1993-04-01,08,,,1993,4,Information & Communication
1993-05-01,08,,,1993,5,Information & Communication
1993-06-01,08,,,1993,6,Information & Communication
1993-07-01,08,,,1993,7,Information & Communication
1993-08-01,08,,,1993,8,Information & Communication
1993-09-01,08,,,1993,9,Information & Communication
1993-10-01,08,,,1993,10,Information & Communication
1993-11-01,08,,,1993,11,Information & Communication
1993-12-01,08,,,1993,12,Information & Communication
1994-01-01,08,,,1994,1,Information & Communication
1994-02-01,08,,,1994,2,Information & Communication
1994-03-01,08,,,1994,3,Information & Communication
1994-04-01,08,,,1994,4,Information & Communication
1994-05-01,08,,,1994,5,Information & Communication
1994-06-01,08,,,1994,6,Information & Communication
1994-07-01,08,,,1994,7,Information & Communication
1994-08-01,08,,,1994,8,Information & Communication
1994-09-01,08,,,1994,9,Information & Communication
1994-10-01,08,,,1994,10,Information & Communication
1994-11-01,08,,,1994,11,Information & Communication
1994-12-01,08,,,1994,12,Information & Communication
1995-01-01,08,,,1995,1,Information & Communication
1995-02-01,08,,,1995,2,Information & Communication
1995-03-01,08,,,1995,3,Information & Communication
1995-04-01,08,,,1995,4,Information & Communication
1995-05-01,08,,,1995,5,Information & Communication
1995-06-01,08,,,1995,6,Information & Communication
1995-07-01,08,,,1995,7,Information & Communication
1995-08-01,08,,,1995,8,Information & Communication
1995-09-01,08,,,1995,9,Information & Communication
1995-10-01,08,,,1995,10,Information & Communication
1995-11-01,08,,,1995,11,Information & Communication
1995-12-01,08,,,1995,12,Information & Communication
1996-01-01,08,,,1996,1,Information & Communication
1996-02-01,08,,,1996,2,Information & Communication
1996-03-01,08,,,1996,3,Information & Communication
1996-04-01,08,,,1996,4,Information & Communication
1996-05-01,08,,,1996,5,Information & Communication
1996-06-01,08,,,1996,6,Information & Communication
1996-07-01,08,,,1996,7,Information & Communication
1996-08-01,08,,,1996,8,Information & Communication
1996-09-01,08,,,1996,9,Information & Communication
1996-10-01,08,,,1996,10,Information & Communication
1996-11-01,08,,,1996,11,Information & Communication
1996-12-01,08,,,1996,12,Information & Communication
1997-01-01,08,,,1997,1,Information & Communication
1997-02-01,08,,,1997,2,Information & Communication
1997-03-01,08,,,1997,3,Information & Communication
1997-04-01,08,,,1997,4,Information & Communication
1997-05-01,08,,,1997,5,Information & Communication
1997-06-01,08,,,1997,6,Information & Communication
1997-07-01,08,,,1997,7,Information & Communication
1997-08-01,08,,,1997,8,Information & Communication
1997-09-01,08,,,1997,9,Information & Communication
1997-10-01,08,,,1997,10,Information & Communication
1997-11-01,08,,,1997,11,Information & Communication
1997-12-01,08,,,1997,12,Information & Communication
1998-01-01,08,,,1998,1,Information & Communication
1998-02-01,08,,,1998,2,Information & Communication
1998-03-01,08,,,1998,3,Information & Communication
1998-04-01,08,,,1998,4,Information & Communication
1998-05-01,08,,,1998,5,Information & Communication
1998-06-01,08,,,1998,6,Information & Communication
1998-07-01,08,,,1998,7,Information & Communication
1998-08-01,08,,,1998,8,Information & Communication
1998-09-01,08,,,1998,9,Information & Communication
1998-10-01,08,,,1998,10,Information & Communication
1998-11-01,08,,,1998,11,Information & Communication
1998-12-01,08,,,1998,12,Information & Communication
1999-01-01,08,,,1999,1,Information & Communication
1999-02-01,08,,,1999,2,Information & Communication
1999-03-01,08,,,1999,3,Information & Communication
1999-04-01,08,,,1999,4,Information & Communication
1999-05-01,08,,,1999,5,Information & Communication
1999-06-01,08,,,1999,6,Information & Communication
1999-07-01,08,,,1999,7,Information & Communication
1999-08-01,08,,,1999,8,Information & Communication
1999-09-01,08,,,1999,9,Information & Communication
1999-10-01,08,,,1999,10,Information & Communication
1999-11-01,08,,,1999,11,Information & Communication
1999-12-01,08,,,1999,12,Information & Communication
2000-01-01,08,,,2000,1,Information & Communication
2000-02-01,08,,,2000,2,Information & Communication
2000-03-01,08,,,2000,3,Information & Communication
2000-04-01,08,,,2000,4,Information & Communication
2000-05-01,08,,,2000,5,Information & Communication
2000-06-01,08,,,2000,6,Information & Communication
2000-07-01,08,,,2000,7,Information & Communication
2000-08-01,08,,,2000,8,Information & Communication
2000-09-01,08,,,2000,9,Information & Communication
2000-10-01,08,,,2000,10,Information & Communication
2000-11-01,08,,,2000,11,Information & Communication
2000-12-01,08,,,2000,12,Information & Communication
2001-01-01,08,,,2001,1,Information & Communication
2001-02-01,08,,,2001,2,Information & Communication
2001-03-01,08,,,2001,3,Information & Communication
2001-04-01,08,,,2001,4,Information & Communication
2001-05-01,08,,,2001,5,Information & Communication
2001-06-01,08,,,2001,6,Information & Communication
2001-07-01,08,,,2001,7,Information & Communication
2001-08-01,08,,,2001,8,Information & Communication
2001-09-01,08,,,2001,9,Information & Communication
2001-10-01,08,,,2001,10,Information & Communication
2001-11-01,08,,,2001,11,Information & Communication
2001-12-01,08,,,2001,12,Information & Communication
2002-01-01,08,,,2002,1,Information & Communication
2002-02-01,08,,,2002,2,Information & Communication
2002-03-01,08,,,2002,3,Information & Communication
2002-04-01,08,,,2002,4,Information & Communication
2002-05-01,08,,,2002,5,Information & Communication
2002-06-01,08,,,2002,6,Information & Communication
2002-07-01,08,,,2002,7,Information & Communication
2002-08-01,08,,,2002,8,Information & Communication
2002-09-01,08,,,2002,9,Information & Communication
2002-10-01,08,,,2002,10,Information & Communication
2002-11-01,08,,,2002,11,Information & Communication
2002-12-01,08,,,2002,12,Information & Communication
2003-01-01,08,,,2003,1,Information & Communication
2003-02-01,08,,0.0,2003,2,Information & Communication
2003-03-01,08,,0.1,2003,3,Information & Communication
2003-04-01,08,,3.5,2003,4,Information & Communication
2003-05-01,08,,0.0,2003,5,Information & Communication
2003-06-01,08,,0.0,2003,6,Information & Communication
2003-07-01,08,,-0.2,2003,7,Information & Communication
2003-08-01,08,,0.0,2003,8,Information & Communication
2003-09-01,08,,0.0,2003,9,Information & Communication
2003-10-01,08,,0.1,2003,10,Information & Communication
2003-11-01,08,,0.0,2003,11,Information & Communication
2003-12-01,08,,0.0,2003,12,Information & Communication
2004-01-01,08,3.5,0.0,2004,1,Information & Communication
2004-02-01,08,3.5,0.0,2004,2,Information & Communication
2004-03-01,08,3.5,0.1,2004,3,Information & Communication
2004-04-01,08,-0.1,-0.1,2004,4,Information & Communication
2004-05-01,08,-0.1,0.0,2004,5,Information & Communication
2004-06-01,08,-0.1,0.0,2004,6,Information & Communication
2004-07-01,08,-0.1,-0.2,2004,7,Information & Communication
2004-08-01,08,-0.1,0.0,2004,8,Information & Communication
2004-09-01,08,-0.1,0.0,2004,9,Information & Communication
2004-10-01,08,-0.1,0.1,2004,10,Information & Communication
2004-11-01,08,0.6,0.7,2004,11,Information & Communication
2004-12-01,08,0.4,-0.2,2004,12,Information & Communication
2005-01-01,08,0.4,0.0,2005,1,Information & Communication
2005-02-01,08,0.4,0.0,2005,2,Information & Communication
2005-03-01,08,0.2,-0.1,2005,3,Information & Communication
2005-04-01,08,0.1,-0.2,2005,4,Information & Communication
2005-05-01,08,0.0,-0.1,2005,5,Information & Communication
2005-06-01,08,-0.2,-0.2,2005,6,Information & Communication
2005-07-01,08,0.0,0.0,2005,7,Information & Communication
2005-08-01,08,-0.1,-0.1,2005,8,Information & Communication
2005-09-01,08,-0.1,0.0,2005,9,Information & Communication
2005-10-01,08,-0.4,-0.2,2005,10,Information & Communication
2005-11-01,08,-1.1,-0.1,2005,11,Information & Communication
2005-12-01,08,-1.1,-0.1,2005,12,Information & Communication
2006-01-01,08,-1.1,0.0,2006,1,Information & Communication
2006-02-01,08,-1.1,-0.1,2006,2,Information & Communication
2006-03-01,08,-1.2,-0.2,2006,3,Information & Communication
2006-04-01,08,-1.3,-0.3,2006,4,Information & Communication
2006-05-01,08,-1.4,-0.2,2006,5,Information & Communication
2006-06-01,08,-1.4,-0.2,2006,6,Information & Communication
2006-07-01,08,-1.5,-0.1,2006,7,Information & Communication
2006-08-01,08,-1.5,-0.1,2006,8,Information & Communication
2006-09-01,08,-1.6,-0.1,2006,9,Information & Communication
2006-10-01,08,-1.5,-0.1,2006,10,Information & Communication
2006-11-01,08,-1.5,-0.1,2006,11,Information & Communication
2006-12-01,08,-1.5,-0.1,2006,12,Information & Communication
2007-01-01,08,-1.6,-0.1,2007,1,Information & Communication
2007-02-01,08,-1.6,-0.1,2007,2,Information & Communication
2007-03-01,08,-1.6,-0.1,2007,3,Information & Communication
2007-04-01,08,-1.4,-0.1,2007,4,Information & Communication
2007-05-01,08,-1.3,-0.1,2007,5,Information & Communication
2007-06-01,08,-1.3,-0.2,2007,6,Information & Communication
2007-07-01,08,-1.2,0.0,2007,7,Information & Communication
2007-08-01,08,-1.2,-0.1,2007,8,Information & Communication
2007-09-01,08,-1.0,0.1,2007,9,Information & Communication
2007-10-01,08,-1.0,-0.1,2007,10,Information & Communication
2007-11-01,08,-0.9,0.0,2007,11,Information & Communication
2007-12-01,08,-0.9,-0.1,2007,12,Information & Communication
2008-01-01,08,-0.9,-0.1,2008,1,Information & Communication
2008-02-01,08,-0.8,0.0,2008,2,Information & Communication
2008-03-01,08,-0.7,0.0,2008,3,Information & Communication
2008-04-01,08,-0.7,-0.1,2008,4,Information & Communication
2008-05-01,08,-0.7,-0.1,2008,5,Information & Communication
2008-06-01,08,-0.5,0.0,2008,6,Information & Communication
2008-07-01,08,-0.6,-0.1,2008,7,Information & Communication
2008-08-01,08,-0.5,0.0,2008,8,Information & Communication
2008-09-01,08,-0.6,0.0,2008,9,Information & Communication
2008-10-01,08,-0.5,0.0,2008,10,Information & Communication
2008-11-01,08,-0.6,-0.1,2008,11,Information & Communication
2008-12-01,08,-0.6,-0.1,2008,12,Information & Communication
2009-01-01,08,-0.5,0.0,2009,1,Information & Communication
2009-02-01,08,-0.5,0.0,2009,2,Information & Communication
2009-03-01,08,-0.6,-0.1,2009,3,Information & Communication
2009-04-01,08,-0.5,0.0,2009,4,Information & Communication
2009-05-01,08,-0.4,0.0,2009,5,Information & Communication
2009-06-01,08,-0.5,-0.1,2009,6,Information & Communication
2009-07-01,08,-0.4,0.0,2009,7,Information & Communication
2009-08-01,08,-0.4,0.0,2009,8,Information & Communication
2009-09-01,08,-0.5,-0.1,2009,9,Information & Communication
2009-10-01,08,-0.5,0.0,2009,10,Information & Communication
2009-11-01,08,-0.4,0.0,2009,11,Information & Communication
2009-12-01,08,-0.4,-0.1,2009,12,Information & Communication
2010-01-01,08,-0.1,0.3,2010,1,Information & Communication
2010-02-01,08,-0.1,0.0,2010,2,Information & Communication
2010-03-01,08,-0.1,-0.1,2010,3,Information & Communication
2010-04-01,08,-0.6,-0.5,2010,4,Information & Communication
2010-05-01,08,-0.6,0.0,2010,5,Information & Communication
2010-06-01,08,-0.5,0.0,2010,6,Information & Communication
2010-07-01,08,-0.1,0.4,2010,7,Information & Communication
2010-08-01,08,-0.2,-0.1,2010,8,Information & Communication
2010-09-01,08,0.0,0.1,2010,9,Information & Communication
2010-10-01,08,-0.1,-0.1,2010,10,Information & Communication
2010-11-01,08,-0.1,0.0,2010,11,Information & Communication
2010-12-01,08,0.0,0.0,2010,12,Information & Communication
2011-01-01,08,-0.3,0.0,2011,1,Information & Communication
2011-02-01,08,-0.3,0.0,2011,2,Information & Communication
2011-03-01,08,-0.2,0.0,2011,3,Information & Communication
2011-04-01,08,0.2,-0.1,2011,4,Information & Communication
2011-05-01,08,0.1,-0.1,2011,5,Information & Communication
2011-06-01,08,0.0,-0.1,2011,6,Information & Communication
2011-07-01,08,-0.4,0.0,2011,7,Information & Communication
2011-08-01,08,-0.4,-0.1,2011,8,Information & Communication
2011-09-01,08,-0.5,0.0,2011,9,Information & Communication
2011-10-01,08,-0.5,-0.1,2011,10,Information & Communication
2011-11-01,08,-0.5,0.0,2011,11,Information & Communication
2011-12-01,08,-0.6,-0.1,2011,12,Information & Communication
2012-01-01,08,-0.6,0.0,2012,1,Information & Communication
2012-02-01,08,-0.6,0.0,2012,2,Information & Communication
2012-03-01,08,-0.7,-0.1,2012,3,Information & Communication
2012-04-01,08,-0.7,-0.1,2012,4,Information & Communication
2012-05-01,08,-0.6,0.0,2012,5,Information & Communication
2012-06-01,08,-0.6,-0.1,2012,6,Information & Communication
2012-07-01,08,-0.6,0.0,2012,7,Information & Communication
2012-08-01,08,-0.6,-0.1,2012,8,Information & Communication
2012-09-01,08,-0.7,-0.1,2012,9,Information & Communication
2012-10-01,08,-0.7,-0.1,2012,10,Information & Communication
2012-11-01,08,-0.7,0.0,2012,11,Information & Communication
2012-12-01,08,-0.6,0.0,2012,12,Information & Communication
2013-01-01,08,-0.8,-0.2,2013,1,Information & Communication
2013-02-01,08,-0.7,0.1,2013,2,Information & Communication
2013-03-01,08,-0.7,-0.1,2013,3,Information & Communication
2013-04-01,08,-0.7,-0.1,2013,4,Information & Communication
2013-05-01,08,-0.7,0.0,2013,5,Information & Communication
2013-06-01,08,-0.7,-0.1,2013,6,Information & Communication
2013-07-01,08,-0.7,0.0,2013,7,Information & Communication
2013-08-01,08,-0.7,-0.1,2013,8,Information & Communication
2013-09-01,08,-0.6,0.0,2013,9,Information & Communication
2013-10-01,08,-0.5,0.0,2013,10,Information & Communication
2013-11-01,08,-0.6,-0.1,2013,11,Information & Communication
2013-12-01,08,-0.6,0.0,2013,12,Information & Communication
2014-01-01,08,-0.4,0.0,2014,1,Information & Communication
2014-02-01,08,-0.6,-0.1,2014,2,Information & Communication
2014-03-01,08,-0.5,0.0,2014,3,Information & Communication
2014-04-01,08,-0.6,-0.2,2014,4,Information & Communication
2014-05-01,08,-0.7,-0.1,2014,5,Information & Communication
2014-06-01,08,-0.6,0.0,2014,6,Information & Communication
2014-07-01,08,-0.7,-0.1,2014,7,Information & Communication
2014-08-01,08,-0.7,-0.1,2014,8,Information & Communication
2014-09-01,08,-0.8,-0.1,2014,9,Information & Communication
2014-10-01,08,-0.9,-0.1,2014,10,Information & Communication
2014-11-01,08,-0.9,-0.1,2014,11,Information & Communication
2014-12-01,08,-0.9,0.0,2014,12,Information & Communication
2015-01-01,08,-1.0,-0.1,2015,1,Information & Communication
2015-02-01,08,-0.9,0.0,2015,2,Information & Communication
2015-03-01,08,-0.9,0.0,2015,3,Information & Communication
2015-04-01,08,2.3,3.1,2015,4,Information & Communication
2015-05-01,08,2.6,0.1,2015,5,Information & Communication
2015-06-01,08,2.6,0.0,2015,6,Information & Communication
2015-07-01,08,2.8,0.1,2015,7,Information & Communication
2015-08-01,08,3.0,0.1,2015,8,Information & Communication
2015-09-01,08,3.2,0.1,2015,9,Information & Communication
2015-10-01,08,3.3,0.0,2015,10,Information & Communication
2015-11-01,08,3.4,0.0,2015,11,Information & Communication
2015-12-01,08,3.3,-0.1,2015,12,Information & Communication
2016-01-01,08,0.9,-2.4,2016,1,Information & Communication
2016-02-01,08,0.9,0.0,2016,2,Information & Communication
2016-03-01,08,0.9,0.0,2016,3,Information & Communication
2016-04-01,08,-2.1,0.0,2016,4,Information & Communication
2016-05-01,08,-2.2,0.0,2016,5,Information & Communication
2016-06-01,08,-2.2,0.0,2016,6,Information & Communication
2016-07-01,08,-2.3,0.0,2016,7,Information & Communication
2016-08-01,08,-2.4,0.0,2016,8,Information & Communication
2016-09-01,08,-2.6,-0.1,2016,9,Information & Communication
2016-10-01,08,-2.6,0.0,2016,10,Information & Communication
2016-11-01,08,-2.7,-0.1,2016,11,Information & Communication
2016-12-01,08,-2.6,0.0,2016,12,Information & Communication
2017-01-01,08,-0.2,0.0,2017,1,Information & Communication
2017-02-01,08,-0.3,-0.1,2017,2,Information & Communication
2017-03-01,08,-0.2,0.1,2017,3,Information & Communication
2017-04-01,08,-0.3,-0.1,2017,4,Information & Communication
2017-05-01,08,-0.3,0.0,2017,5,Information & Communication
2017-06-01,08,-0.3,0.0,2017,6,Information & Communication
2017-07-01,08,-0.3,0.0,2017,7,Information & Communication
2017-08-01,08,-0.3,0.0,2017,8,Information & Communication
2017-09-01,08,-0.3,-0.1,2017,9,Information & Communication
2017-10-01,08,-0.4,-0.1,2017,10,Information & Communication
2017-11-01,08,-0.5,-0.2,2017,11,Information & Communication
2017-12-01,08,-0.5,0.0,2017,12,Information & Communication
2018-01-01,08,-0.5,0.0,2018,1,Information & Communication
2018-02-01,08,-0.5,-0.1,2018,2,Information & Communication
2018-03-01,08,-0.7,-0.1,2018,3,Information & Communication
2018-04-01,08,-0.7,-0.1,2018,4,Information & Communication
2018-05-01,08,-0.9,-0.2,2018,5,Information & Communication
2018-06-01,08,-3.9,-3.0,2018,6,Information & Communication
2018-07-01,08,-3.9,0.0,2018,7,Information & Communication
2018-08-01,08,-4.0,-0.1,2018,8,Information & Communication
2018-09-01,08,-1.6,2.3,2018,9,Information & Communication
2018-10-01,08,-1.5,0.0,2018,10,Information & Communication
2018-11-01,08,-1.3,0.0,2018,11,Information & Communication
2018-12-01,08,-1.3,0.0,2018,12,Information & Communication
2019-01-01,08,-1.3,0.0,2019,1,Information & Communication
2019-02-01,08,-1.2,0.0,2019,2,Information & Communication
2019-03-01,08,-1.1,0.0,2019,3,Information & Communication
2019-04-01,08,-1.1,-0.1,2019,4,Information & Communication
2019-05-01,08,-0.9,0.0,2019,5,Information & Communication
2019-06-01,08,2.1,0.0,2019,6,Information & Communication
2019-07-01,08,2.1,0.0,2019,7,Information & Communication
2019-08-01,08,2.2,0.0,2019,8,Information & Communication
2019-09-01,08,-0.1,0.0,2019,9,Information & Communication
2019-10-01,08,1.5,1.6,2019,10,Information & Communication
2019-11-01,08,1.5,0.0,2019,11,Information & Communication
2019-12-01,08,1.5,0.0,2019,12,Information & Communication
2020-01-01,08,1.5,0.0,2020,1,Information & Communication
2020-02-01,08,1.5,0.0,2020,2,Information & Communication
2020-03-01,08,1.5,0.0,2020,3,Information & Communication
2020-04-01,08,1.6,0.0,2020,4,Information & Communication
2020-05-01,08,1.6,0.0,2020,5,Information & Communication
2020-06-01,08,1.6,0.0,2020,6,Information & Communication
2020-07-01,08,1.6,0.0,2020,7,Information & Communication
2020-08-01,08,1.6,0.0,2020,8,Information & Communication
2020-09-01,08,1.6,0.0,2020,9,Information & Communication
2020-10-01,08,0.0,0.0,2020,10,Information & Communication
2020-11-01,08,0.0,0.0,2020,11,Information & Communication
2020-12-01,08,0.0,0.0,2020,12,Information & Communication
2021-01-01,08,0.0,0.0,2021,1,Information & Communication
2021-02-01,08,0.0,0.0,2021,2,Information & Communication
2021-03-01,08,0.0,0.0,2021,3,Information & Communication
2021-04-01,08,0.0,0.0,2021,4,Information & Communication
2021-05-01,08,0.0,0.0,2021,5,Information & Communication
2021-06-01,08,0.0,0.0,2021,6,Information & Communication
2021-07-01,08,0.0,0.0,2021,7,Information & Communication
2021-08-01,08,0.0,0.0,2021,8,Information & Communication
2021-09-01,08,0.0,0.0,2021,9,Information & Communication
2021-10-01,08,0.0,0.0,2021,10,Information & Communication
2021-11-01,08,0.0,0.0,2021,11,Information & Communication
2021-12-01,08,0.0,0.0,2021,12,Information & Communication
2022-01-01,08,0.0,0.0,2022,1,Information & Communication
2022-02-01,08,0.0,0.0,2022,2,Information & Communication
2022-03-01,08,0.0,0.0,2022,3,Information & Communication
2022-04-01,08,0.0,0.0,2022,4,Information & Communication
2022-05-01,08,0.0,0.0,2022,5,Information & Communication
2022-06-01,08,0.0,0.0,2022,6,Information & Communication
2022-07-01,08,0.0,0.0,2022,7,Information & Communication
2022-08-01,08,0.0,0.0,2022,8,Information & Communication
2022-09-01,08,0.0,0.0,2022,9,Information & Communication
2022-10-01,08,0.0,0.0,2022,10,Information & Communication
2022-11-01,08,0.0,0.0,2022,11,Information & Communication
2022-12-01,08,-0.1,-0.1,2022,12,Information & Communication
2023-01-01,08,-1.4,-1.3,2023,1,Information & Communication
2023-02-01,08,-1.4,0.0,2023,2,Information & Communication
2023-03-01,08,-1.4,0.0,2023,3,Information & Communication
2023-04-01,08,-1.4,0.0,2023,4,Information & Communication
2023-05-01,08,-3.7,-2.3,2023,5,Information & Communication
2023-06-01,08,-3.6,0.1,2023,6,Information & Communication
2023-07-01,08,-3.7,-0.1,2023,7,Information & Communication
2023-08-01,08,-3.7,0.0,2023,8,Information & Communication
2023-09-01,08,-3.7,0.0,2023,9,Information & Communication
2023-10-01,08,-3.7,0.0,2023,10,Information & Communication
2023-11-01,08,-3.7,0.0,2023,11,Information & Communication
2023-12-01,08,-3.7,-0.1,2023,12,Information & Communication
2024-01-01,08,-2.4,0.0,2024,1,Information & Communication
2024-02-01,08,-2.4,0.0,2024,2,Information & Communication
2024-03-01,08,-2.4,0.0,2024,3,Information & Communication
2024-04-01,08,-2.5,-0.1,2024,4,Information & Communication
2024-05-01,08,0.4,0.6,2024,5,Information & Communication
2024-06-01,08,0.3,0.0,2024,6,Information & Communication
2024-07-01,08,0.5,0.1,2024,7,Information & Communication
2024-08-01,08,0.5,0.0,2024,8,Information & Communication
2024-09-01,08,0.4,-0.1,2024,9,Information & Communication
2024-10-01,08,-1.7,-2.1,2024,10,Information & Communication
2024-11-01,08,-3.9,-2.3,2024,11,Information & Communication
2024-12-01,08,-5.4,-1.7,2024,12,Information & Communication
2025-01-01,08,-5.3,0.1,2025,1,Information & Communication
2025-02-01,08,-5.3,0.0,2025,2,Information & Communication
2025-03-01,08,-5.4,-0.1,2025,3,Information & Communication
2025-04-01,08,-4.5,0.9,2025,4,Information & Communication
2025-05-01,08,-5.2,-0.1,2025,5,Information & Communication
2025-06-01,08,-5.4,-0.2,2025,6,Information & Communication
2025-07-01,08,-6.4,-0.9,2025,7,Information & Communication
2025-08-01,08,-5.6,0.8,2025,8,Information & Communication
2025-09-01,08,-4.5,1.1,2025,9,Information & Communication
2025-10-01,08,-2.4,0.0,2025,10,Information & Communication
2025-11-01,08,-1.3,-1.2,2025,11,Information & Communication
2025-12-01,08,0.9,0.6,2025,12,Information & Communication
2026-01-01,08,0.7,-0.1,2026,1,Information & Communication
2026-02-01,08,0.5,-0.2,2026,2,Information & Communication
2026-03-01,08,1.4,0.8,2026,3,Information & Communication
2026-04-01,08,2.0,1.6,2026,4,Information & Communication
1980-02-01,09,,0.6,1980,2,"Recreation, Sport & Culture"
1980-03-01,09,,-0.1,1980,3,"Recreation, Sport & Culture"
1980-04-01,09,,0.0,1980,4,"Recreation, Sport & Culture"
1980-05-01,09,,0.0,1980,5,"Recreation, Sport & Culture"
1980-06-01,09,,0.1,1980,6,"Recreation, Sport & Culture"
1980-07-01,09,,0.3,1980,7,"Recreation, Sport & Culture"
1980-08-01,09,,0.0,1980,8,"Recreation, Sport & Culture"
1980-09-01,09,,0.1,1980,9,"Recreation, Sport & Culture"
1980-10-01,09,,0.0,1980,10,"Recreation, Sport & Culture"
1980-11-01,09,,1.3,1980,11,"Recreation, Sport & Culture"
1980-12-01,09,,1.0,1980,12,"Recreation, Sport & Culture"
1981-01-01,09,4.1,0.7,1981,1,"Recreation, Sport & Culture"
1981-02-01,09,4.0,0.6,1981,2,"Recreation, Sport & Culture"
1981-03-01,09,4.3,0.1,1981,3,"Recreation, Sport & Culture"
1981-04-01,09,4.8,0.4,1981,4,"Recreation, Sport & Culture"
1981-05-01,09,6.1,1.2,1981,5,"Recreation, Sport & Culture"
1981-06-01,09,5.9,0.0,1981,6,"Recreation, Sport & Culture"
1981-07-01,09,6.2,0.5,1981,7,"Recreation, Sport & Culture"
1981-08-01,09,6.8,0.5,1981,8,"Recreation, Sport & Culture"
1981-09-01,09,6.6,0.0,1981,9,"Recreation, Sport & Culture"
1981-10-01,09,6.8,0.1,1981,10,"Recreation, Sport & Culture"
1981-11-01,09,5.4,0.0,1981,11,"Recreation, Sport & Culture"
1981-12-01,09,4.5,0.1,1981,12,"Recreation, Sport & Culture"
1982-01-01,09,4.6,0.8,1982,1,"Recreation, Sport & Culture"
1982-02-01,09,4.3,0.3,1982,2,"Recreation, Sport & Culture"
1982-03-01,09,4.3,0.1,1982,3,"Recreation, Sport & Culture"
1982-04-01,09,4.0,0.1,1982,4,"Recreation, Sport & Culture"
1982-05-01,09,3.0,0.3,1982,5,"Recreation, Sport & Culture"
1982-06-01,09,3.1,0.1,1982,6,"Recreation, Sport & Culture"
1982-07-01,09,2.6,0.0,1982,7,"Recreation, Sport & Culture"
1982-08-01,09,2.2,0.1,1982,8,"Recreation, Sport & Culture"
1982-09-01,09,2.3,0.1,1982,9,"Recreation, Sport & Culture"
1982-10-01,09,2.2,0.0,1982,10,"Recreation, Sport & Culture"
1982-11-01,09,1.3,-0.8,1982,11,"Recreation, Sport & Culture"
1982-12-01,09,1.5,0.3,1982,12,"Recreation, Sport & Culture"
1983-01-01,09,0.5,-0.1,1983,1,"Recreation, Sport & Culture"
1983-02-01,09,0.4,0.1,1983,2,"Recreation, Sport & Culture"
1983-03-01,09,0.1,-0.1,1983,3,"Recreation, Sport & Culture"
1983-04-01,09,0.1,0.1,1983,4,"Recreation, Sport & Culture"
1983-05-01,09,-0.4,-0.3,1983,5,"Recreation, Sport & Culture"
1983-06-01,09,-0.3,0.3,1983,6,"Recreation, Sport & Culture"
1983-07-01,09,-0.3,0.0,1983,7,"Recreation, Sport & Culture"
1983-08-01,09,-0.4,0.0,1983,8,"Recreation, Sport & Culture"
1983-09-01,09,-0.8,-0.3,1983,9,"Recreation, Sport & Culture"
1983-10-01,09,-0.7,0.1,1983,10,"Recreation, Sport & Culture"
1983-11-01,09,0.3,0.1,1983,11,"Recreation, Sport & Culture"
1983-12-01,09,0.3,0.3,1983,12,"Recreation, Sport & Culture"
1984-01-01,09,-0.5,-0.9,1984,1,"Recreation, Sport & Culture"
1984-02-01,09,-0.7,0.0,1984,2,"Recreation, Sport & Culture"
1984-03-01,09,-2.4,-1.9,1984,3,"Recreation, Sport & Culture"
1984-04-01,09,-3.4,-1.0,1984,4,"Recreation, Sport & Culture"
1984-05-01,09,-3.2,0.0,1984,5,"Recreation, Sport & Culture"
1984-06-01,09,-3.6,-0.1,1984,6,"Recreation, Sport & Culture"
1984-07-01,09,-3.6,0.0,1984,7,"Recreation, Sport & Culture"
1984-08-01,09,-3.6,0.0,1984,8,"Recreation, Sport & Culture"
1984-09-01,09,-3.5,-0.1,1984,9,"Recreation, Sport & Culture"
1984-10-01,09,-3.7,-0.1,1984,10,"Recreation, Sport & Culture"
1984-11-01,09,-4.2,-0.4,1984,11,"Recreation, Sport & Culture"
1984-12-01,09,-4.5,0.0,1984,12,"Recreation, Sport & Culture"
1985-01-01,09,-3.7,-0.1,1985,1,"Recreation, Sport & Culture"
1985-02-01,09,-3.7,0.0,1985,2,"Recreation, Sport & Culture"
1985-03-01,09,-1.9,0.0,1985,3,"Recreation, Sport & Culture"
1985-04-01,09,0.0,1.0,1985,4,"Recreation, Sport & Culture"
1985-05-01,09,0.1,0.1,1985,5,"Recreation, Sport & Culture"
1985-06-01,09,-1.2,-1.5,1985,6,"Recreation, Sport & Culture"
1985-07-01,09,-1.7,-0.4,1985,7,"Recreation, Sport & Culture"
1985-08-01,09,-1.7,0.0,1985,8,"Recreation, Sport & Culture"
1985-09-01,09,-1.0,0.6,1985,9,"Recreation, Sport & Culture"
1985-10-01,09,-0.4,0.4,1985,10,"Recreation, Sport & Culture"
1985-11-01,09,0.1,0.1,1985,11,"Recreation, Sport & Culture"
1985-12-01,09,0.3,0.1,1985,12,"Recreation, Sport & Culture"
1986-01-01,09,0.3,-0.1,1986,1,"Recreation, Sport & Culture"
1986-02-01,09,0.7,0.4,1986,2,"Recreation, Sport & Culture"
1986-03-01,09,0.4,-0.3,1986,3,"Recreation, Sport & Culture"
1986-04-01,09,-0.5,0.0,1986,4,"Recreation, Sport & Culture"
1986-05-01,09,-0.7,0.0,1986,5,"Recreation, Sport & Culture"
1986-06-01,09,1.3,0.4,1986,6,"Recreation, Sport & Culture"
1986-07-01,09,1.7,0.0,1986,7,"Recreation, Sport & Culture"
1986-08-01,09,1.4,-0.3,1986,8,"Recreation, Sport & Culture"
1986-09-01,09,0.7,-0.1,1986,9,"Recreation, Sport & Culture"
1986-10-01,09,0.3,0.0,1986,10,"Recreation, Sport & Culture"
1986-11-01,09,0.3,0.1,1986,11,"Recreation, Sport & Culture"
1986-12-01,09,0.0,-0.1,1986,12,"Recreation, Sport & Culture"
1987-01-01,09,0.1,0.0,1987,1,"Recreation, Sport & Culture"
1987-02-01,09,0.1,0.4,1987,2,"Recreation, Sport & Culture"
1987-03-01,09,0.4,0.0,1987,3,"Recreation, Sport & Culture"
1987-04-01,09,2.6,2.2,1987,4,"Recreation, Sport & Culture"
1987-05-01,09,2.6,0.0,1987,5,"Recreation, Sport & Culture"
1987-06-01,09,2.2,0.0,1987,6,"Recreation, Sport & Culture"
1987-07-01,09,2.5,0.3,1987,7,"Recreation, Sport & Culture"
1987-08-01,09,2.8,0.0,1987,8,"Recreation, Sport & Culture"
1987-09-01,09,3.2,0.3,1987,9,"Recreation, Sport & Culture"
1987-10-01,09,3.3,0.1,1987,10,"Recreation, Sport & Culture"
1987-11-01,09,3.3,0.1,1987,11,"Recreation, Sport & Culture"
1987-12-01,09,3.3,-0.1,1987,12,"Recreation, Sport & Culture"
1988-01-01,09,3.5,0.1,1988,1,"Recreation, Sport & Culture"
1988-02-01,09,3.3,0.3,1988,2,"Recreation, Sport & Culture"
1988-03-01,09,3.4,0.1,1988,3,"Recreation, Sport & Culture"
1988-04-01,09,1.1,-0.1,1988,4,"Recreation, Sport & Culture"
1988-05-01,09,0.9,-0.1,1988,5,"Recreation, Sport & Culture"
1988-06-01,09,1.5,0.5,1988,6,"Recreation, Sport & Culture"
1988-07-01,09,1.5,0.3,1988,7,"Recreation, Sport & Culture"
1988-08-01,09,1.1,-0.4,1988,8,"Recreation, Sport & Culture"
1988-09-01,09,0.9,0.1,1988,9,"Recreation, Sport & Culture"
1988-10-01,09,0.8,0.0,1988,10,"Recreation, Sport & Culture"
1988-11-01,09,0.7,0.0,1988,11,"Recreation, Sport & Culture"
1988-12-01,09,0.7,-0.1,1988,12,"Recreation, Sport & Culture"
1989-01-01,09,0.8,0.3,1989,1,"Recreation, Sport & Culture"
1989-02-01,09,0.4,-0.1,1989,2,"Recreation, Sport & Culture"
1989-03-01,09,0.3,0.0,1989,3,"Recreation, Sport & Culture"
1989-04-01,09,0.4,0.0,1989,4,"Recreation, Sport & Culture"
1989-05-01,09,0.5,0.0,1989,5,"Recreation, Sport & Culture"
1989-06-01,09,0.0,0.0,1989,6,"Recreation, Sport & Culture"
1989-07-01,09,0.4,0.7,1989,7,"Recreation, Sport & Culture"
1989-08-01,09,1.1,0.3,1989,8,"Recreation, Sport & Culture"
1989-09-01,09,0.7,-0.3,1989,9,"Recreation, Sport & Culture"
1989-10-01,09,0.7,0.0,1989,10,"Recreation, Sport & Culture"
1989-11-01,09,0.7,0.0,1989,11,"Recreation, Sport & Culture"
1989-12-01,09,0.8,0.0,1989,12,"Recreation, Sport & Culture"
1990-01-01,09,0.9,0.4,1990,1,"Recreation, Sport & Culture"
1990-02-01,09,1.1,0.0,1990,2,"Recreation, Sport & Culture"
1990-03-01,09,1.1,0.0,1990,3,"Recreation, Sport & Culture"
1990-04-01,09,1.2,0.1,1990,4,"Recreation, Sport & Culture"
1990-05-01,09,1.2,0.0,1990,5,"Recreation, Sport & Culture"
1990-06-01,09,1.1,-0.1,1990,6,"Recreation, Sport & Culture"
1990-07-01,09,0.5,0.1,1990,7,"Recreation, Sport & Culture"
1990-08-01,09,0.3,0.0,1990,8,"Recreation, Sport & Culture"
1990-09-01,09,0.5,0.0,1990,9,"Recreation, Sport & Culture"
1990-10-01,09,0.5,0.0,1990,10,"Recreation, Sport & Culture"
1990-11-01,09,0.5,0.0,1990,11,"Recreation, Sport & Culture"
1990-12-01,09,0.5,0.0,1990,12,"Recreation, Sport & Culture"
1991-01-01,09,0.0,-0.1,1991,1,"Recreation, Sport & Culture"
1991-02-01,09,0.0,0.0,1991,2,"Recreation, Sport & Culture"
1991-03-01,09,1.2,1.2,1991,3,"Recreation, Sport & Culture"
1991-04-01,09,0.9,-0.1,1991,4,"Recreation, Sport & Culture"
1991-05-01,09,1.0,0.1,1991,5,"Recreation, Sport & Culture"
1991-06-01,09,1.3,0.1,1991,6,"Recreation, Sport & Culture"
1991-07-01,09,4.2,3.0,1991,7,"Recreation, Sport & Culture"
1991-08-01,09,4.7,0.5,1991,8,"Recreation, Sport & Culture"
1991-09-01,09,4.7,0.0,1991,9,"Recreation, Sport & Culture"
1991-10-01,09,4.7,0.0,1991,10,"Recreation, Sport & Culture"
1991-11-01,09,4.7,0.0,1991,11,"Recreation, Sport & Culture"
1991-12-01,09,4.7,0.0,1991,12,"Recreation, Sport & Culture"
1992-01-01,09,0.0,-4.6,1992,1,"Recreation, Sport & Culture"
1992-02-01,09,0.0,0.0,1992,2,"Recreation, Sport & Culture"
1992-03-01,09,0.0,1.2,1992,3,"Recreation, Sport & Culture"
1992-04-01,09,0.0,-0.1,1992,4,"Recreation, Sport & Culture"
1992-05-01,09,0.0,0.1,1992,5,"Recreation, Sport & Culture"
1992-06-01,09,0.0,0.1,1992,6,"Recreation, Sport & Culture"
1992-07-01,09,0.0,3.0,1992,7,"Recreation, Sport & Culture"
1992-08-01,09,0.0,0.5,1992,8,"Recreation, Sport & Culture"
1992-09-01,09,0.0,0.0,1992,9,"Recreation, Sport & Culture"
1992-10-01,09,0.0,0.0,1992,10,"Recreation, Sport & Culture"
1992-11-01,09,0.0,0.0,1992,11,"Recreation, Sport & Culture"
1992-12-01,09,0.0,0.0,1992,12,"Recreation, Sport & Culture"
1993-01-01,09,6.2,1.3,1993,1,"Recreation, Sport & Culture"
1993-02-01,09,6.6,0.4,1993,2,"Recreation, Sport & Culture"
1993-03-01,09,5.3,0.0,1993,3,"Recreation, Sport & Culture"
1993-04-01,09,5.6,0.1,1993,4,"Recreation, Sport & Culture"
1993-05-01,09,4.8,-0.6,1993,5,"Recreation, Sport & Culture"
1993-06-01,09,4.7,0.0,1993,6,"Recreation, Sport & Culture"
1993-07-01,09,1.6,0.0,1993,7,"Recreation, Sport & Culture"
1993-08-01,09,1.1,0.0,1993,8,"Recreation, Sport & Culture"
1993-09-01,09,1.3,0.1,1993,9,"Recreation, Sport & Culture"
1993-10-01,09,1.5,0.2,1993,10,"Recreation, Sport & Culture"
1993-11-01,09,1.5,0.0,1993,11,"Recreation, Sport & Culture"
1993-12-01,09,1.8,0.2,1993,12,"Recreation, Sport & Culture"
1994-01-01,09,0.5,0.0,1994,1,"Recreation, Sport & Culture"
1994-02-01,09,0.1,0.0,1994,2,"Recreation, Sport & Culture"
1994-03-01,09,0.1,0.0,1994,3,"Recreation, Sport & Culture"
1994-04-01,09,0.0,0.0,1994,4,"Recreation, Sport & Culture"
1994-05-01,09,0.6,0.0,1994,5,"Recreation, Sport & Culture"
1994-06-01,09,0.7,0.1,1994,6,"Recreation, Sport & Culture"
1994-07-01,09,0.9,0.1,1994,7,"Recreation, Sport & Culture"
1994-08-01,09,1.2,0.4,1994,8,"Recreation, Sport & Culture"
1994-09-01,09,1.1,0.0,1994,9,"Recreation, Sport & Culture"
1994-10-01,09,1.0,0.1,1994,10,"Recreation, Sport & Culture"
1994-11-01,09,0.9,-0.1,1994,11,"Recreation, Sport & Culture"
1994-12-01,09,0.5,-0.1,1994,12,"Recreation, Sport & Culture"
1995-01-01,09,1.7,1.2,1995,1,"Recreation, Sport & Culture"
1995-02-01,09,2.0,0.2,1995,2,"Recreation, Sport & Culture"
1995-03-01,09,2.5,0.5,1995,3,"Recreation, Sport & Culture"
1995-04-01,09,2.6,0.1,1995,4,"Recreation, Sport & Culture"
1995-05-01,09,2.6,0.0,1995,5,"Recreation, Sport & Culture"
1995-06-01,09,2.6,0.1,1995,6,"Recreation, Sport & Culture"
1995-07-01,09,2.5,0.0,1995,7,"Recreation, Sport & Culture"
1995-08-01,09,2.7,0.6,1995,8,"Recreation, Sport & Culture"
1995-09-01,09,2.7,0.0,1995,9,"Recreation, Sport & Culture"
1995-10-01,09,2.6,0.0,1995,10,"Recreation, Sport & Culture"
1995-11-01,09,2.7,0.0,1995,11,"Recreation, Sport & Culture"
1995-12-01,09,2.9,0.1,1995,12,"Recreation, Sport & Culture"
1996-01-01,09,3.4,1.7,1996,1,"Recreation, Sport & Culture"
1996-02-01,09,4.0,0.8,1996,2,"Recreation, Sport & Culture"
1996-03-01,09,3.6,0.1,1996,3,"Recreation, Sport & Culture"
1996-04-01,09,3.7,0.2,1996,4,"Recreation, Sport & Culture"
1996-05-01,09,3.7,0.0,1996,5,"Recreation, Sport & Culture"
1996-06-01,09,3.7,0.1,1996,6,"Recreation, Sport & Culture"
1996-07-01,09,3.7,0.0,1996,7,"Recreation, Sport & Culture"
1996-08-01,09,3.1,0.0,1996,8,"Recreation, Sport & Culture"
1996-09-01,09,2.7,-0.3,1996,9,"Recreation, Sport & Culture"
1996-10-01,09,2.7,0.0,1996,10,"Recreation, Sport & Culture"
1996-11-01,09,2.6,-0.1,1996,11,"Recreation, Sport & Culture"
1996-12-01,09,2.5,0.0,1996,12,"Recreation, Sport & Culture"
1997-01-01,09,1.1,0.2,1997,1,"Recreation, Sport & Culture"
1997-02-01,09,0.3,0.1,1997,2,"Recreation, Sport & Culture"
1997-03-01,09,0.3,0.1,1997,3,"Recreation, Sport & Culture"
1997-04-01,09,0.1,0.0,1997,4,"Recreation, Sport & Culture"
1997-05-01,09,0.1,0.0,1997,5,"Recreation, Sport & Culture"
1997-06-01,09,0.0,0.0,1997,6,"Recreation, Sport & Culture"
1997-07-01,09,0.1,0.1,1997,7,"Recreation, Sport & Culture"
1997-08-01,09,0.1,0.0,1997,8,"Recreation, Sport & Culture"
1997-09-01,09,0.6,0.1,1997,9,"Recreation, Sport & Culture"
1997-10-01,09,0.6,0.0,1997,10,"Recreation, Sport & Culture"
1997-11-01,09,0.8,0.1,1997,11,"Recreation, Sport & Culture"
1997-12-01,09,1.2,0.3,1997,12,"Recreation, Sport & Culture"
1998-01-01,09,1.6,0.7,1998,1,"Recreation, Sport & Culture"
1998-02-01,09,2.0,0.5,1998,2,"Recreation, Sport & Culture"
1998-03-01,09,2.2,0.3,1998,3,"Recreation, Sport & Culture"
1998-04-01,09,2.3,0.1,1998,4,"Recreation, Sport & Culture"
1998-05-01,09,2.4,0.1,1998,5,"Recreation, Sport & Culture"
1998-06-01,09,3.5,1.0,1998,6,"Recreation, Sport & Culture"
1998-07-01,09,3.8,0.4,1998,7,"Recreation, Sport & Culture"
1998-08-01,09,4.0,0.2,1998,8,"Recreation, Sport & Culture"
1998-09-01,09,3.9,0.0,1998,9,"Recreation, Sport & Culture"
1998-10-01,09,4.0,0.1,1998,10,"Recreation, Sport & Culture"
1998-11-01,09,4.4,0.4,1998,11,"Recreation, Sport & Culture"
1998-12-01,09,4.0,0.0,1998,12,"Recreation, Sport & Culture"
1999-01-01,09,4.7,1.3,1999,1,"Recreation, Sport & Culture"
1999-02-01,09,4.2,0.0,1999,2,"Recreation, Sport & Culture"
1999-03-01,09,3.7,-0.1,1999,3,"Recreation, Sport & Culture"
1999-04-01,09,3.7,0.1,1999,4,"Recreation, Sport & Culture"
1999-05-01,09,3.5,-0.1,1999,5,"Recreation, Sport & Culture"
1999-06-01,09,2.3,-0.1,1999,6,"Recreation, Sport & Culture"
1999-07-01,09,1.9,0.0,1999,7,"Recreation, Sport & Culture"
1999-08-01,09,1.7,0.0,1999,8,"Recreation, Sport & Culture"
1999-09-01,09,1.7,0.0,1999,9,"Recreation, Sport & Culture"
1999-10-01,09,1.6,0.0,1999,10,"Recreation, Sport & Culture"
1999-11-01,09,1.1,0.0,1999,11,"Recreation, Sport & Culture"
1999-12-01,09,1.0,-0.1,1999,12,"Recreation, Sport & Culture"
2000-01-01,09,0.1,0.4,2000,1,"Recreation, Sport & Culture"
2000-02-01,09,0.2,0.1,2000,2,"Recreation, Sport & Culture"
2000-03-01,09,0.5,0.2,2000,3,"Recreation, Sport & Culture"
2000-04-01,09,0.5,0.1,2000,4,"Recreation, Sport & Culture"
2000-05-01,09,0.4,-0.2,2000,5,"Recreation, Sport & Culture"
2000-06-01,09,0.5,0.0,2000,6,"Recreation, Sport & Culture"
2000-07-01,09,0.7,0.1,2000,7,"Recreation, Sport & Culture"
2000-08-01,09,0.5,-0.1,2000,8,"Recreation, Sport & Culture"
2000-09-01,09,0.8,0.2,2000,9,"Recreation, Sport & Culture"
2000-10-01,09,0.8,0.0,2000,10,"Recreation, Sport & Culture"
2000-11-01,09,0.8,0.0,2000,11,"Recreation, Sport & Culture"
2000-12-01,09,0.9,0.0,2000,12,"Recreation, Sport & Culture"
2001-01-01,09,0.7,0.2,2001,1,"Recreation, Sport & Culture"
2001-02-01,09,0.4,-0.1,2001,2,"Recreation, Sport & Culture"
2001-03-01,09,0.2,0.0,2001,3,"Recreation, Sport & Culture"
2001-04-01,09,0.0,-0.1,2001,4,"Recreation, Sport & Culture"
2001-05-01,09,0.2,0.0,2001,5,"Recreation, Sport & Culture"
2001-06-01,09,0.1,-0.1,2001,6,"Recreation, Sport & Culture"
2001-07-01,09,-0.1,-0.1,2001,7,"Recreation, Sport & Culture"
2001-08-01,09,-0.3,-0.3,2001,8,"Recreation, Sport & Culture"
2001-09-01,09,-0.5,0.0,2001,9,"Recreation, Sport & Culture"
2001-10-01,09,-0.6,-0.1,2001,10,"Recreation, Sport & Culture"
2001-11-01,09,-0.6,0.0,2001,11,"Recreation, Sport & Culture"
2001-12-01,09,-0.6,0.0,2001,12,"Recreation, Sport & Culture"
2002-01-01,09,-0.4,0.4,2002,1,"Recreation, Sport & Culture"
2002-02-01,09,0.0,0.3,2002,2,"Recreation, Sport & Culture"
2002-03-01,09,-0.1,-0.1,2002,3,"Recreation, Sport & Culture"
2002-04-01,09,0.0,0.0,2002,4,"Recreation, Sport & Culture"
2002-05-01,09,0.0,0.0,2002,5,"Recreation, Sport & Culture"
2002-06-01,09,0.0,-0.1,2002,6,"Recreation, Sport & Culture"
2002-07-01,09,0.4,0.3,2002,7,"Recreation, Sport & Culture"
2002-08-01,09,0.7,-0.1,2002,8,"Recreation, Sport & Culture"
2002-09-01,09,0.7,0.0,2002,9,"Recreation, Sport & Culture"
2002-10-01,09,0.7,-0.1,2002,10,"Recreation, Sport & Culture"
2002-11-01,09,0.4,-0.2,2002,11,"Recreation, Sport & Culture"
2002-12-01,09,0.4,0.0,2002,12,"Recreation, Sport & Culture"
2003-01-01,09,2.2,2.2,2003,1,"Recreation, Sport & Culture"
2003-02-01,09,1.9,0.1,2003,2,"Recreation, Sport & Culture"
2003-03-01,09,1.7,-0.3,2003,3,"Recreation, Sport & Culture"
2003-04-01,09,1.6,-0.1,2003,4,"Recreation, Sport & Culture"
2003-05-01,09,1.7,0.1,2003,5,"Recreation, Sport & Culture"
2003-06-01,09,2.0,0.1,2003,6,"Recreation, Sport & Culture"
2003-07-01,09,1.6,0.0,2003,7,"Recreation, Sport & Culture"
2003-08-01,09,1.9,0.2,2003,8,"Recreation, Sport & Culture"
2003-09-01,09,1.7,-0.2,2003,9,"Recreation, Sport & Culture"
2003-10-01,09,1.6,-0.2,2003,10,"Recreation, Sport & Culture"
2003-11-01,09,1.8,0.0,2003,11,"Recreation, Sport & Culture"
2003-12-01,09,1.7,-0.1,2003,12,"Recreation, Sport & Culture"
2004-01-01,09,-0.5,-0.1,2004,1,"Recreation, Sport & Culture"
2004-02-01,09,-0.6,0.0,2004,2,"Recreation, Sport & Culture"
2004-03-01,09,-0.7,-0.4,2004,3,"Recreation, Sport & Culture"
2004-04-01,09,-0.4,0.2,2004,4,"Recreation, Sport & Culture"
2004-05-01,09,-0.6,-0.1,2004,5,"Recreation, Sport & Culture"
2004-06-01,09,-0.7,0.0,2004,6,"Recreation, Sport & Culture"
2004-07-01,09,-1.0,-0.2,2004,7,"Recreation, Sport & Culture"
2004-08-01,09,-1.1,0.1,2004,8,"Recreation, Sport & Culture"
2004-09-01,09,-1.0,-0.1,2004,9,"Recreation, Sport & Culture"
2004-10-01,09,-1.0,-0.2,2004,10,"Recreation, Sport & Culture"
2004-11-01,09,-1.7,-0.8,2004,11,"Recreation, Sport & Culture"
2004-12-01,09,-1.6,0.0,2004,12,"Recreation, Sport & Culture"
2005-01-01,09,-0.4,1.1,2005,1,"Recreation, Sport & Culture"
2005-02-01,09,-0.5,-0.1,2005,2,"Recreation, Sport & Culture"
2005-03-01,09,0.0,0.1,2005,3,"Recreation, Sport & Culture"
2005-04-01,09,-0.3,-0.1,2005,4,"Recreation, Sport & Culture"
2005-05-01,09,-0.2,0.0,2005,5,"Recreation, Sport & Culture"
2005-06-01,09,-0.2,0.0,2005,6,"Recreation, Sport & Culture"
2005-07-01,09,-0.1,-0.1,2005,7,"Recreation, Sport & Culture"
2005-08-01,09,-0.2,0.0,2005,8,"Recreation, Sport & Culture"
2005-09-01,09,0.3,0.4,2005,9,"Recreation, Sport & Culture"
2005-10-01,09,0.3,-0.2,2005,10,"Recreation, Sport & Culture"
2005-11-01,09,1.1,0.0,2005,11,"Recreation, Sport & Culture"
2005-12-01,09,1.5,0.4,2005,12,"Recreation, Sport & Culture"
2006-01-01,09,0.4,0.0,2006,1,"Recreation, Sport & Culture"
2006-02-01,09,0.9,0.3,2006,2,"Recreation, Sport & Culture"
2006-03-01,09,0.6,-0.1,2006,3,"Recreation, Sport & Culture"
2006-04-01,09,0.8,0.0,2006,4,"Recreation, Sport & Culture"
2006-05-01,09,0.8,0.0,2006,5,"Recreation, Sport & Culture"
2006-06-01,09,0.8,0.0,2006,6,"Recreation, Sport & Culture"
2006-07-01,09,1.1,0.2,2006,7,"Recreation, Sport & Culture"
2006-08-01,09,1.0,-0.1,2006,8,"Recreation, Sport & Culture"
2006-09-01,09,0.5,0.0,2006,9,"Recreation, Sport & Culture"
2006-10-01,09,0.8,0.0,2006,10,"Recreation, Sport & Culture"
2006-11-01,09,0.8,0.0,2006,11,"Recreation, Sport & Culture"
2006-12-01,09,0.2,-0.1,2006,12,"Recreation, Sport & Culture"
2007-01-01,09,0.3,0.1,2007,1,"Recreation, Sport & Culture"
2007-02-01,09,0.1,0.1,2007,2,"Recreation, Sport & Culture"
2007-03-01,09,0.0,-0.2,2007,3,"Recreation, Sport & Culture"
2007-04-01,09,0.0,0.0,2007,4,"Recreation, Sport & Culture"
2007-05-01,09,0.0,0.0,2007,5,"Recreation, Sport & Culture"
2007-06-01,09,2.1,2.1,2007,6,"Recreation, Sport & Culture"
2007-07-01,09,2.1,0.2,2007,7,"Recreation, Sport & Culture"
2007-08-01,09,2.3,0.1,2007,8,"Recreation, Sport & Culture"
2007-09-01,09,2.3,0.0,2007,9,"Recreation, Sport & Culture"
2007-10-01,09,2.2,-0.1,2007,10,"Recreation, Sport & Culture"
2007-11-01,09,2.4,0.2,2007,11,"Recreation, Sport & Culture"
2007-12-01,09,2.6,0.0,2007,12,"Recreation, Sport & Culture"
2008-01-01,09,2.6,0.1,2008,1,"Recreation, Sport & Culture"
2008-02-01,09,2.6,0.1,2008,2,"Recreation, Sport & Culture"
2008-03-01,09,2.8,0.0,2008,3,"Recreation, Sport & Culture"
2008-04-01,09,2.8,0.0,2008,4,"Recreation, Sport & Culture"
2008-05-01,09,2.8,0.0,2008,5,"Recreation, Sport & Culture"
2008-06-01,09,0.7,0.1,2008,6,"Recreation, Sport & Culture"
2008-07-01,09,0.8,0.3,2008,7,"Recreation, Sport & Culture"
2008-08-01,09,0.8,0.1,2008,8,"Recreation, Sport & Culture"
2008-09-01,09,1.0,0.2,2008,9,"Recreation, Sport & Culture"
2008-10-01,09,1.4,0.2,2008,10,"Recreation, Sport & Culture"
2008-11-01,09,1.2,0.1,2008,11,"Recreation, Sport & Culture"
2008-12-01,09,1.2,0.0,2008,12,"Recreation, Sport & Culture"
2009-01-01,09,1.0,-0.1,2009,1,"Recreation, Sport & Culture"
2009-02-01,09,1.0,0.1,2009,2,"Recreation, Sport & Culture"
2009-03-01,09,0.9,-0.1,2009,3,"Recreation, Sport & Culture"
2009-04-01,09,0.9,0.0,2009,4,"Recreation, Sport & Culture"
2009-05-01,09,1.0,0.1,2009,5,"Recreation, Sport & Culture"
2009-06-01,09,1.0,0.1,2009,6,"Recreation, Sport & Culture"
2009-07-01,09,0.7,0.0,2009,7,"Recreation, Sport & Culture"
2009-08-01,09,2.6,1.9,2009,8,"Recreation, Sport & Culture"
2009-09-01,09,2.5,0.1,2009,9,"Recreation, Sport & Culture"
2009-10-01,09,2.4,0.1,2009,10,"Recreation, Sport & Culture"
2009-11-01,09,2.5,0.2,2009,11,"Recreation, Sport & Culture"
2009-12-01,09,2.5,0.0,2009,12,"Recreation, Sport & Culture"
2010-01-01,09,2.9,0.3,2010,1,"Recreation, Sport & Culture"
2010-02-01,09,2.8,0.0,2010,2,"Recreation, Sport & Culture"
2010-03-01,09,2.9,0.0,2010,3,"Recreation, Sport & Culture"
2010-04-01,09,2.8,-0.1,2010,4,"Recreation, Sport & Culture"
2010-05-01,09,2.6,-0.1,2010,5,"Recreation, Sport & Culture"
2010-06-01,09,2.5,0.0,2010,6,"Recreation, Sport & Culture"
2010-07-01,09,2.6,0.1,2010,7,"Recreation, Sport & Culture"
2010-08-01,09,0.4,-0.2,2010,8,"Recreation, Sport & Culture"
2010-09-01,09,0.3,0.0,2010,9,"Recreation, Sport & Culture"
2010-10-01,09,0.1,-0.1,2010,10,"Recreation, Sport & Culture"
2010-11-01,09,-0.2,-0.1,2010,11,"Recreation, Sport & Culture"
2010-12-01,09,-0.2,0.0,2010,12,"Recreation, Sport & Culture"
2011-01-01,09,-0.5,0.0,2011,1,"Recreation, Sport & Culture"
2011-02-01,09,0.3,0.8,2011,2,"Recreation, Sport & Culture"
2011-03-01,09,0.2,-0.1,2011,3,"Recreation, Sport & Culture"
2011-04-01,09,1.8,1.5,2011,4,"Recreation, Sport & Culture"
2011-05-01,09,1.9,0.0,2011,5,"Recreation, Sport & Culture"
2011-06-01,09,1.9,0.0,2011,6,"Recreation, Sport & Culture"
2011-07-01,09,2.2,0.4,2011,7,"Recreation, Sport & Culture"
2011-08-01,09,3.0,0.6,2011,8,"Recreation, Sport & Culture"
2011-09-01,09,3.0,0.0,2011,9,"Recreation, Sport & Culture"
2011-10-01,09,3.2,0.1,2011,10,"Recreation, Sport & Culture"
2011-11-01,09,3.4,0.1,2011,11,"Recreation, Sport & Culture"
2011-12-01,09,3.4,0.0,2011,12,"Recreation, Sport & Culture"
2012-01-01,09,3.5,0.1,2012,1,"Recreation, Sport & Culture"
2012-02-01,09,2.9,0.2,2012,2,"Recreation, Sport & Culture"
2012-03-01,09,2.8,-0.2,2012,3,"Recreation, Sport & Culture"
2012-04-01,09,1.3,0.0,2012,4,"Recreation, Sport & Culture"
2012-05-01,09,1.3,0.0,2012,5,"Recreation, Sport & Culture"
2012-06-01,09,1.3,0.0,2012,6,"Recreation, Sport & Culture"
2012-07-01,09,1.0,0.1,2012,7,"Recreation, Sport & Culture"
2012-08-01,09,0.3,-0.1,2012,8,"Recreation, Sport & Culture"
2012-09-01,09,0.2,-0.1,2012,9,"Recreation, Sport & Culture"
2012-10-01,09,0.1,0.0,2012,10,"Recreation, Sport & Culture"
2012-11-01,09,-0.1,-0.1,2012,11,"Recreation, Sport & Culture"
2012-12-01,09,-0.1,0.0,2012,12,"Recreation, Sport & Culture"
2013-01-01,09,-0.1,0.1,2013,1,"Recreation, Sport & Culture"
2013-02-01,09,-0.2,0.1,2013,2,"Recreation, Sport & Culture"
2013-03-01,09,0.0,0.0,2013,3,"Recreation, Sport & Culture"
2013-04-01,09,-0.1,-0.1,2013,4,"Recreation, Sport & Culture"
2013-05-01,09,-0.2,-0.1,2013,5,"Recreation, Sport & Culture"
2013-06-01,09,-0.2,0.0,2013,6,"Recreation, Sport & Culture"
2013-07-01,09,-0.3,0.0,2013,7,"Recreation, Sport & Culture"
2013-08-01,09,-0.1,0.1,2013,8,"Recreation, Sport & Culture"
2013-09-01,09,-0.1,-0.1,2013,9,"Recreation, Sport & Culture"
2013-10-01,09,-0.1,0.0,2013,10,"Recreation, Sport & Culture"
2013-11-01,09,0.6,0.6,2013,11,"Recreation, Sport & Culture"
2013-12-01,09,1.8,1.3,2013,12,"Recreation, Sport & Culture"
2014-01-01,09,1.6,-0.1,2014,1,"Recreation, Sport & Culture"
2014-02-01,09,1.6,0.1,2014,2,"Recreation, Sport & Culture"
2014-03-01,09,1.6,0.0,2014,3,"Recreation, Sport & Culture"
2014-04-01,09,1.7,0.0,2014,4,"Recreation, Sport & Culture"
2014-05-01,09,1.9,0.1,2014,5,"Recreation, Sport & Culture"
2014-06-01,09,1.9,0.0,2014,6,"Recreation, Sport & Culture"
2014-07-01,09,1.9,0.0,2014,7,"Recreation, Sport & Culture"
2014-08-01,09,1.8,0.0,2014,8,"Recreation, Sport & Culture"
2014-09-01,09,1.9,0.0,2014,9,"Recreation, Sport & Culture"
2014-10-01,09,1.8,-0.1,2014,10,"Recreation, Sport & Culture"
2014-11-01,09,1.3,0.0,2014,11,"Recreation, Sport & Culture"
2014-12-01,09,0.0,0.0,2014,12,"Recreation, Sport & Culture"
2015-01-01,09,0.5,0.4,2015,1,"Recreation, Sport & Culture"
2015-02-01,09,0.8,0.4,2015,2,"Recreation, Sport & Culture"
2015-03-01,09,0.6,-0.2,2015,3,"Recreation, Sport & Culture"
2015-04-01,09,1.5,0.9,2015,4,"Recreation, Sport & Culture"
2015-05-01,09,1.6,0.2,2015,5,"Recreation, Sport & Culture"
2015-06-01,09,1.7,0.1,2015,6,"Recreation, Sport & Culture"
2015-07-01,09,1.9,0.2,2015,7,"Recreation, Sport & Culture"
2015-08-01,09,2.1,0.2,2015,8,"Recreation, Sport & Culture"
2015-09-01,09,2.3,0.2,2015,9,"Recreation, Sport & Culture"
2015-10-01,09,2.4,0.0,2015,10,"Recreation, Sport & Culture"
2015-11-01,09,2.6,0.2,2015,11,"Recreation, Sport & Culture"
2015-12-01,09,2.6,0.0,2015,12,"Recreation, Sport & Culture"
2016-01-01,09,2.3,0.1,2016,1,"Recreation, Sport & Culture"
2016-02-01,09,2.4,0.5,2016,2,"Recreation, Sport & Culture"
2016-03-01,09,2.6,0.0,2016,3,"Recreation, Sport & Culture"
2016-04-01,09,1.6,0.0,2016,4,"Recreation, Sport & Culture"
2016-05-01,09,1.5,0.1,2016,5,"Recreation, Sport & Culture"
2016-06-01,09,1.4,0.0,2016,6,"Recreation, Sport & Culture"
2016-07-01,09,1.7,0.5,2016,7,"Recreation, Sport & Culture"
2016-08-01,09,3.6,2.1,2016,8,"Recreation, Sport & Culture"
2016-09-01,09,3.4,0.0,2016,9,"Recreation, Sport & Culture"
2016-10-01,09,3.5,0.1,2016,10,"Recreation, Sport & Culture"
2016-11-01,09,3.2,-0.2,2016,11,"Recreation, Sport & Culture"
2016-12-01,09,3.3,0.1,2016,12,"Recreation, Sport & Culture"
2017-01-01,09,3.2,0.1,2017,1,"Recreation, Sport & Culture"
2017-02-01,09,3.1,0.4,2017,2,"Recreation, Sport & Culture"
2017-03-01,09,3.0,-0.2,2017,3,"Recreation, Sport & Culture"
2017-04-01,09,3.0,0.0,2017,4,"Recreation, Sport & Culture"
2017-05-01,09,2.9,0.0,2017,5,"Recreation, Sport & Culture"
2017-06-01,09,3.0,0.1,2017,6,"Recreation, Sport & Culture"
2017-07-01,09,2.6,0.1,2017,7,"Recreation, Sport & Culture"
2017-08-01,09,0.4,-0.1,2017,8,"Recreation, Sport & Culture"
2017-09-01,09,0.4,0.0,2017,9,"Recreation, Sport & Culture"
2017-10-01,09,0.4,0.1,2017,10,"Recreation, Sport & Culture"
2017-11-01,09,0.6,0.1,2017,11,"Recreation, Sport & Culture"
2017-12-01,09,0.5,0.0,2017,12,"Recreation, Sport & Culture"
2018-01-01,09,0.5,0.1,2018,1,"Recreation, Sport & Culture"
2018-02-01,09,0.4,0.2,2018,2,"Recreation, Sport & Culture"
2018-03-01,09,0.5,0.0,2018,3,"Recreation, Sport & Culture"
2018-04-01,09,0.6,0.1,2018,4,"Recreation, Sport & Culture"
2018-05-01,09,0.5,-0.1,2018,5,"Recreation, Sport & Culture"
2018-06-01,09,-2.5,-2.9,2018,6,"Recreation, Sport & Culture"
2018-07-01,09,-2.4,0.2,2018,7,"Recreation, Sport & Culture"
2018-08-01,09,-2.2,0.1,2018,8,"Recreation, Sport & Culture"
2018-09-01,09,-0.2,2.1,2018,9,"Recreation, Sport & Culture"
2018-10-01,09,-0.2,0.1,2018,10,"Recreation, Sport & Culture"
2018-11-01,09,-0.3,0.0,2018,11,"Recreation, Sport & Culture"
2018-12-01,09,-0.2,0.1,2018,12,"Recreation, Sport & Culture"
2019-01-01,09,-0.4,-0.1,2019,1,"Recreation, Sport & Culture"
2019-02-01,09,-0.4,0.2,2019,2,"Recreation, Sport & Culture"
2019-03-01,09,-0.4,-0.1,2019,3,"Recreation, Sport & Culture"
2019-04-01,09,-0.4,0.1,2019,4,"Recreation, Sport & Culture"
2019-05-01,09,-0.4,-0.1,2019,5,"Recreation, Sport & Culture"
2019-06-01,09,2.7,0.1,2019,6,"Recreation, Sport & Culture"
2019-07-01,09,2.4,-0.1,2019,7,"Recreation, Sport & Culture"
2019-08-01,09,2.3,0.0,2019,8,"Recreation, Sport & Culture"
2019-09-01,09,0.8,0.6,2019,9,"Recreation, Sport & Culture"
2019-10-01,09,0.7,0.0,2019,10,"Recreation, Sport & Culture"
2019-11-01,09,0.8,0.1,2019,11,"Recreation, Sport & Culture"
2019-12-01,09,0.6,-0.1,2019,12,"Recreation, Sport & Culture"
2020-01-01,09,0.9,0.2,2020,1,"Recreation, Sport & Culture"
2020-02-01,09,0.7,0.0,2020,2,"Recreation, Sport & Culture"
2020-03-01,09,0.7,-0.1,2020,3,"Recreation, Sport & Culture"
2020-04-01,09,0.6,0.0,2020,4,"Recreation, Sport & Culture"
2020-05-01,09,0.7,0.0,2020,5,"Recreation, Sport & Culture"
2020-06-01,09,0.6,0.0,2020,6,"Recreation, Sport & Culture"
2020-07-01,09,0.7,0.0,2020,7,"Recreation, Sport & Culture"
2020-08-01,09,0.6,-0.1,2020,8,"Recreation, Sport & Culture"
2020-09-01,09,0.1,0.1,2020,9,"Recreation, Sport & Culture"
2020-10-01,09,0.2,0.1,2020,10,"Recreation, Sport & Culture"
2020-11-01,09,0.1,0.0,2020,11,"Recreation, Sport & Culture"
2020-12-01,09,0.2,0.0,2020,12,"Recreation, Sport & Culture"
2021-01-01,09,0.1,0.1,2021,1,"Recreation, Sport & Culture"
2021-02-01,09,0.1,0.0,2021,2,"Recreation, Sport & Culture"
2021-03-01,09,0.5,0.4,2021,3,"Recreation, Sport & Culture"
2021-04-01,09,0.7,0.2,2021,4,"Recreation, Sport & Culture"
2021-05-01,09,0.6,-0.1,2021,5,"Recreation, Sport & Culture"
2021-06-01,09,0.6,0.0,2021,6,"Recreation, Sport & Culture"
2021-07-01,09,0.6,0.0,2021,7,"Recreation, Sport & Culture"
2021-08-01,09,0.7,0.0,2021,8,"Recreation, Sport & Culture"
2021-09-01,09,0.6,0.0,2021,9,"Recreation, Sport & Culture"
2021-10-01,09,0.2,-0.4,2021,10,"Recreation, Sport & Culture"
2021-11-01,09,0.2,0.0,2021,11,"Recreation, Sport & Culture"
2021-12-01,09,0.4,0.3,2021,12,"Recreation, Sport & Culture"
2022-01-01,09,1.2,0.8,2022,1,"Recreation, Sport & Culture"
2022-02-01,09,1.6,0.4,2022,2,"Recreation, Sport & Culture"
2022-03-01,09,1.1,-0.2,2022,3,"Recreation, Sport & Culture"
2022-04-01,09,1.3,0.4,2022,4,"Recreation, Sport & Culture"
2022-05-01,09,1.8,0.3,2022,5,"Recreation, Sport & Culture"
2022-06-01,09,2.2,0.4,2022,6,"Recreation, Sport & Culture"
2022-07-01,09,2.5,0.3,2022,7,"Recreation, Sport & Culture"
2022-08-01,09,2.7,0.3,2022,8,"Recreation, Sport & Culture"
2022-09-01,09,3.1,0.3,2022,9,"Recreation, Sport & Culture"
2022-10-01,09,3.4,-0.1,2022,10,"Recreation, Sport & Culture"
2022-11-01,09,3.6,0.2,2022,11,"Recreation, Sport & Culture"
2022-12-01,09,2.4,-0.9,2022,12,"Recreation, Sport & Culture"
2023-01-01,09,2.7,1.1,2023,1,"Recreation, Sport & Culture"
2023-02-01,09,1.7,-0.5,2023,2,"Recreation, Sport & Culture"
2023-03-01,09,1.9,0.0,2023,3,"Recreation, Sport & Culture"
2023-04-01,09,1.8,0.3,2023,4,"Recreation, Sport & Culture"
2023-05-01,09,1.8,0.3,2023,5,"Recreation, Sport & Culture"
2023-06-01,09,1.6,0.3,2023,6,"Recreation, Sport & Culture"
2023-07-01,09,1.1,-0.3,2023,7,"Recreation, Sport & Culture"
2023-08-01,09,1.0,0.2,2023,8,"Recreation, Sport & Culture"
2023-09-01,09,0.6,-0.1,2023,9,"Recreation, Sport & Culture"
2023-10-01,09,0.7,0.0,2023,10,"Recreation, Sport & Culture"
2023-11-01,09,0.6,0.1,2023,11,"Recreation, Sport & Culture"
2023-12-01,09,1.9,0.4,2023,12,"Recreation, Sport & Culture"
2024-01-01,09,0.8,0.0,2024,1,"Recreation, Sport & Culture"
2024-02-01,09,1.6,0.3,2024,2,"Recreation, Sport & Culture"
2024-03-01,09,1.5,-0.2,2024,3,"Recreation, Sport & Culture"
2024-04-01,09,2.0,0.8,2024,4,"Recreation, Sport & Culture"
2024-05-01,09,1.9,0.3,2024,5,"Recreation, Sport & Culture"
2024-06-01,09,1.9,0.3,2024,6,"Recreation, Sport & Culture"
2024-07-01,09,2.2,0.1,2024,7,"Recreation, Sport & Culture"
2024-08-01,09,2.0,0.0,2024,8,"Recreation, Sport & Culture"
2024-09-01,09,2.1,0.0,2024,9,"Recreation, Sport & Culture"
2024-10-01,09,2.0,-0.1,2024,10,"Recreation, Sport & Culture"
2024-11-01,09,2.0,0.1,2024,11,"Recreation, Sport & Culture"
2024-12-01,09,1.7,0.1,2024,12,"Recreation, Sport & Culture"
2025-01-01,09,1.8,0.1,2025,1,"Recreation, Sport & Culture"
2025-02-01,09,1.5,0.1,2025,2,"Recreation, Sport & Culture"
2025-03-01,09,1.7,0.0,2025,3,"Recreation, Sport & Culture"
2025-04-01,09,1.3,0.4,2025,4,"Recreation, Sport & Culture"
2025-05-01,09,0.9,-0.1,2025,5,"Recreation, Sport & Culture"
2025-06-01,09,0.8,0.1,2025,6,"Recreation, Sport & Culture"
2025-07-01,09,0.8,0.1,2025,7,"Recreation, Sport & Culture"
2025-08-01,09,0.9,0.2,2025,8,"Recreation, Sport & Culture"
2025-09-01,09,0.9,0.0,2025,9,"Recreation, Sport & Culture"
2025-10-01,09,1.2,0.2,2025,10,"Recreation, Sport & Culture"
2025-11-01,09,1.2,0.1,2025,11,"Recreation, Sport & Culture"
2025-12-01,09,0.8,-0.2,2025,12,"Recreation, Sport & Culture"
2026-01-01,09,0.9,0.2,2026,1,"Recreation, Sport & Culture"
2026-02-01,09,0.8,0.0,2026,2,"Recreation, Sport & Culture"
2026-03-01,09,1.0,0.2,2026,3,"Recreation, Sport & Culture"
2026-04-01,09,0.9,0.3,2026,4,"Recreation, Sport & Culture"
1980-02-01,10,,,1980,2,Education
1980-03-01,10,,,1980,3,Education
1980-04-01,10,,,1980,4,Education
1980-05-01,10,,,1980,5,Education
1980-06-01,10,,,1980,6,Education
1980-07-01,10,,,1980,7,Education
1980-08-01,10,,,1980,8,Education
1980-09-01,10,,,1980,9,Education
1980-10-01,10,,,1980,10,Education
1980-11-01,10,,,1980,11,Education
1980-12-01,10,,,1980,12,Education
1981-01-01,10,,,1981,1,Education
1981-02-01,10,,,1981,2,Education
1981-03-01,10,,,1981,3,Education
1981-04-01,10,,,1981,4,Education
1981-05-01,10,,,1981,5,Education
1981-06-01,10,,,1981,6,Education
1981-07-01,10,,,1981,7,Education
1981-08-01,10,,,1981,8,Education
1981-09-01,10,,,1981,9,Education
1981-10-01,10,,,1981,10,Education
1981-11-01,10,,,1981,11,Education
1981-12-01,10,,,1981,12,Education
1982-01-01,10,,,1982,1,Education
1982-02-01,10,,,1982,2,Education
1982-03-01,10,,,1982,3,Education
1982-04-01,10,,,1982,4,Education
1982-05-01,10,,,1982,5,Education
1982-06-01,10,,,1982,6,Education
1982-07-01,10,,,1982,7,Education
1982-08-01,10,,,1982,8,Education
1982-09-01,10,,,1982,9,Education
1982-10-01,10,,,1982,10,Education
1982-11-01,10,,,1982,11,Education
1982-12-01,10,,,1982,12,Education
1983-01-01,10,,,1983,1,Education
1983-02-01,10,,,1983,2,Education
1983-03-01,10,,,1983,3,Education
1983-04-01,10,,,1983,4,Education
1983-05-01,10,,,1983,5,Education
1983-06-01,10,,,1983,6,Education
1983-07-01,10,,,1983,7,Education
1983-08-01,10,,,1983,8,Education
1983-09-01,10,,,1983,9,Education
1983-10-01,10,,,1983,10,Education
1983-11-01,10,,,1983,11,Education
1983-12-01,10,,,1983,12,Education
1984-01-01,10,,,1984,1,Education
1984-02-01,10,,,1984,2,Education
1984-03-01,10,,,1984,3,Education
1984-04-01,10,,,1984,4,Education
1984-05-01,10,,,1984,5,Education
1984-06-01,10,,,1984,6,Education
1984-07-01,10,,,1984,7,Education
1984-08-01,10,,,1984,8,Education
1984-09-01,10,,,1984,9,Education
1984-10-01,10,,,1984,10,Education
1984-11-01,10,,,1984,11,Education
1984-12-01,10,,,1984,12,Education
1985-01-01,10,,,1985,1,Education
1985-02-01,10,,,1985,2,Education
1985-03-01,10,,,1985,3,Education
1985-04-01,10,,,1985,4,Education
1985-05-01,10,,,1985,5,Education
1985-06-01,10,,,1985,6,Education
1985-07-01,10,,,1985,7,Education
1985-08-01,10,,,1985,8,Education
1985-09-01,10,,,1985,9,Education
1985-10-01,10,,,1985,10,Education
1985-11-01,10,,,1985,11,Education
1985-12-01,10,,,1985,12,Education
1986-01-01,10,,,1986,1,Education
1986-02-01,10,,,1986,2,Education
1986-03-01,10,,,1986,3,Education
1986-04-01,10,,,1986,4,Education
1986-05-01,10,,,1986,5,Education
1986-06-01,10,,,1986,6,Education
1986-07-01,10,,,1986,7,Education
1986-08-01,10,,,1986,8,Education
1986-09-01,10,,,1986,9,Education
1986-10-01,10,,,1986,10,Education
1986-11-01,10,,,1986,11,Education
1986-12-01,10,,,1986,12,Education
1987-01-01,10,,,1987,1,Education
1987-02-01,10,,,1987,2,Education
1987-03-01,10,,,1987,3,Education
1987-04-01,10,,,1987,4,Education
1987-05-01,10,,,1987,5,Education
1987-06-01,10,,,1987,6,Education
1987-07-01,10,,,1987,7,Education
1987-08-01,10,,,1987,8,Education
1987-09-01,10,,,1987,9,Education
1987-10-01,10,,,1987,10,Education
1987-11-01,10,,,1987,11,Education
1987-12-01,10,,,1987,12,Education
1988-01-01,10,,,1988,1,Education
1988-02-01,10,,,1988,2,Education
1988-03-01,10,,,1988,3,Education
1988-04-01,10,,,1988,4,Education
1988-05-01,10,,,1988,5,Education
1988-06-01,10,,,1988,6,Education
1988-07-01,10,,,1988,7,Education
1988-08-01,10,,,1988,8,Education
1988-09-01,10,,,1988,9,Education
1988-10-01,10,,,1988,10,Education
1988-11-01,10,,,1988,11,Education
1988-12-01,10,,,1988,12,Education
1989-01-01,10,,,1989,1,Education
1989-02-01,10,,,1989,2,Education
1989-03-01,10,,,1989,3,Education
1989-04-01,10,,,1989,4,Education
1989-05-01,10,,,1989,5,Education
1989-06-01,10,,,1989,6,Education
1989-07-01,10,,,1989,7,Education
1989-08-01,10,,,1989,8,Education
1989-09-01,10,,,1989,9,Education
1989-10-01,10,,,1989,10,Education
1989-11-01,10,,,1989,11,Education
1989-12-01,10,,,1989,12,Education
1990-01-01,10,,,1990,1,Education
1990-02-01,10,,,1990,2,Education
1990-03-01,10,,,1990,3,Education
1990-04-01,10,,,1990,4,Education
1990-05-01,10,,,1990,5,Education
1990-06-01,10,,,1990,6,Education
1990-07-01,10,,,1990,7,Education
1990-08-01,10,,,1990,8,Education
1990-09-01,10,,,1990,9,Education
1990-10-01,10,,,1990,10,Education
1990-11-01,10,,,1990,11,Education
1990-12-01,10,,,1990,12,Education
1991-01-01,10,,,1991,1,Education
1991-02-01,10,,,1991,2,Education
1991-03-01,10,,,1991,3,Education
1991-04-01,10,,,1991,4,Education
1991-05-01,10,,,1991,5,Education
1991-06-01,10,,,1991,6,Education
1991-07-01,10,,,1991,7,Education
1991-08-01,10,,,1991,8,Education
1991-09-01,10,,,1991,9,Education
1991-10-01,10,,,1991,10,Education
1991-11-01,10,,,1991,11,Education
1991-12-01,10,,,1991,12,Education
1992-01-01,10,,,1992,1,Education
1992-02-01,10,,,1992,2,Education
1992-03-01,10,,,1992,3,Education
1992-04-01,10,,,1992,4,Education
1992-05-01,10,,,1992,5,Education
1992-06-01,10,,,1992,6,Education
1992-07-01,10,,,1992,7,Education
1992-08-01,10,,,1992,8,Education
1992-09-01,10,,,1992,9,Education
1992-10-01,10,,,1992,10,Education
1992-11-01,10,,,1992,11,Education
1992-12-01,10,,,1992,12,Education
1993-01-01,10,,,1993,1,Education
1993-02-01,10,,,1993,2,Education
1993-03-01,10,,,1993,3,Education
1993-04-01,10,,,1993,4,Education
1993-05-01,10,,,1993,5,Education
1993-06-01,10,,,1993,6,Education
1993-07-01,10,,,1993,7,Education
1993-08-01,10,,,1993,8,Education
1993-09-01,10,,,1993,9,Education
1993-10-01,10,,,1993,10,Education
1993-11-01,10,,,1993,11,Education
1993-12-01,10,,,1993,12,Education
1994-01-01,10,,,1994,1,Education
1994-02-01,10,,,1994,2,Education
1994-03-01,10,,,1994,3,Education
1994-04-01,10,,,1994,4,Education
1994-05-01,10,,,1994,5,Education
1994-06-01,10,,,1994,6,Education
1994-07-01,10,,,1994,7,Education
1994-08-01,10,,,1994,8,Education
1994-09-01,10,,,1994,9,Education
1994-10-01,10,,,1994,10,Education
1994-11-01,10,,,1994,11,Education
1994-12-01,10,,,1994,12,Education
1995-01-01,10,,,1995,1,Education
1995-02-01,10,,,1995,2,Education
1995-03-01,10,,,1995,3,Education
1995-04-01,10,,,1995,4,Education
1995-05-01,10,,,1995,5,Education
1995-06-01,10,,,1995,6,Education
1995-07-01,10,,,1995,7,Education
1995-08-01,10,,,1995,8,Education
1995-09-01,10,,,1995,9,Education
1995-10-01,10,,,1995,10,Education
1995-11-01,10,,,1995,11,Education
1995-12-01,10,,,1995,12,Education
1996-01-01,10,,,1996,1,Education
1996-02-01,10,,,1996,2,Education
1996-03-01,10,,,1996,3,Education
1996-04-01,10,,,1996,4,Education
1996-05-01,10,,,1996,5,Education
1996-06-01,10,,,1996,6,Education
1996-07-01,10,,,1996,7,Education
1996-08-01,10,,,1996,8,Education
1996-09-01,10,,,1996,9,Education
1996-10-01,10,,,1996,10,Education
1996-11-01,10,,,1996,11,Education
1996-12-01,10,,,1996,12,Education
1997-01-01,10,,,1997,1,Education
1997-02-01,10,,,1997,2,Education
1997-03-01,10,,,1997,3,Education
1997-04-01,10,,,1997,4,Education
1997-05-01,10,,,1997,5,Education
1997-06-01,10,,,1997,6,Education
1997-07-01,10,,,1997,7,Education
1997-08-01,10,,,1997,8,Education
1997-09-01,10,,,1997,9,Education
1997-10-01,10,,,1997,10,Education
1997-11-01,10,,,1997,11,Education
1997-12-01,10,,,1997,12,Education
1998-01-01,10,,,1998,1,Education
1998-02-01,10,,,1998,2,Education
1998-03-01,10,,,1998,3,Education
1998-04-01,10,,,1998,4,Education
1998-05-01,10,,,1998,5,Education
1998-06-01,10,,,1998,6,Education
1998-07-01,10,,,1998,7,Education
1998-08-01,10,,,1998,8,Education
1998-09-01,10,,,1998,9,Education
1998-10-01,10,,,1998,10,Education
1998-11-01,10,,,1998,11,Education
1998-12-01,10,,,1998,12,Education
1999-01-01,10,,,1999,1,Education
1999-02-01,10,,,1999,2,Education
1999-03-01,10,,,1999,3,Education
1999-04-01,10,,,1999,4,Education
1999-05-01,10,,,1999,5,Education
1999-06-01,10,,,1999,6,Education
1999-07-01,10,,,1999,7,Education
1999-08-01,10,,,1999,8,Education
1999-09-01,10,,,1999,9,Education
1999-10-01,10,,,1999,10,Education
1999-11-01,10,,,1999,11,Education
1999-12-01,10,,,1999,12,Education
2000-01-01,10,,,2000,1,Education
2000-02-01,10,,,2000,2,Education
2000-03-01,10,,,2000,3,Education
2000-04-01,10,,,2000,4,Education
2000-05-01,10,,,2000,5,Education
2000-06-01,10,,,2000,6,Education
2000-07-01,10,,,2000,7,Education
2000-08-01,10,,,2000,8,Education
2000-09-01,10,,,2000,9,Education
2000-10-01,10,,,2000,10,Education
2000-11-01,10,,,2000,11,Education
2000-12-01,10,,,2000,12,Education
2001-01-01,10,,,2001,1,Education
2001-02-01,10,,,2001,2,Education
2001-03-01,10,,,2001,3,Education
2001-04-01,10,,,2001,4,Education
2001-05-01,10,,,2001,5,Education
2001-06-01,10,,,2001,6,Education
2001-07-01,10,,,2001,7,Education
2001-08-01,10,,,2001,8,Education
2001-09-01,10,,,2001,9,Education
2001-10-01,10,,,2001,10,Education
2001-11-01,10,,,2001,11,Education
2001-12-01,10,,,2001,12,Education
2002-01-01,10,,,2002,1,Education
2002-02-01,10,,,2002,2,Education
2002-03-01,10,,,2002,3,Education
2002-04-01,10,,,2002,4,Education
2002-05-01,10,,,2002,5,Education
2002-06-01,10,,,2002,6,Education
2002-07-01,10,,,2002,7,Education
2002-08-01,10,,,2002,8,Education
2002-09-01,10,,,2002,9,Education
2002-10-01,10,,,2002,10,Education
2002-11-01,10,,,2002,11,Education
2002-12-01,10,,,2002,12,Education
2003-01-01,10,,,2003,1,Education
2003-02-01,10,,0.8,2003,2,Education
2003-03-01,10,,-0.1,2003,3,Education
2003-04-01,10,,0.0,2003,4,Education
2003-05-01,10,,-0.1,2003,5,Education
2003-06-01,10,,-0.7,2003,6,Education
2003-07-01,10,,-0.1,2003,7,Education
2003-08-01,10,,0.0,2003,8,Education
2003-09-01,10,,-0.1,2003,9,Education
2003-10-01,10,,0.1,2003,10,Education
2003-11-01,10,,-0.1,2003,11,Education
2003-12-01,10,,0.0,2003,12,Education
2004-01-01,10,1.6,1.9,2004,1,Education
2004-02-01,10,0.7,-0.1,2004,2,Education
2004-03-01,10,0.7,-0.1,2004,3,Education
2004-04-01,10,0.8,0.1,2004,4,Education
2004-05-01,10,0.9,0.0,2004,5,Education
2004-06-01,10,1.6,0.0,2004,6,Education
2004-07-01,10,1.8,0.1,2004,7,Education
2004-08-01,10,1.8,0.0,2004,8,Education
2004-09-01,10,1.8,-0.1,2004,9,Education
2004-10-01,10,1.7,0.0,2004,10,Education
2004-11-01,10,2.1,0.2,2004,11,Education
2004-12-01,10,1.9,-0.1,2004,12,Education
2005-01-01,10,1.5,1.5,2005,1,Education
2005-02-01,10,1.6,0.0,2005,2,Education
2005-03-01,10,1.7,0.0,2005,3,Education
2005-04-01,10,1.7,0.1,2005,4,Education
2005-05-01,10,1.7,0.0,2005,5,Education
2005-06-01,10,1.8,0.1,2005,6,Education
2005-07-01,10,1.8,0.1,2005,7,Education
2005-08-01,10,1.9,0.1,2005,8,Education
2005-09-01,10,1.9,-0.1,2005,9,Education
2005-10-01,10,1.9,0.0,2005,10,Education
2005-11-01,10,1.7,0.0,2005,11,Education
2005-12-01,10,1.9,0.1,2005,12,Education
2006-01-01,10,1.1,0.7,2006,1,Education
2006-02-01,10,1.3,0.2,2006,2,Education
2006-03-01,10,1.4,0.1,2006,3,Education
2006-04-01,10,1.4,0.1,2006,4,Education
2006-05-01,10,1.4,0.0,2006,5,Education
2006-06-01,10,1.7,0.3,2006,6,Education
2006-07-01,10,1.7,0.1,2006,7,Education
2006-08-01,10,1.8,0.2,2006,8,Education
2006-09-01,10,1.9,0.0,2006,9,Education
2006-10-01,10,1.9,0.0,2006,10,Education
2006-11-01,10,2.0,0.1,2006,11,Education
2006-12-01,10,2.3,0.4,2006,12,Education
2007-01-01,10,2.2,0.5,2007,1,Education
2007-02-01,10,2.1,0.1,2007,2,Education
2007-03-01,10,2.1,0.1,2007,3,Education
2007-04-01,10,2.0,0.0,2007,4,Education
2007-05-01,10,2.0,0.0,2007,5,Education
2007-06-01,10,1.7,0.1,2007,6,Education
2007-07-01,10,1.6,0.0,2007,7,Education
2007-08-01,10,1.5,0.1,2007,8,Education
2007-09-01,10,1.5,0.0,2007,9,Education
2007-10-01,10,1.5,0.0,2007,10,Education
2007-11-01,10,1.4,0.0,2007,11,Education
2007-12-01,10,1.1,0.1,2007,12,Education
2008-01-01,10,1.5,1.0,2008,1,Education
2008-02-01,10,2.1,0.7,2008,2,Education
2008-03-01,10,2.1,0.1,2008,3,Education
2008-04-01,10,2.2,0.1,2008,4,Education
2008-05-01,10,2.2,0.0,2008,5,Education
2008-06-01,10,2.3,0.2,2008,6,Education
2008-07-01,10,2.4,0.1,2008,7,Education
2008-08-01,10,2.6,0.2,2008,8,Education
2008-09-01,10,2.7,0.1,2008,9,Education
2008-10-01,10,2.8,0.1,2008,10,Education
2008-11-01,10,2.8,0.0,2008,11,Education
2008-12-01,10,2.8,0.1,2008,12,Education
2009-01-01,10,2.9,1.1,2009,1,Education
2009-02-01,10,2.5,0.3,2009,2,Education
2009-03-01,10,2.5,0.1,2009,3,Education
2009-04-01,10,2.5,0.1,2009,4,Education
2009-05-01,10,2.5,0.0,2009,5,Education
2009-06-01,10,2.3,0.0,2009,6,Education
2009-07-01,10,2.4,0.2,2009,7,Education
2009-08-01,10,2.3,0.1,2009,8,Education
2009-09-01,10,2.2,0.0,2009,9,Education
2009-10-01,10,2.1,0.0,2009,10,Education
2009-11-01,10,2.1,0.0,2009,11,Education
2009-12-01,10,2.1,0.1,2009,12,Education
2010-01-01,10,1.7,0.8,2010,1,Education
2010-02-01,10,1.5,0.1,2010,2,Education
2010-03-01,10,1.6,0.2,2010,3,Education
2010-04-01,10,1.6,0.1,2010,4,Education
2010-05-01,10,1.6,0.0,2010,5,Education
2010-06-01,10,1.6,0.0,2010,6,Education
2010-07-01,10,1.6,0.2,2010,7,Education
2010-08-01,10,1.6,0.1,2010,8,Education
2010-09-01,10,1.6,0.0,2010,9,Education
2010-10-01,10,1.6,0.0,2010,10,Education
2010-11-01,10,1.7,0.1,2010,11,Education
2010-12-01,10,1.7,0.1,2010,12,Education
2011-01-01,10,1.5,0.6,2011,1,Education
2011-02-01,10,2.0,0.6,2011,2,Education
2011-03-01,10,2.1,0.3,2011,3,Education
2011-04-01,10,2.2,0.2,2011,4,Education
2011-05-01,10,2.2,0.0,2011,5,Education
2011-06-01,10,2.3,0.1,2011,6,Education
2011-07-01,10,2.2,0.1,2011,7,Education
2011-08-01,10,2.2,0.1,2011,8,Education
2011-09-01,10,2.2,0.0,2011,9,Education
2011-10-01,10,2.3,0.1,2011,10,Education
2011-11-01,10,2.8,0.6,2011,11,Education
2011-12-01,10,2.8,0.1,2011,12,Education
2012-01-01,10,3.1,0.9,2012,1,Education
2012-02-01,10,2.9,0.4,2012,2,Education
2012-03-01,10,2.6,0.1,2012,3,Education
2012-04-01,10,2.6,0.2,2012,4,Education
2012-05-01,10,2.6,0.0,2012,5,Education
2012-06-01,10,2.4,-0.1,2012,6,Education
2012-07-01,10,2.3,0.0,2012,7,Education
2012-08-01,10,2.2,0.0,2012,8,Education
2012-09-01,10,2.3,0.1,2012,9,Education
2012-10-01,10,2.2,0.0,2012,10,Education
2012-11-01,10,1.6,0.0,2012,11,Education
2012-12-01,10,1.6,0.1,2012,12,Education
2013-01-01,10,1.8,1.0,2013,1,Education
2013-02-01,10,2.2,0.8,2013,2,Education
2013-03-01,10,2.2,0.1,2013,3,Education
2013-04-01,10,2.1,0.1,2013,4,Education
2013-05-01,10,2.3,0.2,2013,5,Education
2013-06-01,10,2.5,0.1,2013,6,Education
2013-07-01,10,2.6,0.1,2013,7,Education
2013-08-01,10,2.6,0.0,2013,8,Education
2013-09-01,10,2.6,0.1,2013,9,Education
2013-10-01,10,2.6,0.0,2013,10,Education
2013-11-01,10,2.9,0.3,2013,11,Education
2013-12-01,10,2.9,0.1,2013,12,Education
2014-01-01,10,2.6,0.8,2014,1,Education
2014-02-01,10,2.3,0.5,2014,2,Education
2014-03-01,10,2.3,0.1,2014,3,Education
2014-04-01,10,2.3,0.1,2014,4,Education
2014-05-01,10,2.2,0.1,2014,5,Education
2014-06-01,10,2.2,0.1,2014,6,Education
2014-07-01,10,2.3,0.2,2014,7,Education
2014-08-01,10,2.5,0.2,2014,8,Education
2014-09-01,10,2.4,0.0,2014,9,Education
2014-10-01,10,2.4,0.0,2014,10,Education
2014-11-01,10,2.2,0.1,2014,11,Education
2014-12-01,10,2.2,0.1,2014,12,Education
2015-01-01,10,2.1,0.7,2015,1,Education
2015-02-01,10,2.2,0.5,2015,2,Education
2015-03-01,10,2.2,0.1,2015,3,Education
2015-04-01,10,2.6,0.5,2015,4,Education
2015-05-01,10,2.5,-0.1,2015,5,Education
2015-06-01,10,2.6,0.2,2015,6,Education
2015-07-01,10,2.4,0.0,2015,7,Education
2015-08-01,10,2.5,0.3,2015,8,Education
2015-09-01,10,2.5,0.0,2015,9,Education
2015-10-01,10,2.5,0.0,2015,10,Education
2015-11-01,10,2.5,0.1,2015,11,Education
2015-12-01,10,2.6,0.3,2015,12,Education
2016-01-01,10,2.6,0.7,2016,1,Education
2016-02-01,10,2.5,0.4,2016,2,Education
2016-03-01,10,2.6,0.2,2016,3,Education
2016-04-01,10,2.1,0.1,2016,4,Education
2016-05-01,10,2.2,0.0,2016,5,Education
2016-06-01,10,2.1,0.1,2016,6,Education
2016-07-01,10,2.2,0.1,2016,7,Education
2016-08-01,10,2.0,0.0,2016,8,Education
2016-09-01,10,2.0,0.0,2016,9,Education
2016-10-01,10,2.0,0.0,2016,10,Education
2016-11-01,10,1.9,0.1,2016,11,Education
2016-12-01,10,1.7,0.0,2016,12,Education
2017-01-01,10,2.0,1.0,2017,1,Education
2017-02-01,10,1.7,0.1,2017,2,Education
2017-03-01,10,1.7,0.2,2017,3,Education
2017-04-01,10,1.7,0.1,2017,4,Education
2017-05-01,10,1.7,0.0,2017,5,Education
2017-06-01,10,1.7,0.1,2017,6,Education
2017-07-01,10,1.6,0.0,2017,7,Education
2017-08-01,10,1.6,0.0,2017,8,Education
2017-09-01,10,1.6,0.0,2017,9,Education
2017-10-01,10,1.6,0.0,2017,10,Education
2017-11-01,10,1.5,0.0,2017,11,Education
2017-12-01,10,1.7,0.2,2017,12,Education
2018-01-01,10,1.2,0.6,2018,1,Education
2018-02-01,10,1.2,0.1,2018,2,Education
2018-03-01,10,1.1,0.1,2018,3,Education
2018-04-01,10,1.1,0.1,2018,4,Education
2018-05-01,10,1.2,0.1,2018,5,Education
2018-06-01,10,0.9,-0.2,2018,6,Education
2018-07-01,10,1.0,0.1,2018,7,Education
2018-08-01,10,1.1,0.1,2018,8,Education
2018-09-01,10,1.1,0.0,2018,9,Education
2018-10-01,10,1.1,0.0,2018,10,Education
2018-11-01,10,1.4,0.3,2018,11,Education
2018-12-01,10,1.1,-0.1,2018,12,Education
2019-01-01,10,0.9,0.4,2019,1,Education
2019-02-01,10,1.3,0.4,2019,2,Education
2019-03-01,10,1.3,0.1,2019,3,Education
2019-04-01,10,1.2,0.0,2019,4,Education
2019-05-01,10,1.2,0.1,2019,5,Education
2019-06-01,10,1.4,0.0,2019,6,Education
2019-07-01,10,1.4,0.1,2019,7,Education
2019-08-01,10,1.4,0.1,2019,8,Education
2019-09-01,10,1.8,0.4,2019,9,Education
2019-10-01,10,1.9,0.1,2019,10,Education
2019-11-01,10,1.6,0.0,2019,11,Education
2019-12-01,10,1.7,0.0,2019,12,Education
2020-01-01,10,1.7,0.4,2020,1,Education
2020-02-01,10,1.3,0.1,2020,2,Education
2020-03-01,10,1.3,0.0,2020,3,Education
2020-04-01,10,1.2,-0.1,2020,4,Education
2020-05-01,10,1.0,-0.1,2020,5,Education
2020-06-01,10,0.8,-0.2,2020,6,Education
2020-07-01,10,1.2,0.4,2020,7,Education
2020-08-01,10,1.1,0.0,2020,8,Education
2020-09-01,10,0.7,0.1,2020,9,Education
2020-10-01,10,0.7,0.0,2020,10,Education
2020-11-01,10,0.6,-0.1,2020,11,Education
2020-12-01,10,0.6,0.0,2020,12,Education
2021-01-01,10,0.2,0.0,2021,1,Education
2021-02-01,10,0.1,0.0,2021,2,Education
2021-03-01,10,0.0,-0.1,2021,3,Education
2021-04-01,10,0.2,0.2,2021,4,Education
2021-05-01,10,0.3,0.0,2021,5,Education
2021-06-01,10,0.5,0.0,2021,6,Education
2021-07-01,10,0.1,0.0,2021,7,Education
2021-08-01,10,0.0,-0.1,2021,8,Education
2021-09-01,10,-0.1,0.0,2021,9,Education
2021-10-01,10,-0.1,0.0,2021,10,Education
2021-11-01,10,0.1,0.1,2021,11,Education
2021-12-01,10,0.2,0.1,2021,12,Education
2022-01-01,10,0.7,0.5,2022,1,Education
2022-02-01,10,0.7,0.1,2022,2,Education
2022-03-01,10,0.9,0.1,2022,3,Education
2022-04-01,10,1.0,0.2,2022,4,Education
2022-05-01,10,1.0,0.0,2022,5,Education
2022-06-01,10,1.1,0.1,2022,6,Education
2022-07-01,10,1.2,0.1,2022,7,Education
2022-08-01,10,1.2,0.0,2022,8,Education
2022-09-01,10,1.3,0.1,2022,9,Education
2022-10-01,10,1.4,0.1,2022,10,Education
2022-11-01,10,1.5,0.2,2022,11,Education
2022-12-01,10,1.4,0.0,2022,12,Education
2023-01-01,10,1.3,0.4,2023,1,Education
2023-02-01,10,1.6,0.4,2023,2,Education
2023-03-01,10,1.7,0.2,2023,3,Education
2023-04-01,10,1.6,0.2,2023,4,Education
2023-05-01,10,1.9,0.2,2023,5,Education
2023-06-01,10,1.9,0.1,2023,6,Education
2023-07-01,10,2.0,0.2,2023,7,Education
2023-08-01,10,2.1,0.2,2023,8,Education
2023-09-01,10,2.0,0.0,2023,9,Education
2023-10-01,10,2.1,0.2,2023,10,Education
2023-11-01,10,2.0,0.0,2023,11,Education
2023-12-01,10,2.0,0.0,2023,12,Education
2024-01-01,10,1.7,0.2,2024,1,Education
2024-02-01,10,1.5,0.2,2024,2,Education
2024-03-01,10,1.5,0.2,2024,3,Education
2024-04-01,10,1.4,0.2,2024,4,Education
2024-05-01,10,1.5,0.3,2024,5,Education
2024-06-01,10,1.7,0.2,2024,6,Education
2024-07-01,10,1.7,0.2,2024,7,Education
2024-08-01,10,1.5,0.0,2024,8,Education
2024-09-01,10,1.5,0.0,2024,9,Education
2024-10-01,10,1.5,0.2,2024,10,Education
2024-11-01,10,1.5,0.0,2024,11,Education
2024-12-01,10,1.5,0.0,2024,12,Education
2025-01-01,10,1.6,0.2,2025,1,Education
2025-02-01,10,1.9,0.5,2025,2,Education
2025-03-01,10,2.2,0.5,2025,3,Education
2025-04-01,10,2.3,0.2,2025,4,Education
2025-05-01,10,2.2,0.2,2025,5,Education
2025-06-01,10,2.2,0.2,2025,6,Education
2025-07-01,10,2.2,0.2,2025,7,Education
2025-08-01,10,2.4,0.2,2025,8,Education
2025-09-01,10,2.4,0.0,2025,9,Education
2025-10-01,10,2.4,0.2,2025,10,Education
2025-11-01,10,2.6,0.2,2025,11,Education
2025-12-01,10,2.8,0.2,2025,12,Education
2026-01-01,10,3.2,0.7,2026,1,Education
2026-02-01,10,2.8,0.1,2026,2,Education
2026-03-01,10,2.5,0.2,2026,3,Education
2026-04-01,10,2.4,0.2,2026,4,Education
1980-02-01,11,,,1980,2,Restaurants & Accommodation
1980-03-01,11,,,1980,3,Restaurants & Accommodation
1980-04-01,11,,,1980,4,Restaurants & Accommodation
1980-05-01,11,,,1980,5,Restaurants & Accommodation
1980-06-01,11,,,1980,6,Restaurants & Accommodation
1980-07-01,11,,,1980,7,Restaurants & Accommodation
1980-08-01,11,,,1980,8,Restaurants & Accommodation
1980-09-01,11,,,1980,9,Restaurants & Accommodation
1980-10-01,11,,,1980,10,Restaurants & Accommodation
1980-11-01,11,,,1980,11,Restaurants & Accommodation
1980-12-01,11,,,1980,12,Restaurants & Accommodation
1981-01-01,11,,,1981,1,Restaurants & Accommodation
1981-02-01,11,,,1981,2,Restaurants & Accommodation
1981-03-01,11,,,1981,3,Restaurants & Accommodation
1981-04-01,11,,,1981,4,Restaurants & Accommodation
1981-05-01,11,,,1981,5,Restaurants & Accommodation
1981-06-01,11,,,1981,6,Restaurants & Accommodation
1981-07-01,11,,,1981,7,Restaurants & Accommodation
1981-08-01,11,,,1981,8,Restaurants & Accommodation
1981-09-01,11,,,1981,9,Restaurants & Accommodation
1981-10-01,11,,,1981,10,Restaurants & Accommodation
1981-11-01,11,,,1981,11,Restaurants & Accommodation
1981-12-01,11,,,1981,12,Restaurants & Accommodation
1982-01-01,11,,,1982,1,Restaurants & Accommodation
1982-02-01,11,,,1982,2,Restaurants & Accommodation
1982-03-01,11,,,1982,3,Restaurants & Accommodation
1982-04-01,11,,,1982,4,Restaurants & Accommodation
1982-05-01,11,,,1982,5,Restaurants & Accommodation
1982-06-01,11,,,1982,6,Restaurants & Accommodation
1982-07-01,11,,,1982,7,Restaurants & Accommodation
1982-08-01,11,,,1982,8,Restaurants & Accommodation
1982-09-01,11,,,1982,9,Restaurants & Accommodation
1982-10-01,11,,,1982,10,Restaurants & Accommodation
1982-11-01,11,,,1982,11,Restaurants & Accommodation
1982-12-01,11,,,1982,12,Restaurants & Accommodation
1983-01-01,11,,,1983,1,Restaurants & Accommodation
1983-02-01,11,,,1983,2,Restaurants & Accommodation
1983-03-01,11,,,1983,3,Restaurants & Accommodation
1983-04-01,11,,,1983,4,Restaurants & Accommodation
1983-05-01,11,,,1983,5,Restaurants & Accommodation
1983-06-01,11,,,1983,6,Restaurants & Accommodation
1983-07-01,11,,,1983,7,Restaurants & Accommodation
1983-08-01,11,,,1983,8,Restaurants & Accommodation
1983-09-01,11,,,1983,9,Restaurants & Accommodation
1983-10-01,11,,,1983,10,Restaurants & Accommodation
1983-11-01,11,,,1983,11,Restaurants & Accommodation
1983-12-01,11,,,1983,12,Restaurants & Accommodation
1984-01-01,11,,,1984,1,Restaurants & Accommodation
1984-02-01,11,,,1984,2,Restaurants & Accommodation
1984-03-01,11,,,1984,3,Restaurants & Accommodation
1984-04-01,11,,,1984,4,Restaurants & Accommodation
1984-05-01,11,,,1984,5,Restaurants & Accommodation
1984-06-01,11,,,1984,6,Restaurants & Accommodation
1984-07-01,11,,,1984,7,Restaurants & Accommodation
1984-08-01,11,,,1984,8,Restaurants & Accommodation
1984-09-01,11,,,1984,9,Restaurants & Accommodation
1984-10-01,11,,,1984,10,Restaurants & Accommodation
1984-11-01,11,,,1984,11,Restaurants & Accommodation
1984-12-01,11,,,1984,12,Restaurants & Accommodation
1985-01-01,11,,,1985,1,Restaurants & Accommodation
1985-02-01,11,,,1985,2,Restaurants & Accommodation
1985-03-01,11,,,1985,3,Restaurants & Accommodation
1985-04-01,11,,,1985,4,Restaurants & Accommodation
1985-05-01,11,,,1985,5,Restaurants & Accommodation
1985-06-01,11,,,1985,6,Restaurants & Accommodation
1985-07-01,11,,,1985,7,Restaurants & Accommodation
1985-08-01,11,,,1985,8,Restaurants & Accommodation
1985-09-01,11,,,1985,9,Restaurants & Accommodation
1985-10-01,11,,,1985,10,Restaurants & Accommodation
1985-11-01,11,,,1985,11,Restaurants & Accommodation
1985-12-01,11,,,1985,12,Restaurants & Accommodation
1986-01-01,11,,,1986,1,Restaurants & Accommodation
1986-02-01,11,,,1986,2,Restaurants & Accommodation
1986-03-01,11,,,1986,3,Restaurants & Accommodation
1986-04-01,11,,,1986,4,Restaurants & Accommodation
1986-05-01,11,,,1986,5,Restaurants & Accommodation
1986-06-01,11,,,1986,6,Restaurants & Accommodation
1986-07-01,11,,,1986,7,Restaurants & Accommodation
1986-08-01,11,,,1986,8,Restaurants & Accommodation
1986-09-01,11,,,1986,9,Restaurants & Accommodation
1986-10-01,11,,,1986,10,Restaurants & Accommodation
1986-11-01,11,,,1986,11,Restaurants & Accommodation
1986-12-01,11,,,1986,12,Restaurants & Accommodation
1987-01-01,11,,,1987,1,Restaurants & Accommodation
1987-02-01,11,,,1987,2,Restaurants & Accommodation
1987-03-01,11,,,1987,3,Restaurants & Accommodation
1987-04-01,11,,,1987,4,Restaurants & Accommodation
1987-05-01,11,,,1987,5,Restaurants & Accommodation
1987-06-01,11,,,1987,6,Restaurants & Accommodation
1987-07-01,11,,,1987,7,Restaurants & Accommodation
1987-08-01,11,,,1987,8,Restaurants & Accommodation
1987-09-01,11,,,1987,9,Restaurants & Accommodation
1987-10-01,11,,,1987,10,Restaurants & Accommodation
1987-11-01,11,,,1987,11,Restaurants & Accommodation
1987-12-01,11,,,1987,12,Restaurants & Accommodation
1988-01-01,11,,,1988,1,Restaurants & Accommodation
1988-02-01,11,,,1988,2,Restaurants & Accommodation
1988-03-01,11,,,1988,3,Restaurants & Accommodation
1988-04-01,11,,,1988,4,Restaurants & Accommodation
1988-05-01,11,,,1988,5,Restaurants & Accommodation
1988-06-01,11,,,1988,6,Restaurants & Accommodation
1988-07-01,11,,,1988,7,Restaurants & Accommodation
1988-08-01,11,,,1988,8,Restaurants & Accommodation
1988-09-01,11,,,1988,9,Restaurants & Accommodation
1988-10-01,11,,,1988,10,Restaurants & Accommodation
1988-11-01,11,,,1988,11,Restaurants & Accommodation
1988-12-01,11,,,1988,12,Restaurants & Accommodation
1989-01-01,11,,,1989,1,Restaurants & Accommodation
1989-02-01,11,,,1989,2,Restaurants & Accommodation
1989-03-01,11,,,1989,3,Restaurants & Accommodation
1989-04-01,11,,,1989,4,Restaurants & Accommodation
1989-05-01,11,,,1989,5,Restaurants & Accommodation
1989-06-01,11,,,1989,6,Restaurants & Accommodation
1989-07-01,11,,,1989,7,Restaurants & Accommodation
1989-08-01,11,,,1989,8,Restaurants & Accommodation
1989-09-01,11,,,1989,9,Restaurants & Accommodation
1989-10-01,11,,,1989,10,Restaurants & Accommodation
1989-11-01,11,,,1989,11,Restaurants & Accommodation
1989-12-01,11,,,1989,12,Restaurants & Accommodation
1990-01-01,11,,,1990,1,Restaurants & Accommodation
1990-02-01,11,,,1990,2,Restaurants & Accommodation
1990-03-01,11,,,1990,3,Restaurants & Accommodation
1990-04-01,11,,,1990,4,Restaurants & Accommodation
1990-05-01,11,,,1990,5,Restaurants & Accommodation
1990-06-01,11,,,1990,6,Restaurants & Accommodation
1990-07-01,11,,,1990,7,Restaurants & Accommodation
1990-08-01,11,,,1990,8,Restaurants & Accommodation
1990-09-01,11,,,1990,9,Restaurants & Accommodation
1990-10-01,11,,,1990,10,Restaurants & Accommodation
1990-11-01,11,,,1990,11,Restaurants & Accommodation
1990-12-01,11,,,1990,12,Restaurants & Accommodation
1991-01-01,11,,,1991,1,Restaurants & Accommodation
1991-02-01,11,,,1991,2,Restaurants & Accommodation
1991-03-01,11,,,1991,3,Restaurants & Accommodation
1991-04-01,11,,,1991,4,Restaurants & Accommodation
1991-05-01,11,,,1991,5,Restaurants & Accommodation
1991-06-01,11,,,1991,6,Restaurants & Accommodation
1991-07-01,11,,,1991,7,Restaurants & Accommodation
1991-08-01,11,,,1991,8,Restaurants & Accommodation
1991-09-01,11,,,1991,9,Restaurants & Accommodation
1991-10-01,11,,,1991,10,Restaurants & Accommodation
1991-11-01,11,,,1991,11,Restaurants & Accommodation
1991-12-01,11,,,1991,12,Restaurants & Accommodation
1992-01-01,11,,,1992,1,Restaurants & Accommodation
1992-02-01,11,,,1992,2,Restaurants & Accommodation
1992-03-01,11,,,1992,3,Restaurants & Accommodation
1992-04-01,11,,,1992,4,Restaurants & Accommodation
1992-05-01,11,,,1992,5,Restaurants & Accommodation
1992-06-01,11,,,1992,6,Restaurants & Accommodation
1992-07-01,11,,,1992,7,Restaurants & Accommodation
1992-08-01,11,,,1992,8,Restaurants & Accommodation
1992-09-01,11,,,1992,9,Restaurants & Accommodation
1992-10-01,11,,,1992,10,Restaurants & Accommodation
1992-11-01,11,,,1992,11,Restaurants & Accommodation
1992-12-01,11,,,1992,12,Restaurants & Accommodation
1993-01-01,11,,,1993,1,Restaurants & Accommodation
1993-02-01,11,,,1993,2,Restaurants & Accommodation
1993-03-01,11,,,1993,3,Restaurants & Accommodation
1993-04-01,11,,,1993,4,Restaurants & Accommodation
1993-05-01,11,,,1993,5,Restaurants & Accommodation
1993-06-01,11,,,1993,6,Restaurants & Accommodation
1993-07-01,11,,,1993,7,Restaurants & Accommodation
1993-08-01,11,,,1993,8,Restaurants & Accommodation
1993-09-01,11,,,1993,9,Restaurants & Accommodation
1993-10-01,11,,,1993,10,Restaurants & Accommodation
1993-11-01,11,,,1993,11,Restaurants & Accommodation
1993-12-01,11,,,1993,12,Restaurants & Accommodation
1994-01-01,11,,,1994,1,Restaurants & Accommodation
1994-02-01,11,,,1994,2,Restaurants & Accommodation
1994-03-01,11,,,1994,3,Restaurants & Accommodation
1994-04-01,11,,,1994,4,Restaurants & Accommodation
1994-05-01,11,,,1994,5,Restaurants & Accommodation
1994-06-01,11,,,1994,6,Restaurants & Accommodation
1994-07-01,11,,,1994,7,Restaurants & Accommodation
1994-08-01,11,,,1994,8,Restaurants & Accommodation
1994-09-01,11,,,1994,9,Restaurants & Accommodation
1994-10-01,11,,,1994,10,Restaurants & Accommodation
1994-11-01,11,,,1994,11,Restaurants & Accommodation
1994-12-01,11,,,1994,12,Restaurants & Accommodation
1995-01-01,11,,,1995,1,Restaurants & Accommodation
1995-02-01,11,,,1995,2,Restaurants & Accommodation
1995-03-01,11,,,1995,3,Restaurants & Accommodation
1995-04-01,11,,,1995,4,Restaurants & Accommodation
1995-05-01,11,,,1995,5,Restaurants & Accommodation
1995-06-01,11,,,1995,6,Restaurants & Accommodation
1995-07-01,11,,,1995,7,Restaurants & Accommodation
1995-08-01,11,,,1995,8,Restaurants & Accommodation
1995-09-01,11,,,1995,9,Restaurants & Accommodation
1995-10-01,11,,,1995,10,Restaurants & Accommodation
1995-11-01,11,,,1995,11,Restaurants & Accommodation
1995-12-01,11,,,1995,12,Restaurants & Accommodation
1996-01-01,11,,,1996,1,Restaurants & Accommodation
1996-02-01,11,,,1996,2,Restaurants & Accommodation
1996-03-01,11,,,1996,3,Restaurants & Accommodation
1996-04-01,11,,,1996,4,Restaurants & Accommodation
1996-05-01,11,,,1996,5,Restaurants & Accommodation
1996-06-01,11,,,1996,6,Restaurants & Accommodation
1996-07-01,11,,,1996,7,Restaurants & Accommodation
1996-08-01,11,,,1996,8,Restaurants & Accommodation
1996-09-01,11,,,1996,9,Restaurants & Accommodation
1996-10-01,11,,,1996,10,Restaurants & Accommodation
1996-11-01,11,,,1996,11,Restaurants & Accommodation
1996-12-01,11,,,1996,12,Restaurants & Accommodation
1997-01-01,11,,,1997,1,Restaurants & Accommodation
1997-02-01,11,,,1997,2,Restaurants & Accommodation
1997-03-01,11,,,1997,3,Restaurants & Accommodation
1997-04-01,11,,,1997,4,Restaurants & Accommodation
1997-05-01,11,,,1997,5,Restaurants & Accommodation
1997-06-01,11,,,1997,6,Restaurants & Accommodation
1997-07-01,11,,,1997,7,Restaurants & Accommodation
1997-08-01,11,,,1997,8,Restaurants & Accommodation
1997-09-01,11,,,1997,9,Restaurants & Accommodation
1997-10-01,11,,,1997,10,Restaurants & Accommodation
1997-11-01,11,,,1997,11,Restaurants & Accommodation
1997-12-01,11,,,1997,12,Restaurants & Accommodation
1998-01-01,11,,,1998,1,Restaurants & Accommodation
1998-02-01,11,,,1998,2,Restaurants & Accommodation
1998-03-01,11,,,1998,3,Restaurants & Accommodation
1998-04-01,11,,,1998,4,Restaurants & Accommodation
1998-05-01,11,,,1998,5,Restaurants & Accommodation
1998-06-01,11,,,1998,6,Restaurants & Accommodation
1998-07-01,11,,,1998,7,Restaurants & Accommodation
1998-08-01,11,,,1998,8,Restaurants & Accommodation
1998-09-01,11,,,1998,9,Restaurants & Accommodation
1998-10-01,11,,,1998,10,Restaurants & Accommodation
1998-11-01,11,,,1998,11,Restaurants & Accommodation
1998-12-01,11,,,1998,12,Restaurants & Accommodation
1999-01-01,11,,,1999,1,Restaurants & Accommodation
1999-02-01,11,,,1999,2,Restaurants & Accommodation
1999-03-01,11,,,1999,3,Restaurants & Accommodation
1999-04-01,11,,,1999,4,Restaurants & Accommodation
1999-05-01,11,,,1999,5,Restaurants & Accommodation
1999-06-01,11,,,1999,6,Restaurants & Accommodation
1999-07-01,11,,,1999,7,Restaurants & Accommodation
1999-08-01,11,,,1999,8,Restaurants & Accommodation
1999-09-01,11,,,1999,9,Restaurants & Accommodation
1999-10-01,11,,,1999,10,Restaurants & Accommodation
1999-11-01,11,,,1999,11,Restaurants & Accommodation
1999-12-01,11,,,1999,12,Restaurants & Accommodation
2000-01-01,11,,,2000,1,Restaurants & Accommodation
2000-02-01,11,,,2000,2,Restaurants & Accommodation
2000-03-01,11,,,2000,3,Restaurants & Accommodation
2000-04-01,11,,,2000,4,Restaurants & Accommodation
2000-05-01,11,,,2000,5,Restaurants & Accommodation
2000-06-01,11,,,2000,6,Restaurants & Accommodation
2000-07-01,11,,,2000,7,Restaurants & Accommodation
2000-08-01,11,,,2000,8,Restaurants & Accommodation
2000-09-01,11,,,2000,9,Restaurants & Accommodation
2000-10-01,11,,,2000,10,Restaurants & Accommodation
2000-11-01,11,,,2000,11,Restaurants & Accommodation
2000-12-01,11,,,2000,12,Restaurants & Accommodation
2001-01-01,11,,,2001,1,Restaurants & Accommodation
2001-02-01,11,,,2001,2,Restaurants & Accommodation
2001-03-01,11,,,2001,3,Restaurants & Accommodation
2001-04-01,11,,,2001,4,Restaurants & Accommodation
2001-05-01,11,,,2001,5,Restaurants & Accommodation
2001-06-01,11,,,2001,6,Restaurants & Accommodation
2001-07-01,11,,,2001,7,Restaurants & Accommodation
2001-08-01,11,,,2001,8,Restaurants & Accommodation
2001-09-01,11,,,2001,9,Restaurants & Accommodation
2001-10-01,11,,,2001,10,Restaurants & Accommodation
2001-11-01,11,,,2001,11,Restaurants & Accommodation
2001-12-01,11,,,2001,12,Restaurants & Accommodation
2002-01-01,11,,,2002,1,Restaurants & Accommodation
2002-02-01,11,,,2002,2,Restaurants & Accommodation
2002-03-01,11,,,2002,3,Restaurants & Accommodation
2002-04-01,11,,,2002,4,Restaurants & Accommodation
2002-05-01,11,,,2002,5,Restaurants & Accommodation
2002-06-01,11,,,2002,6,Restaurants & Accommodation
2002-07-01,11,,,2002,7,Restaurants & Accommodation
2002-08-01,11,,,2002,8,Restaurants & Accommodation
2002-09-01,11,,,2002,9,Restaurants & Accommodation
2002-10-01,11,,,2002,10,Restaurants & Accommodation
2002-11-01,11,,,2002,11,Restaurants & Accommodation
2002-12-01,11,,,2002,12,Restaurants & Accommodation
2003-01-01,11,,,2003,1,Restaurants & Accommodation
2003-02-01,11,,-0.2,2003,2,Restaurants & Accommodation
2003-03-01,11,,-0.4,2003,3,Restaurants & Accommodation
2003-04-01,11,,-0.5,2003,4,Restaurants & Accommodation
2003-05-01,11,,-0.6,2003,5,Restaurants & Accommodation
2003-06-01,11,,-0.6,2003,6,Restaurants & Accommodation
2003-07-01,11,,-0.3,2003,7,Restaurants & Accommodation
2003-08-01,11,,-0.6,2003,8,Restaurants & Accommodation
2003-09-01,11,,-0.5,2003,9,Restaurants & Accommodation
2003-10-01,11,,-0.4,2003,10,Restaurants & Accommodation
2003-11-01,11,,-0.4,2003,11,Restaurants & Accommodation
2003-12-01,11,,-0.6,2003,12,Restaurants & Accommodation
2004-01-01,11,-0.6,4.7,2004,1,Restaurants & Accommodation
2004-02-01,11,-0.5,-0.1,2004,2,Restaurants & Accommodation
2004-03-01,11,-0.2,-0.1,2004,3,Restaurants & Accommodation
2004-04-01,11,0.1,-0.1,2004,4,Restaurants & Accommodation
2004-05-01,11,0.8,0.0,2004,5,Restaurants & Accommodation
2004-06-01,11,1.5,0.1,2004,6,Restaurants & Accommodation
2004-07-01,11,1.8,0.0,2004,7,Restaurants & Accommodation
2004-08-01,11,2.6,0.1,2004,8,Restaurants & Accommodation
2004-09-01,11,3.1,0.0,2004,9,Restaurants & Accommodation
2004-10-01,11,3.3,-0.1,2004,10,Restaurants & Accommodation
2004-11-01,11,4.4,0.6,2004,11,Restaurants & Accommodation
2004-12-01,11,4.6,-0.5,2004,12,Restaurants & Accommodation
2005-01-01,11,1.5,1.6,2005,1,Restaurants & Accommodation
2005-02-01,11,1.7,0.1,2005,2,Restaurants & Accommodation
2005-03-01,11,2.0,0.1,2005,3,Restaurants & Accommodation
2005-04-01,11,2.5,0.4,2005,4,Restaurants & Accommodation
2005-05-01,11,3.1,0.6,2005,5,Restaurants & Accommodation
2005-06-01,11,3.4,0.4,2005,6,Restaurants & Accommodation
2005-07-01,11,3.9,0.5,2005,7,Restaurants & Accommodation
2005-08-01,11,4.4,0.6,2005,8,Restaurants & Accommodation
2005-09-01,11,4.6,0.2,2005,9,Restaurants & Accommodation
2005-10-01,11,5.1,0.4,2005,10,Restaurants & Accommodation
2005-11-01,11,4.7,0.2,2005,11,Restaurants & Accommodation
2005-12-01,11,5.3,0.1,2005,12,Restaurants & Accommodation
2006-01-01,11,4.2,0.5,2006,1,Restaurants & Accommodation
2006-02-01,11,4.3,0.2,2006,2,Restaurants & Accommodation
2006-03-01,11,4.5,0.4,2006,3,Restaurants & Accommodation
2006-04-01,11,4.5,0.4,2006,4,Restaurants & Accommodation
2006-05-01,11,4.1,0.2,2006,5,Restaurants & Accommodation
2006-06-01,11,4.1,0.3,2006,6,Restaurants & Accommodation
2006-07-01,11,3.7,0.1,2006,7,Restaurants & Accommodation
2006-08-01,11,3.3,0.2,2006,8,Restaurants & Accommodation
2006-09-01,11,3.2,0.1,2006,9,Restaurants & Accommodation
2006-10-01,11,2.8,0.0,2006,10,Restaurants & Accommodation
2006-11-01,11,2.7,0.1,2006,11,Restaurants & Accommodation
2006-12-01,11,2.8,0.2,2006,12,Restaurants & Accommodation
2007-01-01,11,2.7,0.3,2007,1,Restaurants & Accommodation
2007-02-01,11,2.3,-0.1,2007,2,Restaurants & Accommodation
2007-03-01,11,2.5,0.5,2007,3,Restaurants & Accommodation
2007-04-01,11,2.3,0.2,2007,4,Restaurants & Accommodation
2007-05-01,11,2.6,0.5,2007,5,Restaurants & Accommodation
2007-06-01,11,3.2,1.0,2007,6,Restaurants & Accommodation
2007-07-01,11,3.9,0.8,2007,7,Restaurants & Accommodation
2007-08-01,11,4.2,0.4,2007,8,Restaurants & Accommodation
2007-09-01,11,4.5,0.4,2007,9,Restaurants & Accommodation
2007-10-01,11,4.6,0.1,2007,10,Restaurants & Accommodation
2007-11-01,11,5.6,1.1,2007,11,Restaurants & Accommodation
2007-12-01,11,6.0,0.5,2007,12,Restaurants & Accommodation
2008-01-01,11,6.6,1.0,2008,1,Restaurants & Accommodation
2008-02-01,11,7.3,0.5,2008,2,Restaurants & Accommodation
2008-03-01,11,7.1,0.2,2008,3,Restaurants & Accommodation
2008-04-01,11,7.3,0.4,2008,4,Restaurants & Accommodation
2008-05-01,11,7.0,0.2,2008,5,Restaurants & Accommodation
2008-06-01,11,6.7,0.7,2008,6,Restaurants & Accommodation
2008-07-01,11,6.6,0.6,2008,7,Restaurants & Accommodation
2008-08-01,11,6.6,0.5,2008,8,Restaurants & Accommodation
2008-09-01,11,6.3,0.1,2008,9,Restaurants & Accommodation
2008-10-01,11,6.6,0.4,2008,10,Restaurants & Accommodation
2008-11-01,11,5.6,0.1,2008,11,Restaurants & Accommodation
2008-12-01,11,5.3,0.3,2008,12,Restaurants & Accommodation
2009-01-01,11,4.6,0.3,2009,1,Restaurants & Accommodation
2009-02-01,11,4.3,0.2,2009,2,Restaurants & Accommodation
2009-03-01,11,4.2,0.1,2009,3,Restaurants & Accommodation
2009-04-01,11,3.8,0.1,2009,4,Restaurants & Accommodation
2009-05-01,11,3.7,0.1,2009,5,Restaurants & Accommodation
2009-06-01,11,3.2,0.2,2009,6,Restaurants & Accommodation
2009-07-01,11,2.5,0.0,2009,7,Restaurants & Accommodation
2009-08-01,11,2.1,0.1,2009,8,Restaurants & Accommodation
2009-09-01,11,2.0,0.0,2009,9,Restaurants & Accommodation
2009-10-01,11,1.7,0.1,2009,10,Restaurants & Accommodation
2009-11-01,11,1.8,0.2,2009,11,Restaurants & Accommodation
2009-12-01,11,1.6,0.2,2009,12,Restaurants & Accommodation
2010-01-01,11,1.2,-0.1,2010,1,Restaurants & Accommodation
2010-02-01,11,1.2,0.2,2010,2,Restaurants & Accommodation
2010-03-01,11,1.5,0.4,2010,3,Restaurants & Accommodation
2010-04-01,11,1.6,0.2,2010,4,Restaurants & Accommodation
2010-05-01,11,1.6,0.1,2010,5,Restaurants & Accommodation
2010-06-01,11,1.6,0.2,2010,6,Restaurants & Accommodation
2010-07-01,11,1.7,0.1,2010,7,Restaurants & Accommodation
2010-08-01,11,1.9,0.3,2010,8,Restaurants & Accommodation
2010-09-01,11,2.2,0.3,2010,9,Restaurants & Accommodation
2010-10-01,11,2.5,0.4,2010,10,Restaurants & Accommodation
2010-11-01,11,2.5,0.2,2010,11,Restaurants & Accommodation
2010-12-01,11,2.8,0.5,2010,12,Restaurants & Accommodation
2011-01-01,11,4.6,1.6,2011,1,Restaurants & Accommodation
2011-02-01,11,5.4,1.0,2011,2,Restaurants & Accommodation
2011-03-01,11,5.4,0.5,2011,3,Restaurants & Accommodation
2011-04-01,11,5.6,0.4,2011,4,Restaurants & Accommodation
2011-05-01,11,6.0,0.5,2011,5,Restaurants & Accommodation
2011-06-01,11,6.1,0.3,2011,6,Restaurants & Accommodation
2011-07-01,11,6.5,0.5,2011,7,Restaurants & Accommodation
2011-08-01,11,6.3,0.1,2011,8,Restaurants & Accommodation
2011-09-01,11,6.3,0.3,2011,9,Restaurants & Accommodation
2011-10-01,11,6.1,0.3,2011,10,Restaurants & Accommodation
2011-11-01,11,6.2,0.3,2011,11,Restaurants & Accommodation
2011-12-01,11,5.8,0.1,2011,12,Restaurants & Accommodation
2012-01-01,11,4.5,0.3,2012,1,Restaurants & Accommodation
2012-02-01,11,3.7,0.3,2012,2,Restaurants & Accommodation
2012-03-01,11,3.5,0.3,2012,3,Restaurants & Accommodation
2012-04-01,11,3.3,0.2,2012,4,Restaurants & Accommodation
2012-05-01,11,3.0,0.2,2012,5,Restaurants & Accommodation
2012-06-01,11,2.9,0.2,2012,6,Restaurants & Accommodation
2012-07-01,11,2.6,0.2,2012,7,Restaurants & Accommodation
2012-08-01,11,2.5,0.0,2012,8,Restaurants & Accommodation
2012-09-01,11,2.5,0.3,2012,9,Restaurants & Accommodation
2012-10-01,11,2.4,0.2,2012,10,Restaurants & Accommodation
2012-11-01,11,2.3,0.2,2012,11,Restaurants & Accommodation
2012-12-01,11,2.2,0.0,2012,12,Restaurants & Accommodation
2013-01-01,11,2.1,0.2,2013,1,Restaurants & Accommodation
2013-02-01,11,2.2,0.4,2013,2,Restaurants & Accommodation
2013-03-01,11,2.3,0.4,2013,3,Restaurants & Accommodation
2013-04-01,11,2.3,0.2,2013,4,Restaurants & Accommodation
2013-05-01,11,2.3,0.2,2013,5,Restaurants & Accommodation
2013-06-01,11,2.2,0.1,2013,6,Restaurants & Accommodation
2013-07-01,11,2.1,0.1,2013,7,Restaurants & Accommodation
2013-08-01,11,2.4,0.3,2013,8,Restaurants & Accommodation
2013-09-01,11,2.5,0.4,2013,9,Restaurants & Accommodation
2013-10-01,11,2.6,0.3,2013,10,Restaurants & Accommodation
2013-11-01,11,3.0,0.6,2013,11,Restaurants & Accommodation
2013-12-01,11,3.3,0.3,2013,12,Restaurants & Accommodation
2014-01-01,11,4.2,1.1,2014,1,Restaurants & Accommodation
2014-02-01,11,4.4,0.6,2014,2,Restaurants & Accommodation
2014-03-01,11,4.5,0.4,2014,3,Restaurants & Accommodation
2014-04-01,11,4.8,0.4,2014,4,Restaurants & Accommodation
2014-05-01,11,4.9,0.3,2014,5,Restaurants & Accommodation
2014-06-01,11,4.9,0.2,2014,6,Restaurants & Accommodation
2014-07-01,11,5.0,0.2,2014,7,Restaurants & Accommodation
2014-08-01,11,5.1,0.3,2014,8,Restaurants & Accommodation
2014-09-01,11,4.8,0.1,2014,9,Restaurants & Accommodation
2014-10-01,11,4.6,0.1,2014,10,Restaurants & Accommodation
2014-11-01,11,4.3,0.3,2014,11,Restaurants & Accommodation
2014-12-01,11,4.1,0.1,2014,12,Restaurants & Accommodation
2015-01-01,11,3.4,0.3,2015,1,Restaurants & Accommodation
2015-02-01,11,2.9,0.2,2015,2,Restaurants & Accommodation
2015-03-01,11,2.8,0.3,2015,3,Restaurants & Accommodation
2015-04-01,11,4.3,1.8,2015,4,Restaurants & Accommodation
2015-05-01,11,4.5,0.4,2015,5,Restaurants & Accommodation
2015-06-01,11,4.5,0.2,2015,6,Restaurants & Accommodation
2015-07-01,11,4.6,0.2,2015,7,Restaurants & Accommodation
2015-08-01,11,4.5,0.2,2015,8,Restaurants & Accommodation
2015-09-01,11,4.6,0.2,2015,9,Restaurants & Accommodation
2015-10-01,11,4.7,0.2,2015,10,Restaurants & Accommodation
2015-11-01,11,4.6,0.2,2015,11,Restaurants & Accommodation
2015-12-01,11,4.7,0.2,2015,12,Restaurants & Accommodation
2016-01-01,11,4.5,0.1,2016,1,Restaurants & Accommodation
2016-02-01,11,4.7,0.4,2016,2,Restaurants & Accommodation
2016-03-01,11,4.5,0.2,2016,3,Restaurants & Accommodation
2016-04-01,11,2.7,0.1,2016,4,Restaurants & Accommodation
2016-05-01,11,2.5,0.2,2016,5,Restaurants & Accommodation
2016-06-01,11,2.2,-0.1,2016,6,Restaurants & Accommodation
2016-07-01,11,2.1,0.2,2016,7,Restaurants & Accommodation
2016-08-01,11,2.1,0.2,2016,8,Restaurants & Accommodation
2016-09-01,11,2.2,0.2,2016,9,Restaurants & Accommodation
2016-10-01,11,2.0,0.0,2016,10,Restaurants & Accommodation
2016-11-01,11,1.9,0.1,2016,11,Restaurants & Accommodation
2016-12-01,11,1.9,0.2,2016,12,Restaurants & Accommodation
2017-01-01,11,2.1,0.3,2017,1,Restaurants & Accommodation
2017-02-01,11,2.3,0.6,2017,2,Restaurants & Accommodation
2017-03-01,11,2.3,0.2,2017,3,Restaurants & Accommodation
2017-04-01,11,2.4,0.2,2017,4,Restaurants & Accommodation
2017-05-01,11,2.3,0.2,2017,5,Restaurants & Accommodation
2017-06-01,11,2.5,0.1,2017,6,Restaurants & Accommodation
2017-07-01,11,2.6,0.2,2017,7,Restaurants & Accommodation
2017-08-01,11,2.8,0.5,2017,8,Restaurants & Accommodation
2017-09-01,11,2.6,0.1,2017,9,Restaurants & Accommodation
2017-10-01,11,2.7,0.1,2017,10,Restaurants & Accommodation
2017-11-01,11,2.8,0.2,2017,11,Restaurants & Accommodation
2017-12-01,11,2.6,0.1,2017,12,Restaurants & Accommodation
2018-01-01,11,2.4,0.1,2018,1,Restaurants & Accommodation
2018-02-01,11,1.8,0.1,2018,2,Restaurants & Accommodation
2018-03-01,11,2.0,0.3,2018,3,Restaurants & Accommodation
2018-04-01,11,2.2,0.4,2018,4,Restaurants & Accommodation
2018-05-01,11,2.1,0.1,2018,5,Restaurants & Accommodation
2018-06-01,11,1.2,-0.8,2018,6,Restaurants & Accommodation
2018-07-01,11,1.0,0.0,2018,7,Restaurants & Accommodation
2018-08-01,11,0.7,0.2,2018,8,Restaurants & Accommodation
2018-09-01,11,1.1,0.5,2018,9,Restaurants & Accommodation
2018-10-01,11,1.2,0.2,2018,10,Restaurants & Accommodation
2018-11-01,11,1.2,0.2,2018,11,Restaurants & Accommodation
2018-12-01,11,1.3,0.2,2018,12,Restaurants & Accommodation
2019-01-01,11,1.2,0.0,2019,1,Restaurants & Accommodation
2019-02-01,11,1.3,0.2,2019,2,Restaurants & Accommodation
2019-03-01,11,1.0,0.0,2019,3,Restaurants & Accommodation
2019-04-01,11,0.8,0.2,2019,4,Restaurants & Accommodation
2019-05-01,11,0.6,-0.2,2019,5,Restaurants & Accommodation
2019-06-01,11,1.6,0.2,2019,6,Restaurants & Accommodation
2019-07-01,11,1.7,0.1,2019,7,Restaurants & Accommodation
2019-08-01,11,1.7,0.2,2019,8,Restaurants & Accommodation
2019-09-01,11,1.4,0.2,2019,9,Restaurants & Accommodation
2019-10-01,11,1.2,0.0,2019,10,Restaurants & Accommodation
2019-11-01,11,1.1,0.1,2019,11,Restaurants & Accommodation
2019-12-01,11,1.1,0.2,2019,12,Restaurants & Accommodation
2020-01-01,11,1.1,0.1,2020,1,Restaurants & Accommodation
2020-02-01,11,1.1,0.2,2020,2,Restaurants & Accommodation
2020-03-01,11,0.9,-0.2,2020,3,Restaurants & Accommodation
2020-04-01,11,0.7,0.0,2020,4,Restaurants & Accommodation
2020-05-01,11,0.9,0.1,2020,5,Restaurants & Accommodation
2020-06-01,11,0.3,-0.4,2020,6,Restaurants & Accommodation
2020-07-01,11,0.2,-0.1,2020,7,Restaurants & Accommodation
2020-08-01,11,0.1,0.1,2020,8,Restaurants & Accommodation
2020-09-01,11,0.1,0.2,2020,9,Restaurants & Accommodation
2020-10-01,11,0.1,0.0,2020,10,Restaurants & Accommodation
2020-11-01,11,0.0,0.0,2020,11,Restaurants & Accommodation
2020-12-01,11,-0.2,0.0,2020,12,Restaurants & Accommodation
2021-01-01,11,-0.1,0.2,2021,1,Restaurants & Accommodation
2021-02-01,11,-0.3,-0.1,2021,2,Restaurants & Accommodation
2021-03-01,11,0.0,0.1,2021,3,Restaurants & Accommodation
2021-04-01,11,0.2,0.2,2021,4,Restaurants & Accommodation
2021-05-01,11,0.2,0.1,2021,5,Restaurants & Accommodation
2021-06-01,11,0.5,0.0,2021,6,Restaurants & Accommodation
2021-07-01,11,0.7,0.1,2021,7,Restaurants & Accommodation
2021-08-01,11,0.6,0.0,2021,8,Restaurants & Accommodation
2021-09-01,11,0.3,-0.2,2021,9,Restaurants & Accommodation
2021-10-01,11,0.6,0.3,2021,10,Restaurants & Accommodation
2021-11-01,11,0.9,0.3,2021,11,Restaurants & Accommodation
2021-12-01,11,1.3,0.4,2021,12,Restaurants & Accommodation
2022-01-01,11,2.1,1.0,2022,1,Restaurants & Accommodation
2022-02-01,11,2.6,0.4,2022,2,Restaurants & Accommodation
2022-03-01,11,2.9,0.4,2022,3,Restaurants & Accommodation
2022-04-01,11,3.2,0.4,2022,4,Restaurants & Accommodation
2022-05-01,11,3.7,0.6,2022,5,Restaurants & Accommodation
2022-06-01,11,5.0,1.3,2022,6,Restaurants & Accommodation
2022-07-01,11,5.8,0.8,2022,7,Restaurants & Accommodation
2022-08-01,11,6.4,0.6,2022,8,Restaurants & Accommodation
2022-09-01,11,6.9,0.3,2022,9,Restaurants & Accommodation
2022-10-01,11,6.8,0.3,2022,10,Restaurants & Accommodation
2022-11-01,11,7.0,0.5,2022,11,Restaurants & Accommodation
2022-12-01,11,7.4,0.7,2022,12,Restaurants & Accommodation
2023-01-01,11,6.8,0.4,2023,1,Restaurants & Accommodation
2023-02-01,11,7.4,0.9,2023,2,Restaurants & Accommodation
2023-03-01,11,7.2,0.3,2023,3,Restaurants & Accommodation
2023-04-01,11,6.6,-0.1,2023,4,Restaurants & Accommodation
2023-05-01,11,6.7,0.6,2023,5,Restaurants & Accommodation
2023-06-01,11,5.4,0.1,2023,6,Restaurants & Accommodation
2023-07-01,11,5.0,0.3,2023,7,Restaurants & Accommodation
2023-08-01,11,4.7,0.3,2023,8,Restaurants & Accommodation
2023-09-01,11,4.4,0.1,2023,9,Restaurants & Accommodation
2023-10-01,11,4.6,0.5,2023,10,Restaurants & Accommodation
2023-11-01,11,4.3,0.1,2023,11,Restaurants & Accommodation
2023-12-01,11,3.7,0.1,2023,12,Restaurants & Accommodation
2024-01-01,11,3.2,-0.1,2024,1,Restaurants & Accommodation
2024-02-01,11,2.9,0.6,2024,2,Restaurants & Accommodation
2024-03-01,11,3.0,0.4,2024,3,Restaurants & Accommodation
2024-04-01,11,3.5,0.3,2024,4,Restaurants & Accommodation
2024-05-01,11,3.2,0.3,2024,5,Restaurants & Accommodation
2024-06-01,11,3.3,0.3,2024,6,Restaurants & Accommodation
2024-07-01,11,3.4,0.4,2024,7,Restaurants & Accommodation
2024-08-01,11,3.2,0.1,2024,8,Restaurants & Accommodation
2024-09-01,11,3.2,0.1,2024,9,Restaurants & Accommodation
2024-10-01,11,2.8,0.1,2024,10,Restaurants & Accommodation
2024-11-01,11,2.8,0.1,2024,11,Restaurants & Accommodation
2024-12-01,11,2.9,0.3,2024,12,Restaurants & Accommodation
2025-01-01,11,3.5,0.5,2025,1,Restaurants & Accommodation
2025-02-01,11,3.5,0.6,2025,2,Restaurants & Accommodation
2025-03-01,11,2.9,-0.1,2025,3,Restaurants & Accommodation
2025-04-01,11,2.9,0.3,2025,4,Restaurants & Accommodation
2025-05-01,11,3.0,0.4,2025,5,Restaurants & Accommodation
2025-06-01,11,2.8,0.1,2025,6,Restaurants & Accommodation
2025-07-01,11,3.1,0.8,2025,7,Restaurants & Accommodation
2025-08-01,11,3.5,0.4,2025,8,Restaurants & Accommodation
2025-09-01,11,3.3,-0.1,2025,9,Restaurants & Accommodation
2025-10-01,11,3.4,0.2,2025,10,Restaurants & Accommodation
2025-11-01,11,3.4,0.1,2025,11,Restaurants & Accommodation
2025-12-01,11,3.1,0.0,2025,12,Restaurants & Accommodation
2026-01-01,11,3.0,0.3,2026,1,Restaurants & Accommodation
2026-02-01,11,2.5,0.1,2026,2,Restaurants & Accommodation
2026-03-01,11,2.6,-0.1,2026,3,Restaurants & Accommodation
2026-04-01,11,2.6,0.4,2026,4,Restaurants & Accommodation
1980-02-01,12,,,1980,2,Insurance & Financial Services
1980-03-01,12,,,1980,3,Insurance & Financial Services
1980-04-01,12,,,1980,4,Insurance & Financial Services
1980-05-01,12,,,1980,5,Insurance & Financial Services
1980-06-01,12,,,1980,6,Insurance & Financial Services
1980-07-01,12,,,1980,7,Insurance & Financial Services
1980-08-01,12,,,1980,8,Insurance & Financial Services
1980-09-01,12,,,1980,9,Insurance & Financial Services
1980-10-01,12,,,1980,10,Insurance & Financial Services
1980-11-01,12,,,1980,11,Insurance & Financial Services
1980-12-01,12,,,1980,12,Insurance & Financial Services
1981-01-01,12,,,1981,1,Insurance & Financial Services
1981-02-01,12,,,1981,2,Insurance & Financial Services
1981-03-01,12,,,1981,3,Insurance & Financial Services
1981-04-01,12,,,1981,4,Insurance & Financial Services
1981-05-01,12,,,1981,5,Insurance & Financial Services
1981-06-01,12,,,1981,6,Insurance & Financial Services
1981-07-01,12,,,1981,7,Insurance & Financial Services
1981-08-01,12,,,1981,8,Insurance & Financial Services
1981-09-01,12,,,1981,9,Insurance & Financial Services
1981-10-01,12,,,1981,10,Insurance & Financial Services
1981-11-01,12,,,1981,11,Insurance & Financial Services
1981-12-01,12,,,1981,12,Insurance & Financial Services
1982-01-01,12,,,1982,1,Insurance & Financial Services
1982-02-01,12,,,1982,2,Insurance & Financial Services
1982-03-01,12,,,1982,3,Insurance & Financial Services
1982-04-01,12,,,1982,4,Insurance & Financial Services
1982-05-01,12,,,1982,5,Insurance & Financial Services
1982-06-01,12,,,1982,6,Insurance & Financial Services
1982-07-01,12,,,1982,7,Insurance & Financial Services
1982-08-01,12,,,1982,8,Insurance & Financial Services
1982-09-01,12,,,1982,9,Insurance & Financial Services
1982-10-01,12,,,1982,10,Insurance & Financial Services
1982-11-01,12,,,1982,11,Insurance & Financial Services
1982-12-01,12,,,1982,12,Insurance & Financial Services
1983-01-01,12,,,1983,1,Insurance & Financial Services
1983-02-01,12,,,1983,2,Insurance & Financial Services
1983-03-01,12,,,1983,3,Insurance & Financial Services
1983-04-01,12,,,1983,4,Insurance & Financial Services
1983-05-01,12,,,1983,5,Insurance & Financial Services
1983-06-01,12,,,1983,6,Insurance & Financial Services
1983-07-01,12,,,1983,7,Insurance & Financial Services
1983-08-01,12,,,1983,8,Insurance & Financial Services
1983-09-01,12,,,1983,9,Insurance & Financial Services
1983-10-01,12,,,1983,10,Insurance & Financial Services
1983-11-01,12,,,1983,11,Insurance & Financial Services
1983-12-01,12,,,1983,12,Insurance & Financial Services
1984-01-01,12,,,1984,1,Insurance & Financial Services
1984-02-01,12,,,1984,2,Insurance & Financial Services
1984-03-01,12,,,1984,3,Insurance & Financial Services
1984-04-01,12,,,1984,4,Insurance & Financial Services
1984-05-01,12,,,1984,5,Insurance & Financial Services
1984-06-01,12,,,1984,6,Insurance & Financial Services
1984-07-01,12,,,1984,7,Insurance & Financial Services
1984-08-01,12,,,1984,8,Insurance & Financial Services
1984-09-01,12,,,1984,9,Insurance & Financial Services
1984-10-01,12,,,1984,10,Insurance & Financial Services
1984-11-01,12,,,1984,11,Insurance & Financial Services
1984-12-01,12,,,1984,12,Insurance & Financial Services
1985-01-01,12,,,1985,1,Insurance & Financial Services
1985-02-01,12,,,1985,2,Insurance & Financial Services
1985-03-01,12,,,1985,3,Insurance & Financial Services
1985-04-01,12,,,1985,4,Insurance & Financial Services
1985-05-01,12,,,1985,5,Insurance & Financial Services
1985-06-01,12,,,1985,6,Insurance & Financial Services
1985-07-01,12,,,1985,7,Insurance & Financial Services
1985-08-01,12,,,1985,8,Insurance & Financial Services
1985-09-01,12,,,1985,9,Insurance & Financial Services
1985-10-01,12,,,1985,10,Insurance & Financial Services
1985-11-01,12,,,1985,11,Insurance & Financial Services
1985-12-01,12,,,1985,12,Insurance & Financial Services
1986-01-01,12,,,1986,1,Insurance & Financial Services
1986-02-01,12,,,1986,2,Insurance & Financial Services
1986-03-01,12,,,1986,3,Insurance & Financial Services
1986-04-01,12,,,1986,4,Insurance & Financial Services
1986-05-01,12,,,1986,5,Insurance & Financial Services
1986-06-01,12,,,1986,6,Insurance & Financial Services
1986-07-01,12,,,1986,7,Insurance & Financial Services
1986-08-01,12,,,1986,8,Insurance & Financial Services
1986-09-01,12,,,1986,9,Insurance & Financial Services
1986-10-01,12,,,1986,10,Insurance & Financial Services
1986-11-01,12,,,1986,11,Insurance & Financial Services
1986-12-01,12,,,1986,12,Insurance & Financial Services
1987-01-01,12,,,1987,1,Insurance & Financial Services
1987-02-01,12,,,1987,2,Insurance & Financial Services
1987-03-01,12,,,1987,3,Insurance & Financial Services
1987-04-01,12,,,1987,4,Insurance & Financial Services
1987-05-01,12,,,1987,5,Insurance & Financial Services
1987-06-01,12,,,1987,6,Insurance & Financial Services
1987-07-01,12,,,1987,7,Insurance & Financial Services
1987-08-01,12,,,1987,8,Insurance & Financial Services
1987-09-01,12,,,1987,9,Insurance & Financial Services
1987-10-01,12,,,1987,10,Insurance & Financial Services
1987-11-01,12,,,1987,11,Insurance & Financial Services
1987-12-01,12,,,1987,12,Insurance & Financial Services
1988-01-01,12,,,1988,1,Insurance & Financial Services
1988-02-01,12,,,1988,2,Insurance & Financial Services
1988-03-01,12,,,1988,3,Insurance & Financial Services
1988-04-01,12,,,1988,4,Insurance & Financial Services
1988-05-01,12,,,1988,5,Insurance & Financial Services
1988-06-01,12,,,1988,6,Insurance & Financial Services
1988-07-01,12,,,1988,7,Insurance & Financial Services
1988-08-01,12,,,1988,8,Insurance & Financial Services
1988-09-01,12,,,1988,9,Insurance & Financial Services
1988-10-01,12,,,1988,10,Insurance & Financial Services
1988-11-01,12,,,1988,11,Insurance & Financial Services
1988-12-01,12,,,1988,12,Insurance & Financial Services
1989-01-01,12,,,1989,1,Insurance & Financial Services
1989-02-01,12,,,1989,2,Insurance & Financial Services
1989-03-01,12,,,1989,3,Insurance & Financial Services
1989-04-01,12,,,1989,4,Insurance & Financial Services
1989-05-01,12,,,1989,5,Insurance & Financial Services
1989-06-01,12,,,1989,6,Insurance & Financial Services
1989-07-01,12,,,1989,7,Insurance & Financial Services
1989-08-01,12,,,1989,8,Insurance & Financial Services
1989-09-01,12,,,1989,9,Insurance & Financial Services
1989-10-01,12,,,1989,10,Insurance & Financial Services
1989-11-01,12,,,1989,11,Insurance & Financial Services
1989-12-01,12,,,1989,12,Insurance & Financial Services
1990-01-01,12,,,1990,1,Insurance & Financial Services
1990-02-01,12,,,1990,2,Insurance & Financial Services
1990-03-01,12,,,1990,3,Insurance & Financial Services
1990-04-01,12,,,1990,4,Insurance & Financial Services
1990-05-01,12,,,1990,5,Insurance & Financial Services
1990-06-01,12,,,1990,6,Insurance & Financial Services
1990-07-01,12,,,1990,7,Insurance & Financial Services
1990-08-01,12,,,1990,8,Insurance & Financial Services
1990-09-01,12,,,1990,9,Insurance & Financial Services
1990-10-01,12,,,1990,10,Insurance & Financial Services
1990-11-01,12,,,1990,11,Insurance & Financial Services
1990-12-01,12,,,1990,12,Insurance & Financial Services
1991-01-01,12,,,1991,1,Insurance & Financial Services
1991-02-01,12,,,1991,2,Insurance & Financial Services
1991-03-01,12,,,1991,3,Insurance & Financial Services
1991-04-01,12,,,1991,4,Insurance & Financial Services
1991-05-01,12,,,1991,5,Insurance & Financial Services
1991-06-01,12,,,1991,6,Insurance & Financial Services
1991-07-01,12,,,1991,7,Insurance & Financial Services
1991-08-01,12,,,1991,8,Insurance & Financial Services
1991-09-01,12,,,1991,9,Insurance & Financial Services
1991-10-01,12,,,1991,10,Insurance & Financial Services
1991-11-01,12,,,1991,11,Insurance & Financial Services
1991-12-01,12,,,1991,12,Insurance & Financial Services
1992-01-01,12,,,1992,1,Insurance & Financial Services
1992-02-01,12,,,1992,2,Insurance & Financial Services
1992-03-01,12,,,1992,3,Insurance & Financial Services
1992-04-01,12,,,1992,4,Insurance & Financial Services
1992-05-01,12,,,1992,5,Insurance & Financial Services
1992-06-01,12,,,1992,6,Insurance & Financial Services
1992-07-01,12,,,1992,7,Insurance & Financial Services
1992-08-01,12,,,1992,8,Insurance & Financial Services
1992-09-01,12,,,1992,9,Insurance & Financial Services
1992-10-01,12,,,1992,10,Insurance & Financial Services
1992-11-01,12,,,1992,11,Insurance & Financial Services
1992-12-01,12,,,1992,12,Insurance & Financial Services
1993-01-01,12,,,1993,1,Insurance & Financial Services
1993-02-01,12,,,1993,2,Insurance & Financial Services
1993-03-01,12,,,1993,3,Insurance & Financial Services
1993-04-01,12,,,1993,4,Insurance & Financial Services
1993-05-01,12,,,1993,5,Insurance & Financial Services
1993-06-01,12,,,1993,6,Insurance & Financial Services
1993-07-01,12,,,1993,7,Insurance & Financial Services
1993-08-01,12,,,1993,8,Insurance & Financial Services
1993-09-01,12,,,1993,9,Insurance & Financial Services
1993-10-01,12,,,1993,10,Insurance & Financial Services
1993-11-01,12,,,1993,11,Insurance & Financial Services
1993-12-01,12,,,1993,12,Insurance & Financial Services
1994-01-01,12,,,1994,1,Insurance & Financial Services
1994-02-01,12,,,1994,2,Insurance & Financial Services
1994-03-01,12,,,1994,3,Insurance & Financial Services
1994-04-01,12,,,1994,4,Insurance & Financial Services
1994-05-01,12,,,1994,5,Insurance & Financial Services
1994-06-01,12,,,1994,6,Insurance & Financial Services
1994-07-01,12,,,1994,7,Insurance & Financial Services
1994-08-01,12,,,1994,8,Insurance & Financial Services
1994-09-01,12,,,1994,9,Insurance & Financial Services
1994-10-01,12,,,1994,10,Insurance & Financial Services
1994-11-01,12,,,1994,11,Insurance & Financial Services
1994-12-01,12,,,1994,12,Insurance & Financial Services
1995-01-01,12,,,1995,1,Insurance & Financial Services
1995-02-01,12,,,1995,2,Insurance & Financial Services
1995-03-01,12,,,1995,3,Insurance & Financial Services
1995-04-01,12,,,1995,4,Insurance & Financial Services
1995-05-01,12,,,1995,5,Insurance & Financial Services
1995-06-01,12,,,1995,6,Insurance & Financial Services
1995-07-01,12,,,1995,7,Insurance & Financial Services
1995-08-01,12,,,1995,8,Insurance & Financial Services
1995-09-01,12,,,1995,9,Insurance & Financial Services
1995-10-01,12,,,1995,10,Insurance & Financial Services
1995-11-01,12,,,1995,11,Insurance & Financial Services
1995-12-01,12,,,1995,12,Insurance & Financial Services
1996-01-01,12,,,1996,1,Insurance & Financial Services
1996-02-01,12,,,1996,2,Insurance & Financial Services
1996-03-01,12,,,1996,3,Insurance & Financial Services
1996-04-01,12,,,1996,4,Insurance & Financial Services
1996-05-01,12,,,1996,5,Insurance & Financial Services
1996-06-01,12,,,1996,6,Insurance & Financial Services
1996-07-01,12,,,1996,7,Insurance & Financial Services
1996-08-01,12,,,1996,8,Insurance & Financial Services
1996-09-01,12,,,1996,9,Insurance & Financial Services
1996-10-01,12,,,1996,10,Insurance & Financial Services
1996-11-01,12,,,1996,11,Insurance & Financial Services
1996-12-01,12,,,1996,12,Insurance & Financial Services
1997-01-01,12,,,1997,1,Insurance & Financial Services
1997-02-01,12,,,1997,2,Insurance & Financial Services
1997-03-01,12,,,1997,3,Insurance & Financial Services
1997-04-01,12,,,1997,4,Insurance & Financial Services
1997-05-01,12,,,1997,5,Insurance & Financial Services
1997-06-01,12,,,1997,6,Insurance & Financial Services
1997-07-01,12,,,1997,7,Insurance & Financial Services
1997-08-01,12,,,1997,8,Insurance & Financial Services
1997-09-01,12,,,1997,9,Insurance & Financial Services
1997-10-01,12,,,1997,10,Insurance & Financial Services
1997-11-01,12,,,1997,11,Insurance & Financial Services
1997-12-01,12,,,1997,12,Insurance & Financial Services
1998-01-01,12,,,1998,1,Insurance & Financial Services
1998-02-01,12,,,1998,2,Insurance & Financial Services
1998-03-01,12,,,1998,3,Insurance & Financial Services
1998-04-01,12,,,1998,4,Insurance & Financial Services
1998-05-01,12,,,1998,5,Insurance & Financial Services
1998-06-01,12,,,1998,6,Insurance & Financial Services
1998-07-01,12,,,1998,7,Insurance & Financial Services
1998-08-01,12,,,1998,8,Insurance & Financial Services
1998-09-01,12,,,1998,9,Insurance & Financial Services
1998-10-01,12,,,1998,10,Insurance & Financial Services
1998-11-01,12,,,1998,11,Insurance & Financial Services
1998-12-01,12,,,1998,12,Insurance & Financial Services
1999-01-01,12,,,1999,1,Insurance & Financial Services
1999-02-01,12,,,1999,2,Insurance & Financial Services
1999-03-01,12,,,1999,3,Insurance & Financial Services
1999-04-01,12,,,1999,4,Insurance & Financial Services
1999-05-01,12,,,1999,5,Insurance & Financial Services
1999-06-01,12,,,1999,6,Insurance & Financial Services
1999-07-01,12,,,1999,7,Insurance & Financial Services
1999-08-01,12,,,1999,8,Insurance & Financial Services
1999-09-01,12,,,1999,9,Insurance & Financial Services
1999-10-01,12,,,1999,10,Insurance & Financial Services
1999-11-01,12,,,1999,11,Insurance & Financial Services
1999-12-01,12,,,1999,12,Insurance & Financial Services
2000-01-01,12,,,2000,1,Insurance & Financial Services
2000-02-01,12,,,2000,2,Insurance & Financial Services
2000-03-01,12,,,2000,3,Insurance & Financial Services
2000-04-01,12,,,2000,4,Insurance & Financial Services
2000-05-01,12,,,2000,5,Insurance & Financial Services
2000-06-01,12,,,2000,6,Insurance & Financial Services
2000-07-01,12,,,2000,7,Insurance & Financial Services
2000-08-01,12,,,2000,8,Insurance & Financial Services
2000-09-01,12,,,2000,9,Insurance & Financial Services
2000-10-01,12,,,2000,10,Insurance & Financial Services
2000-11-01,12,,,2000,11,Insurance & Financial Services
2000-12-01,12,,,2000,12,Insurance & Financial Services
2001-01-01,12,,,2001,1,Insurance & Financial Services
2001-02-01,12,,,2001,2,Insurance & Financial Services
2001-03-01,12,,,2001,3,Insurance & Financial Services
2001-04-01,12,,,2001,4,Insurance & Financial Services
2001-05-01,12,,,2001,5,Insurance & Financial Services
2001-06-01,12,,,2001,6,Insurance & Financial Services
2001-07-01,12,,,2001,7,Insurance & Financial Services
2001-08-01,12,,,2001,8,Insurance & Financial Services
2001-09-01,12,,,2001,9,Insurance & Financial Services
2001-10-01,12,,,2001,10,Insurance & Financial Services
2001-11-01,12,,,2001,11,Insurance & Financial Services
2001-12-01,12,,,2001,12,Insurance & Financial Services
2002-01-01,12,,,2002,1,Insurance & Financial Services
2002-02-01,12,,,2002,2,Insurance & Financial Services
2002-03-01,12,,,2002,3,Insurance & Financial Services
2002-04-01,12,,,2002,4,Insurance & Financial Services
2002-05-01,12,,,2002,5,Insurance & Financial Services
2002-06-01,12,,,2002,6,Insurance & Financial Services
2002-07-01,12,,,2002,7,Insurance & Financial Services
2002-08-01,12,,,2002,8,Insurance & Financial Services
2002-09-01,12,,,2002,9,Insurance & Financial Services
2002-10-01,12,,,2002,10,Insurance & Financial Services
2002-11-01,12,,,2002,11,Insurance & Financial Services
2002-12-01,12,,,2002,12,Insurance & Financial Services
2003-01-01,12,,,2003,1,Insurance & Financial Services
2003-02-01,12,,,2003,2,Insurance & Financial Services
2003-03-01,12,,,2003,3,Insurance & Financial Services
2003-04-01,12,,,2003,4,Insurance & Financial Services
2003-05-01,12,,,2003,5,Insurance & Financial Services
2003-06-01,12,,,2003,6,Insurance & Financial Services
2003-07-01,12,,,2003,7,Insurance & Financial Services
2003-08-01,12,,,2003,8,Insurance & Financial Services
2003-09-01,12,,,2003,9,Insurance & Financial Services
2003-10-01,12,,,2003,10,Insurance & Financial Services
2003-11-01,12,,,2003,11,Insurance & Financial Services
2003-12-01,12,,,2003,12,Insurance & Financial Services
2004-01-01,12,,,2004,1,Insurance & Financial Services
2004-02-01,12,,,2004,2,Insurance & Financial Services
2004-03-01,12,,,2004,3,Insurance & Financial Services
2004-04-01,12,,,2004,4,Insurance & Financial Services
2004-05-01,12,,,2004,5,Insurance & Financial Services
2004-06-01,12,,,2004,6,Insurance & Financial Services
2004-07-01,12,,,2004,7,Insurance & Financial Services
2004-08-01,12,,,2004,8,Insurance & Financial Services
2004-09-01,12,,,2004,9,Insurance & Financial Services
2004-10-01,12,,,2004,10,Insurance & Financial Services
2004-11-01,12,,,2004,11,Insurance & Financial Services
2004-12-01,12,,,2004,12,Insurance & Financial Services
2005-01-01,12,,,2005,1,Insurance & Financial Services
2005-02-01,12,,,2005,2,Insurance & Financial Services
2005-03-01,12,,,2005,3,Insurance & Financial Services
2005-04-01,12,,,2005,4,Insurance & Financial Services
2005-05-01,12,,,2005,5,Insurance & Financial Services
2005-06-01,12,,,2005,6,Insurance & Financial Services
2005-07-01,12,,,2005,7,Insurance & Financial Services
2005-08-01,12,,,2005,8,Insurance & Financial Services
2005-09-01,12,,,2005,9,Insurance & Financial Services
2005-10-01,12,,,2005,10,Insurance & Financial Services
2005-11-01,12,,,2005,11,Insurance & Financial Services
2005-12-01,12,,,2005,12,Insurance & Financial Services
2006-01-01,12,,,2006,1,Insurance & Financial Services
2006-02-01,12,,,2006,2,Insurance & Financial Services
2006-03-01,12,,,2006,3,Insurance & Financial Services
2006-04-01,12,,,2006,4,Insurance & Financial Services
2006-05-01,12,,,2006,5,Insurance & Financial Services
2006-06-01,12,,,2006,6,Insurance & Financial Services
2006-07-01,12,,,2006,7,Insurance & Financial Services
2006-08-01,12,,,2006,8,Insurance & Financial Services
2006-09-01,12,,,2006,9,Insurance & Financial Services
2006-10-01,12,,,2006,10,Insurance & Financial Services
2006-11-01,12,,,2006,11,Insurance & Financial Services
2006-12-01,12,,,2006,12,Insurance & Financial Services
2007-01-01,12,,,2007,1,Insurance & Financial Services
2007-02-01,12,,,2007,2,Insurance & Financial Services
2007-03-01,12,,,2007,3,Insurance & Financial Services
2007-04-01,12,,,2007,4,Insurance & Financial Services
2007-05-01,12,,,2007,5,Insurance & Financial Services
2007-06-01,12,,,2007,6,Insurance & Financial Services
2007-07-01,12,,,2007,7,Insurance & Financial Services
2007-08-01,12,,,2007,8,Insurance & Financial Services
2007-09-01,12,,,2007,9,Insurance & Financial Services
2007-10-01,12,,,2007,10,Insurance & Financial Services
2007-11-01,12,,,2007,11,Insurance & Financial Services
2007-12-01,12,,,2007,12,Insurance & Financial Services
2008-01-01,12,,,2008,1,Insurance & Financial Services
2008-02-01,12,,,2008,2,Insurance & Financial Services
2008-03-01,12,,,2008,3,Insurance & Financial Services
2008-04-01,12,,,2008,4,Insurance & Financial Services
2008-05-01,12,,,2008,5,Insurance & Financial Services
2008-06-01,12,,,2008,6,Insurance & Financial Services
2008-07-01,12,,,2008,7,Insurance & Financial Services
2008-08-01,12,,,2008,8,Insurance & Financial Services
2008-09-01,12,,,2008,9,Insurance & Financial Services
2008-10-01,12,,,2008,10,Insurance & Financial Services
2008-11-01,12,,,2008,11,Insurance & Financial Services
2008-12-01,12,,,2008,12,Insurance & Financial Services
2009-01-01,12,,,2009,1,Insurance & Financial Services
2009-02-01,12,,,2009,2,Insurance & Financial Services
2009-03-01,12,,,2009,3,Insurance & Financial Services
2009-04-01,12,,,2009,4,Insurance & Financial Services
2009-05-01,12,,,2009,5,Insurance & Financial Services
2009-06-01,12,,,2009,6,Insurance & Financial Services
2009-07-01,12,,,2009,7,Insurance & Financial Services
2009-08-01,12,,,2009,8,Insurance & Financial Services
2009-09-01,12,,,2009,9,Insurance & Financial Services
2009-10-01,12,,,2009,10,Insurance & Financial Services
2009-11-01,12,,,2009,11,Insurance & Financial Services
2009-12-01,12,,,2009,12,Insurance & Financial Services
2010-01-01,12,,,2010,1,Insurance & Financial Services
2010-02-01,12,,0.0,2010,2,Insurance & Financial Services
2010-03-01,12,,0.1,2010,3,Insurance & Financial Services
2010-04-01,12,,0.0,2010,4,Insurance & Financial Services
2010-05-01,12,,0.0,2010,5,Insurance & Financial Services
2010-06-01,12,,0.0,2010,6,Insurance & Financial Services
2010-07-01,12,,0.0,2010,7,Insurance & Financial Services
2010-08-01,12,,0.0,2010,8,Insurance & Financial Services
2010-09-01,12,,0.0,2010,9,Insurance & Financial Services
2010-10-01,12,,0.0,2010,10,Insurance & Financial Services
2010-11-01,12,,0.0,2010,11,Insurance & Financial Services
2010-12-01,12,,0.0,2010,12,Insurance & Financial Services
2011-01-01,12,0.2,0.1,2011,1,Insurance & Financial Services
2011-02-01,12,0.2,0.0,2011,2,Insurance & Financial Services
2011-03-01,12,0.1,0.0,2011,3,Insurance & Financial Services
2011-04-01,12,0.1,0.0,2011,4,Insurance & Financial Services
2011-05-01,12,0.2,0.1,2011,5,Insurance & Financial Services
2011-06-01,12,0.2,0.0,2011,6,Insurance & Financial Services
2011-07-01,12,0.3,0.1,2011,7,Insurance & Financial Services
2011-08-01,12,0.2,-0.1,2011,8,Insurance & Financial Services
2011-09-01,12,0.2,0.0,2011,9,Insurance & Financial Services
2011-10-01,12,0.2,0.0,2011,10,Insurance & Financial Services
2011-11-01,12,0.0,-0.2,2011,11,Insurance & Financial Services
2011-12-01,12,0.0,0.0,2011,12,Insurance & Financial Services
2012-01-01,12,0.2,0.3,2012,1,Insurance & Financial Services
2012-02-01,12,0.9,0.7,2012,2,Insurance & Financial Services
2012-03-01,12,1.2,0.3,2012,3,Insurance & Financial Services
2012-04-01,12,1.2,0.0,2012,4,Insurance & Financial Services
2012-05-01,12,1.0,-0.1,2012,5,Insurance & Financial Services
2012-06-01,12,1.0,0.0,2012,6,Insurance & Financial Services
2012-07-01,12,0.9,0.0,2012,7,Insurance & Financial Services
2012-08-01,12,1.4,0.4,2012,8,Insurance & Financial Services
2012-09-01,12,1.5,0.1,2012,9,Insurance & Financial Services
2012-10-01,12,1.8,0.3,2012,10,Insurance & Financial Services
2012-11-01,12,2.0,0.0,2012,11,Insurance & Financial Services
2012-12-01,12,2.0,0.0,2012,12,Insurance & Financial Services
2013-01-01,12,2.1,0.4,2013,1,Insurance & Financial Services
2013-02-01,12,1.4,0.0,2013,2,Insurance & Financial Services
2013-03-01,12,1.3,0.2,2013,3,Insurance & Financial Services
2013-04-01,12,1.3,0.0,2013,4,Insurance & Financial Services
2013-05-01,12,1.4,0.0,2013,5,Insurance & Financial Services
2013-06-01,12,1.4,0.0,2013,6,Insurance & Financial Services
2013-07-01,12,2.2,0.8,2013,7,Insurance & Financial Services
2013-08-01,12,1.8,0.0,2013,8,Insurance & Financial Services
2013-09-01,12,1.7,0.0,2013,9,Insurance & Financial Services
2013-10-01,12,1.5,0.1,2013,10,Insurance & Financial Services
2013-11-01,12,1.5,0.0,2013,11,Insurance & Financial Services
2013-12-01,12,1.5,0.0,2013,12,Insurance & Financial Services
2014-01-01,12,1.1,0.0,2014,1,Insurance & Financial Services
2014-02-01,12,1.3,0.2,2014,2,Insurance & Financial Services
2014-03-01,12,1.8,0.7,2014,3,Insurance & Financial Services
2014-04-01,12,1.9,0.1,2014,4,Insurance & Financial Services
2014-05-01,12,1.9,0.0,2014,5,Insurance & Financial Services
2014-06-01,12,1.9,0.0,2014,6,Insurance & Financial Services
2014-07-01,12,1.1,0.0,2014,7,Insurance & Financial Services
2014-08-01,12,1.4,0.3,2014,8,Insurance & Financial Services
2014-09-01,12,1.4,0.0,2014,9,Insurance & Financial Services
2014-10-01,12,1.3,0.0,2014,10,Insurance & Financial Services
2014-11-01,12,1.3,0.0,2014,11,Insurance & Financial Services
2014-12-01,12,1.4,0.2,2014,12,Insurance & Financial Services
2015-01-01,12,1.4,0.0,2015,1,Insurance & Financial Services
2015-02-01,12,1.4,0.1,2015,2,Insurance & Financial Services
2015-03-01,12,1.0,0.3,2015,3,Insurance & Financial Services
2015-04-01,12,4.3,3.4,2015,4,Insurance & Financial Services
2015-05-01,12,5.1,0.7,2015,5,Insurance & Financial Services
2015-06-01,12,5.3,0.2,2015,6,Insurance & Financial Services
2015-07-01,12,5.1,-0.2,2015,7,Insurance & Financial Services
2015-08-01,12,4.9,0.1,2015,8,Insurance & Financial Services
2015-09-01,12,5.1,0.2,2015,9,Insurance & Financial Services
2015-10-01,12,5.1,0.0,2015,10,Insurance & Financial Services
2015-11-01,12,5.4,0.4,2015,11,Insurance & Financial Services
2015-12-01,12,5.2,0.0,2015,12,Insurance & Financial Services
2016-01-01,12,5.3,0.1,2016,1,Insurance & Financial Services
2016-02-01,12,5.2,0.0,2016,2,Insurance & Financial Services
2016-03-01,12,4.9,0.0,2016,3,Insurance & Financial Services
2016-04-01,12,2.0,0.5,2016,4,Insurance & Financial Services
2016-05-01,12,1.5,0.2,2016,5,Insurance & Financial Services
2016-06-01,12,1.4,0.1,2016,6,Insurance & Financial Services
2016-07-01,12,1.5,0.0,2016,7,Insurance & Financial Services
2016-08-01,12,1.5,0.1,2016,8,Insurance & Financial Services
2016-09-01,12,1.3,-0.1,2016,9,Insurance & Financial Services
2016-10-01,12,1.3,0.0,2016,10,Insurance & Financial Services
2016-11-01,12,0.9,0.0,2016,11,Insurance & Financial Services
2016-12-01,12,0.9,0.0,2016,12,Insurance & Financial Services
2017-01-01,12,0.9,0.1,2017,1,Insurance & Financial Services
2017-02-01,12,0.9,0.0,2017,2,Insurance & Financial Services
2017-03-01,12,0.9,0.0,2017,3,Insurance & Financial Services
2017-04-01,12,0.4,0.0,2017,4,Insurance & Financial Services
2017-05-01,12,0.2,0.0,2017,5,Insurance & Financial Services
2017-06-01,12,0.1,0.0,2017,6,Insurance & Financial Services
2017-07-01,12,0.1,0.0,2017,7,Insurance & Financial Services
2017-08-01,12,0.0,0.0,2017,8,Insurance & Financial Services
2017-09-01,12,0.1,0.0,2017,9,Insurance & Financial Services
2017-10-01,12,0.1,0.0,2017,10,Insurance & Financial Services
2017-11-01,12,0.1,0.0,2017,11,Insurance & Financial Services
2017-12-01,12,0.1,0.0,2017,12,Insurance & Financial Services
2018-01-01,12,0.0,0.0,2018,1,Insurance & Financial Services
2018-02-01,12,0.1,0.1,2018,2,Insurance & Financial Services
2018-03-01,12,0.1,0.0,2018,3,Insurance & Financial Services
2018-04-01,12,0.1,0.0,2018,4,Insurance & Financial Services
2018-05-01,12,0.1,0.0,2018,5,Insurance & Financial Services
2018-06-01,12,-2.5,-2.6,2018,6,Insurance & Financial Services
2018-07-01,12,-2.5,0.0,2018,7,Insurance & Financial Services
2018-08-01,12,-2.5,0.0,2018,8,Insurance & Financial Services
2018-09-01,12,-2.2,0.4,2018,9,Insurance & Financial Services
2018-10-01,12,-1.6,0.5,2018,10,Insurance & Financial Services
2018-11-01,12,-1.6,0.0,2018,11,Insurance & Financial Services
2018-12-01,12,-1.6,0.0,2018,12,Insurance & Financial Services
2019-01-01,12,-1.5,0.1,2019,1,Insurance & Financial Services
2019-02-01,12,-1.6,0.0,2019,2,Insurance & Financial Services
2019-03-01,12,-1.6,0.0,2019,3,Insurance & Financial Services
2019-04-01,12,-1.6,0.0,2019,4,Insurance & Financial Services
2019-05-01,12,-1.6,0.0,2019,5,Insurance & Financial Services
2019-06-01,12,1.0,0.0,2019,6,Insurance & Financial Services
2019-07-01,12,1.0,0.0,2019,7,Insurance & Financial Services
2019-08-01,12,1.0,0.0,2019,8,Insurance & Financial Services
2019-09-01,12,0.6,0.0,2019,9,Insurance & Financial Services
2019-10-01,12,0.1,0.0,2019,10,Insurance & Financial Services
2019-11-01,12,0.1,0.0,2019,11,Insurance & Financial Services
2019-12-01,12,0.0,-0.1,2019,12,Insurance & Financial Services
2020-01-01,12,-0.1,0.0,2020,1,Insurance & Financial Services
2020-02-01,12,-0.1,0.0,2020,2,Insurance & Financial Services
2020-03-01,12,0.0,0.1,2020,3,Insurance & Financial Services
2020-04-01,12,0.0,0.0,2020,4,Insurance & Financial Services
2020-05-01,12,0.0,0.0,2020,5,Insurance & Financial Services
2020-06-01,12,0.0,0.0,2020,6,Insurance & Financial Services
2020-07-01,12,0.0,0.0,2020,7,Insurance & Financial Services
2020-08-01,12,0.0,0.0,2020,8,Insurance & Financial Services
2020-09-01,12,0.0,0.0,2020,9,Insurance & Financial Services
2020-10-01,12,0.0,0.0,2020,10,Insurance & Financial Services
2020-11-01,12,0.0,0.0,2020,11,Insurance & Financial Services
2020-12-01,12,0.1,0.0,2020,12,Insurance & Financial Services
2021-01-01,12,0.1,0.0,2021,1,Insurance & Financial Services
2021-02-01,12,0.1,0.0,2021,2,Insurance & Financial Services
2021-03-01,12,0.0,0.0,2021,3,Insurance & Financial Services
2021-04-01,12,0.0,0.0,2021,4,Insurance & Financial Services
2021-05-01,12,0.0,0.0,2021,5,Insurance & Financial Services
2021-06-01,12,0.0,0.0,2021,6,Insurance & Financial Services
2021-07-01,12,0.0,0.0,2021,7,Insurance & Financial Services
2021-08-01,12,0.0,0.0,2021,8,Insurance & Financial Services
2021-09-01,12,0.0,0.0,2021,9,Insurance & Financial Services
2021-10-01,12,0.0,0.0,2021,10,Insurance & Financial Services
2021-11-01,12,0.0,0.0,2021,11,Insurance & Financial Services
2021-12-01,12,0.0,0.0,2021,12,Insurance & Financial Services
2022-01-01,12,0.0,0.0,2022,1,Insurance & Financial Services
2022-02-01,12,0.0,0.0,2022,2,Insurance & Financial Services
2022-03-01,12,0.0,0.0,2022,3,Insurance & Financial Services
2022-04-01,12,0.0,0.0,2022,4,Insurance & Financial Services
2022-05-01,12,0.0,0.0,2022,5,Insurance & Financial Services
2022-06-01,12,0.3,0.3,2022,6,Insurance & Financial Services
2022-07-01,12,0.3,0.0,2022,7,Insurance & Financial Services
2022-08-01,12,0.3,0.0,2022,8,Insurance & Financial Services
2022-09-01,12,0.3,0.0,2022,9,Insurance & Financial Services
2022-10-01,12,0.3,0.0,2022,10,Insurance & Financial Services
2022-11-01,12,0.3,0.0,2022,11,Insurance & Financial Services
2022-12-01,12,0.3,0.0,2022,12,Insurance & Financial Services
2023-01-01,12,0.3,0.0,2023,1,Insurance & Financial Services
2023-02-01,12,0.4,0.1,2023,2,Insurance & Financial Services
2023-03-01,12,0.4,0.0,2023,3,Insurance & Financial Services
2023-04-01,12,0.4,0.0,2023,4,Insurance & Financial Services
2023-05-01,12,0.4,0.0,2023,5,Insurance & Financial Services
2023-06-01,12,0.1,0.0,2023,6,Insurance & Financial Services
2023-07-01,12,0.0,-0.1,2023,7,Insurance & Financial Services
2023-08-01,12,0.0,0.0,2023,8,Insurance & Financial Services
2023-09-01,12,0.0,0.0,2023,9,Insurance & Financial Services
2023-10-01,12,0.0,0.0,2023,10,Insurance & Financial Services
2023-11-01,12,0.0,0.0,2023,11,Insurance & Financial Services
2023-12-01,12,0.0,0.0,2023,12,Insurance & Financial Services
2024-01-01,12,0.0,0.0,2024,1,Insurance & Financial Services
2024-02-01,12,-0.1,0.0,2024,2,Insurance & Financial Services
2024-03-01,12,-0.1,0.0,2024,3,Insurance & Financial Services
2024-04-01,12,-0.1,0.0,2024,4,Insurance & Financial Services
2024-05-01,12,-0.1,0.0,2024,5,Insurance & Financial Services
2024-06-01,12,-0.1,0.0,2024,6,Insurance & Financial Services
2024-07-01,12,0.5,0.5,2024,7,Insurance & Financial Services
2024-08-01,12,0.5,0.0,2024,8,Insurance & Financial Services
2024-09-01,12,0.5,0.0,2024,9,Insurance & Financial Services
2024-10-01,12,0.5,0.0,2024,10,Insurance & Financial Services
2024-11-01,12,0.5,0.0,2024,11,Insurance & Financial Services
2024-12-01,12,0.5,0.0,2024,12,Insurance & Financial Services
2025-01-01,12,0.6,0.1,2025,1,Insurance & Financial Services
2025-02-01,12,1.5,0.8,2025,2,Insurance & Financial Services
2025-03-01,12,1.5,0.0,2025,3,Insurance & Financial Services
2025-04-01,12,1.5,0.0,2025,4,Insurance & Financial Services
2025-05-01,12,1.5,0.0,2025,5,Insurance & Financial Services
2025-06-01,12,1.5,0.0,2025,6,Insurance & Financial Services
2025-07-01,12,5.5,4.6,2025,7,Insurance & Financial Services
2025-08-01,12,5.6,0.1,2025,8,Insurance & Financial Services
2025-09-01,12,5.6,0.0,2025,9,Insurance & Financial Services
2025-10-01,12,5.6,0.0,2025,10,Insurance & Financial Services
2025-11-01,12,5.6,0.0,2025,11,Insurance & Financial Services
2025-12-01,12,5.6,0.0,2025,12,Insurance & Financial Services
2026-01-01,12,5.5,0.0,2026,1,Insurance & Financial Services
2026-02-01,12,4.7,0.0,2026,2,Insurance & Financial Services
2026-03-01,12,4.9,0.3,2026,3,Insurance & Financial Services
2026-04-01,12,4.9,0.0,2026,4,Insurance & Financial Services
1980-02-01,13,,,1980,2,Personal Care & Miscellaneous
1980-03-01,13,,,1980,3,Personal Care & Miscellaneous
1980-04-01,13,,,1980,4,Personal Care & Miscellaneous
1980-05-01,13,,,1980,5,Personal Care & Miscellaneous
1980-06-01,13,,,1980,6,Personal Care & Miscellaneous
1980-07-01,13,,,1980,7,Personal Care & Miscellaneous
1980-08-01,13,,,1980,8,Personal Care & Miscellaneous
1980-09-01,13,,,1980,9,Personal Care & Miscellaneous
1980-10-01,13,,,1980,10,Personal Care & Miscellaneous
1980-11-01,13,,,1980,11,Personal Care & Miscellaneous
1980-12-01,13,,,1980,12,Personal Care & Miscellaneous
1981-01-01,13,,,1981,1,Personal Care & Miscellaneous
1981-02-01,13,,,1981,2,Personal Care & Miscellaneous
1981-03-01,13,,,1981,3,Personal Care & Miscellaneous
1981-04-01,13,,,1981,4,Personal Care & Miscellaneous
1981-05-01,13,,,1981,5,Personal Care & Miscellaneous
1981-06-01,13,,,1981,6,Personal Care & Miscellaneous
1981-07-01,13,,,1981,7,Personal Care & Miscellaneous
1981-08-01,13,,,1981,8,Personal Care & Miscellaneous
1981-09-01,13,,,1981,9,Personal Care & Miscellaneous
1981-10-01,13,,,1981,10,Personal Care & Miscellaneous
1981-11-01,13,,,1981,11,Personal Care & Miscellaneous
1981-12-01,13,,,1981,12,Personal Care & Miscellaneous
1982-01-01,13,,,1982,1,Personal Care & Miscellaneous
1982-02-01,13,,,1982,2,Personal Care & Miscellaneous
1982-03-01,13,,,1982,3,Personal Care & Miscellaneous
1982-04-01,13,,,1982,4,Personal Care & Miscellaneous
1982-05-01,13,,,1982,5,Personal Care & Miscellaneous
1982-06-01,13,,,1982,6,Personal Care & Miscellaneous
1982-07-01,13,,,1982,7,Personal Care & Miscellaneous
1982-08-01,13,,,1982,8,Personal Care & Miscellaneous
1982-09-01,13,,,1982,9,Personal Care & Miscellaneous
1982-10-01,13,,,1982,10,Personal Care & Miscellaneous
1982-11-01,13,,,1982,11,Personal Care & Miscellaneous
1982-12-01,13,,,1982,12,Personal Care & Miscellaneous
1983-01-01,13,,,1983,1,Personal Care & Miscellaneous
1983-02-01,13,,,1983,2,Personal Care & Miscellaneous
1983-03-01,13,,,1983,3,Personal Care & Miscellaneous
1983-04-01,13,,,1983,4,Personal Care & Miscellaneous
1983-05-01,13,,,1983,5,Personal Care & Miscellaneous
1983-06-01,13,,,1983,6,Personal Care & Miscellaneous
1983-07-01,13,,,1983,7,Personal Care & Miscellaneous
1983-08-01,13,,,1983,8,Personal Care & Miscellaneous
1983-09-01,13,,,1983,9,Personal Care & Miscellaneous
1983-10-01,13,,,1983,10,Personal Care & Miscellaneous
1983-11-01,13,,,1983,11,Personal Care & Miscellaneous
1983-12-01,13,,,1983,12,Personal Care & Miscellaneous
1984-01-01,13,,,1984,1,Personal Care & Miscellaneous
1984-02-01,13,,,1984,2,Personal Care & Miscellaneous
1984-03-01,13,,,1984,3,Personal Care & Miscellaneous
1984-04-01,13,,,1984,4,Personal Care & Miscellaneous
1984-05-01,13,,,1984,5,Personal Care & Miscellaneous
1984-06-01,13,,,1984,6,Personal Care & Miscellaneous
1984-07-01,13,,,1984,7,Personal Care & Miscellaneous
1984-08-01,13,,,1984,8,Personal Care & Miscellaneous
1984-09-01,13,,,1984,9,Personal Care & Miscellaneous
1984-10-01,13,,,1984,10,Personal Care & Miscellaneous
1984-11-01,13,,,1984,11,Personal Care & Miscellaneous
1984-12-01,13,,,1984,12,Personal Care & Miscellaneous
1985-01-01,13,,,1985,1,Personal Care & Miscellaneous
1985-02-01,13,,,1985,2,Personal Care & Miscellaneous
1985-03-01,13,,,1985,3,Personal Care & Miscellaneous
1985-04-01,13,,,1985,4,Personal Care & Miscellaneous
1985-05-01,13,,,1985,5,Personal Care & Miscellaneous
1985-06-01,13,,,1985,6,Personal Care & Miscellaneous
1985-07-01,13,,,1985,7,Personal Care & Miscellaneous
1985-08-01,13,,,1985,8,Personal Care & Miscellaneous
1985-09-01,13,,,1985,9,Personal Care & Miscellaneous
1985-10-01,13,,,1985,10,Personal Care & Miscellaneous
1985-11-01,13,,,1985,11,Personal Care & Miscellaneous
1985-12-01,13,,,1985,12,Personal Care & Miscellaneous
1986-01-01,13,,,1986,1,Personal Care & Miscellaneous
1986-02-01,13,,,1986,2,Personal Care & Miscellaneous
1986-03-01,13,,,1986,3,Personal Care & Miscellaneous
1986-04-01,13,,,1986,4,Personal Care & Miscellaneous
1986-05-01,13,,,1986,5,Personal Care & Miscellaneous
1986-06-01,13,,,1986,6,Personal Care & Miscellaneous
1986-07-01,13,,,1986,7,Personal Care & Miscellaneous
1986-08-01,13,,,1986,8,Personal Care & Miscellaneous
1986-09-01,13,,,1986,9,Personal Care & Miscellaneous
1986-10-01,13,,,1986,10,Personal Care & Miscellaneous
1986-11-01,13,,,1986,11,Personal Care & Miscellaneous
1986-12-01,13,,,1986,12,Personal Care & Miscellaneous
1987-01-01,13,,,1987,1,Personal Care & Miscellaneous
1987-02-01,13,,,1987,2,Personal Care & Miscellaneous
1987-03-01,13,,,1987,3,Personal Care & Miscellaneous
1987-04-01,13,,,1987,4,Personal Care & Miscellaneous
1987-05-01,13,,,1987,5,Personal Care & Miscellaneous
1987-06-01,13,,,1987,6,Personal Care & Miscellaneous
1987-07-01,13,,,1987,7,Personal Care & Miscellaneous
1987-08-01,13,,,1987,8,Personal Care & Miscellaneous
1987-09-01,13,,,1987,9,Personal Care & Miscellaneous
1987-10-01,13,,,1987,10,Personal Care & Miscellaneous
1987-11-01,13,,,1987,11,Personal Care & Miscellaneous
1987-12-01,13,,,1987,12,Personal Care & Miscellaneous
1988-01-01,13,,,1988,1,Personal Care & Miscellaneous
1988-02-01,13,,,1988,2,Personal Care & Miscellaneous
1988-03-01,13,,,1988,3,Personal Care & Miscellaneous
1988-04-01,13,,,1988,4,Personal Care & Miscellaneous
1988-05-01,13,,,1988,5,Personal Care & Miscellaneous
1988-06-01,13,,,1988,6,Personal Care & Miscellaneous
1988-07-01,13,,,1988,7,Personal Care & Miscellaneous
1988-08-01,13,,,1988,8,Personal Care & Miscellaneous
1988-09-01,13,,,1988,9,Personal Care & Miscellaneous
1988-10-01,13,,,1988,10,Personal Care & Miscellaneous
1988-11-01,13,,,1988,11,Personal Care & Miscellaneous
1988-12-01,13,,,1988,12,Personal Care & Miscellaneous
1989-01-01,13,,,1989,1,Personal Care & Miscellaneous
1989-02-01,13,,,1989,2,Personal Care & Miscellaneous
1989-03-01,13,,,1989,3,Personal Care & Miscellaneous
1989-04-01,13,,,1989,4,Personal Care & Miscellaneous
1989-05-01,13,,,1989,5,Personal Care & Miscellaneous
1989-06-01,13,,,1989,6,Personal Care & Miscellaneous
1989-07-01,13,,,1989,7,Personal Care & Miscellaneous
1989-08-01,13,,,1989,8,Personal Care & Miscellaneous
1989-09-01,13,,,1989,9,Personal Care & Miscellaneous
1989-10-01,13,,,1989,10,Personal Care & Miscellaneous
1989-11-01,13,,,1989,11,Personal Care & Miscellaneous
1989-12-01,13,,,1989,12,Personal Care & Miscellaneous
1990-01-01,13,,,1990,1,Personal Care & Miscellaneous
1990-02-01,13,,,1990,2,Personal Care & Miscellaneous
1990-03-01,13,,,1990,3,Personal Care & Miscellaneous
1990-04-01,13,,,1990,4,Personal Care & Miscellaneous
1990-05-01,13,,,1990,5,Personal Care & Miscellaneous
1990-06-01,13,,,1990,6,Personal Care & Miscellaneous
1990-07-01,13,,,1990,7,Personal Care & Miscellaneous
1990-08-01,13,,,1990,8,Personal Care & Miscellaneous
1990-09-01,13,,,1990,9,Personal Care & Miscellaneous
1990-10-01,13,,,1990,10,Personal Care & Miscellaneous
1990-11-01,13,,,1990,11,Personal Care & Miscellaneous
1990-12-01,13,,,1990,12,Personal Care & Miscellaneous
1991-01-01,13,,,1991,1,Personal Care & Miscellaneous
1991-02-01,13,,,1991,2,Personal Care & Miscellaneous
1991-03-01,13,,,1991,3,Personal Care & Miscellaneous
1991-04-01,13,,,1991,4,Personal Care & Miscellaneous
1991-05-01,13,,,1991,5,Personal Care & Miscellaneous
1991-06-01,13,,,1991,6,Personal Care & Miscellaneous
1991-07-01,13,,,1991,7,Personal Care & Miscellaneous
1991-08-01,13,,,1991,8,Personal Care & Miscellaneous
1991-09-01,13,,,1991,9,Personal Care & Miscellaneous
1991-10-01,13,,,1991,10,Personal Care & Miscellaneous
1991-11-01,13,,,1991,11,Personal Care & Miscellaneous
1991-12-01,13,,,1991,12,Personal Care & Miscellaneous
1992-01-01,13,,,1992,1,Personal Care & Miscellaneous
1992-02-01,13,,,1992,2,Personal Care & Miscellaneous
1992-03-01,13,,,1992,3,Personal Care & Miscellaneous
1992-04-01,13,,,1992,4,Personal Care & Miscellaneous
1992-05-01,13,,,1992,5,Personal Care & Miscellaneous
1992-06-01,13,,,1992,6,Personal Care & Miscellaneous
1992-07-01,13,,,1992,7,Personal Care & Miscellaneous
1992-08-01,13,,,1992,8,Personal Care & Miscellaneous
1992-09-01,13,,,1992,9,Personal Care & Miscellaneous
1992-10-01,13,,,1992,10,Personal Care & Miscellaneous
1992-11-01,13,,,1992,11,Personal Care & Miscellaneous
1992-12-01,13,,,1992,12,Personal Care & Miscellaneous
1993-01-01,13,,,1993,1,Personal Care & Miscellaneous
1993-02-01,13,,,1993,2,Personal Care & Miscellaneous
1993-03-01,13,,,1993,3,Personal Care & Miscellaneous
1993-04-01,13,,,1993,4,Personal Care & Miscellaneous
1993-05-01,13,,,1993,5,Personal Care & Miscellaneous
1993-06-01,13,,,1993,6,Personal Care & Miscellaneous
1993-07-01,13,,,1993,7,Personal Care & Miscellaneous
1993-08-01,13,,,1993,8,Personal Care & Miscellaneous
1993-09-01,13,,,1993,9,Personal Care & Miscellaneous
1993-10-01,13,,,1993,10,Personal Care & Miscellaneous
1993-11-01,13,,,1993,11,Personal Care & Miscellaneous
1993-12-01,13,,,1993,12,Personal Care & Miscellaneous
1994-01-01,13,,,1994,1,Personal Care & Miscellaneous
1994-02-01,13,,,1994,2,Personal Care & Miscellaneous
1994-03-01,13,,,1994,3,Personal Care & Miscellaneous
1994-04-01,13,,,1994,4,Personal Care & Miscellaneous
1994-05-01,13,,,1994,5,Personal Care & Miscellaneous
1994-06-01,13,,,1994,6,Personal Care & Miscellaneous
1994-07-01,13,,,1994,7,Personal Care & Miscellaneous
1994-08-01,13,,,1994,8,Personal Care & Miscellaneous
1994-09-01,13,,,1994,9,Personal Care & Miscellaneous
1994-10-01,13,,,1994,10,Personal Care & Miscellaneous
1994-11-01,13,,,1994,11,Personal Care & Miscellaneous
1994-12-01,13,,,1994,12,Personal Care & Miscellaneous
1995-01-01,13,,,1995,1,Personal Care & Miscellaneous
1995-02-01,13,,,1995,2,Personal Care & Miscellaneous
1995-03-01,13,,,1995,3,Personal Care & Miscellaneous
1995-04-01,13,,,1995,4,Personal Care & Miscellaneous
1995-05-01,13,,,1995,5,Personal Care & Miscellaneous
1995-06-01,13,,,1995,6,Personal Care & Miscellaneous
1995-07-01,13,,,1995,7,Personal Care & Miscellaneous
1995-08-01,13,,,1995,8,Personal Care & Miscellaneous
1995-09-01,13,,,1995,9,Personal Care & Miscellaneous
1995-10-01,13,,,1995,10,Personal Care & Miscellaneous
1995-11-01,13,,,1995,11,Personal Care & Miscellaneous
1995-12-01,13,,,1995,12,Personal Care & Miscellaneous
1996-01-01,13,,,1996,1,Personal Care & Miscellaneous
1996-02-01,13,,,1996,2,Personal Care & Miscellaneous
1996-03-01,13,,,1996,3,Personal Care & Miscellaneous
1996-04-01,13,,,1996,4,Personal Care & Miscellaneous
1996-05-01,13,,,1996,5,Personal Care & Miscellaneous
1996-06-01,13,,,1996,6,Personal Care & Miscellaneous
1996-07-01,13,,,1996,7,Personal Care & Miscellaneous
1996-08-01,13,,,1996,8,Personal Care & Miscellaneous
1996-09-01,13,,,1996,9,Personal Care & Miscellaneous
1996-10-01,13,,,1996,10,Personal Care & Miscellaneous
1996-11-01,13,,,1996,11,Personal Care & Miscellaneous
1996-12-01,13,,,1996,12,Personal Care & Miscellaneous
1997-01-01,13,,,1997,1,Personal Care & Miscellaneous
1997-02-01,13,,,1997,2,Personal Care & Miscellaneous
1997-03-01,13,,,1997,3,Personal Care & Miscellaneous
1997-04-01,13,,,1997,4,Personal Care & Miscellaneous
1997-05-01,13,,,1997,5,Personal Care & Miscellaneous
1997-06-01,13,,,1997,6,Personal Care & Miscellaneous
1997-07-01,13,,,1997,7,Personal Care & Miscellaneous
1997-08-01,13,,,1997,8,Personal Care & Miscellaneous
1997-09-01,13,,,1997,9,Personal Care & Miscellaneous
1997-10-01,13,,,1997,10,Personal Care & Miscellaneous
1997-11-01,13,,,1997,11,Personal Care & Miscellaneous
1997-12-01,13,,,1997,12,Personal Care & Miscellaneous
1998-01-01,13,,,1998,1,Personal Care & Miscellaneous
1998-02-01,13,,,1998,2,Personal Care & Miscellaneous
1998-03-01,13,,,1998,3,Personal Care & Miscellaneous
1998-04-01,13,,,1998,4,Personal Care & Miscellaneous
1998-05-01,13,,,1998,5,Personal Care & Miscellaneous
1998-06-01,13,,,1998,6,Personal Care & Miscellaneous
1998-07-01,13,,,1998,7,Personal Care & Miscellaneous
1998-08-01,13,,,1998,8,Personal Care & Miscellaneous
1998-09-01,13,,,1998,9,Personal Care & Miscellaneous
1998-10-01,13,,,1998,10,Personal Care & Miscellaneous
1998-11-01,13,,,1998,11,Personal Care & Miscellaneous
1998-12-01,13,,,1998,12,Personal Care & Miscellaneous
1999-01-01,13,,,1999,1,Personal Care & Miscellaneous
1999-02-01,13,,,1999,2,Personal Care & Miscellaneous
1999-03-01,13,,,1999,3,Personal Care & Miscellaneous
1999-04-01,13,,,1999,4,Personal Care & Miscellaneous
1999-05-01,13,,,1999,5,Personal Care & Miscellaneous
1999-06-01,13,,,1999,6,Personal Care & Miscellaneous
1999-07-01,13,,,1999,7,Personal Care & Miscellaneous
1999-08-01,13,,,1999,8,Personal Care & Miscellaneous
1999-09-01,13,,,1999,9,Personal Care & Miscellaneous
1999-10-01,13,,,1999,10,Personal Care & Miscellaneous
1999-11-01,13,,,1999,11,Personal Care & Miscellaneous
1999-12-01,13,,,1999,12,Personal Care & Miscellaneous
2000-01-01,13,,,2000,1,Personal Care & Miscellaneous
2000-02-01,13,,,2000,2,Personal Care & Miscellaneous
2000-03-01,13,,,2000,3,Personal Care & Miscellaneous
2000-04-01,13,,,2000,4,Personal Care & Miscellaneous
2000-05-01,13,,,2000,5,Personal Care & Miscellaneous
2000-06-01,13,,,2000,6,Personal Care & Miscellaneous
2000-07-01,13,,,2000,7,Personal Care & Miscellaneous
2000-08-01,13,,,2000,8,Personal Care & Miscellaneous
2000-09-01,13,,,2000,9,Personal Care & Miscellaneous
2000-10-01,13,,,2000,10,Personal Care & Miscellaneous
2000-11-01,13,,,2000,11,Personal Care & Miscellaneous
2000-12-01,13,,,2000,12,Personal Care & Miscellaneous
2001-01-01,13,,,2001,1,Personal Care & Miscellaneous
2001-02-01,13,,,2001,2,Personal Care & Miscellaneous
2001-03-01,13,,,2001,3,Personal Care & Miscellaneous
2001-04-01,13,,,2001,4,Personal Care & Miscellaneous
2001-05-01,13,,,2001,5,Personal Care & Miscellaneous
2001-06-01,13,,,2001,6,Personal Care & Miscellaneous
2001-07-01,13,,,2001,7,Personal Care & Miscellaneous
2001-08-01,13,,,2001,8,Personal Care & Miscellaneous
2001-09-01,13,,,2001,9,Personal Care & Miscellaneous
2001-10-01,13,,,2001,10,Personal Care & Miscellaneous
2001-11-01,13,,,2001,11,Personal Care & Miscellaneous
2001-12-01,13,,,2001,12,Personal Care & Miscellaneous
2002-01-01,13,,,2002,1,Personal Care & Miscellaneous
2002-02-01,13,,,2002,2,Personal Care & Miscellaneous
2002-03-01,13,,,2002,3,Personal Care & Miscellaneous
2002-04-01,13,,,2002,4,Personal Care & Miscellaneous
2002-05-01,13,,,2002,5,Personal Care & Miscellaneous
2002-06-01,13,,,2002,6,Personal Care & Miscellaneous
2002-07-01,13,,,2002,7,Personal Care & Miscellaneous
2002-08-01,13,,,2002,8,Personal Care & Miscellaneous
2002-09-01,13,,,2002,9,Personal Care & Miscellaneous
2002-10-01,13,,,2002,10,Personal Care & Miscellaneous
2002-11-01,13,,,2002,11,Personal Care & Miscellaneous
2002-12-01,13,,,2002,12,Personal Care & Miscellaneous
2003-01-01,13,,,2003,1,Personal Care & Miscellaneous
2003-02-01,13,,0.9,2003,2,Personal Care & Miscellaneous
2003-03-01,13,,-0.6,2003,3,Personal Care & Miscellaneous
2003-04-01,13,,-0.3,2003,4,Personal Care & Miscellaneous
2003-05-01,13,,-0.2,2003,5,Personal Care & Miscellaneous
2003-06-01,13,,-0.1,2003,6,Personal Care & Miscellaneous
2003-07-01,13,,-0.3,2003,7,Personal Care & Miscellaneous
2003-08-01,13,,0.2,2003,8,Personal Care & Miscellaneous
2003-09-01,13,,-0.1,2003,9,Personal Care & Miscellaneous
2003-10-01,13,,-1.2,2003,10,Personal Care & Miscellaneous
2003-11-01,13,,-0.6,2003,11,Personal Care & Miscellaneous
2003-12-01,13,,-0.8,2003,12,Personal Care & Miscellaneous
2004-01-01,13,1.3,4.5,2004,1,Personal Care & Miscellaneous
2004-02-01,13,0.5,0.1,2004,2,Personal Care & Miscellaneous
2004-03-01,13,0.8,-0.2,2004,3,Personal Care & Miscellaneous
2004-04-01,13,1.6,0.5,2004,4,Personal Care & Miscellaneous
2004-05-01,13,1.0,-0.8,2004,5,Personal Care & Miscellaneous
2004-06-01,13,0.6,-0.6,2004,6,Personal Care & Miscellaneous
2004-07-01,13,1.1,0.1,2004,7,Personal Care & Miscellaneous
2004-08-01,13,1.0,0.2,2004,8,Personal Care & Miscellaneous
2004-09-01,13,0.9,-0.2,2004,9,Personal Care & Miscellaneous
2004-10-01,13,1.9,-0.2,2004,10,Personal Care & Miscellaneous
2004-11-01,13,2.5,0.0,2004,11,Personal Care & Miscellaneous
2004-12-01,13,3.2,-0.1,2004,12,Personal Care & Miscellaneous
2005-01-01,13,0.5,1.7,2005,1,Personal Care & Miscellaneous
2005-02-01,13,0.2,-0.1,2005,2,Personal Care & Miscellaneous
2005-03-01,13,0.3,-0.1,2005,3,Personal Care & Miscellaneous
2005-04-01,13,0.1,0.2,2005,4,Personal Care & Miscellaneous
2005-05-01,13,1.0,0.1,2005,5,Personal Care & Miscellaneous
2005-06-01,13,1.5,-0.1,2005,6,Personal Care & Miscellaneous
2005-07-01,13,1.5,0.1,2005,7,Personal Care & Miscellaneous
2005-08-01,13,1.3,0.0,2005,8,Personal Care & Miscellaneous
2005-09-01,13,1.8,0.3,2005,9,Personal Care & Miscellaneous
2005-10-01,13,2.3,0.2,2005,10,Personal Care & Miscellaneous
2005-11-01,13,2.4,0.1,2005,11,Personal Care & Miscellaneous
2005-12-01,13,2.9,0.3,2005,12,Personal Care & Miscellaneous
2006-01-01,13,1.6,0.5,2006,1,Personal Care & Miscellaneous
2006-02-01,13,2.1,0.3,2006,2,Personal Care & Miscellaneous
2006-03-01,13,1.9,-0.2,2006,3,Personal Care & Miscellaneous
2006-04-01,13,2.3,0.6,2006,4,Personal Care & Miscellaneous
2006-05-01,13,3.3,1.1,2006,5,Personal Care & Miscellaneous
2006-06-01,13,2.8,-0.6,2006,6,Personal Care & Miscellaneous
2006-07-01,13,2.6,-0.1,2006,7,Personal Care & Miscellaneous
2006-08-01,13,2.7,0.1,2006,8,Personal Care & Miscellaneous
2006-09-01,13,2.4,0.0,2006,9,Personal Care & Miscellaneous
2006-10-01,13,1.6,-0.6,2006,10,Personal Care & Miscellaneous
2006-11-01,13,1.8,0.3,2006,11,Personal Care & Miscellaneous
2006-12-01,13,1.6,0.1,2006,12,Personal Care & Miscellaneous
2007-01-01,13,1.0,-0.1,2007,1,Personal Care & Miscellaneous
2007-02-01,13,0.9,0.2,2007,2,Personal Care & Miscellaneous
2007-03-01,13,1.1,0.0,2007,3,Personal Care & Miscellaneous
2007-04-01,13,0.8,0.2,2007,4,Personal Care & Miscellaneous
2007-05-01,13,-0.2,0.1,2007,5,Personal Care & Miscellaneous
2007-06-01,13,0.2,-0.1,2007,6,Personal Care & Miscellaneous
2007-07-01,13,0.4,0.1,2007,7,Personal Care & Miscellaneous
2007-08-01,13,0.4,0.1,2007,8,Personal Care & Miscellaneous
2007-09-01,13,0.8,0.3,2007,9,Personal Care & Miscellaneous
2007-10-01,13,1.6,0.2,2007,10,Personal Care & Miscellaneous
2007-11-01,13,2.1,0.9,2007,11,Personal Care & Miscellaneous
2007-12-01,13,2.0,0.0,2007,12,Personal Care & Miscellaneous
2008-01-01,13,3.0,0.9,2008,1,Personal Care & Miscellaneous
2008-02-01,13,3.3,0.5,2008,2,Personal Care & Miscellaneous
2008-03-01,13,3.8,0.4,2008,3,Personal Care & Miscellaneous
2008-04-01,13,3.3,-0.2,2008,4,Personal Care & Miscellaneous
2008-05-01,13,3.1,-0.1,2008,5,Personal Care & Miscellaneous
2008-06-01,13,3.6,0.4,2008,6,Personal Care & Miscellaneous
2008-07-01,13,4.2,0.6,2008,7,Personal Care & Miscellaneous
2008-08-01,13,3.9,-0.2,2008,8,Personal Care & Miscellaneous
2008-09-01,13,3.2,-0.3,2008,9,Personal Care & Miscellaneous
2008-10-01,13,4.2,1.2,2008,10,Personal Care & Miscellaneous
2008-11-01,13,2.4,-0.8,2008,11,Personal Care & Miscellaneous
2008-12-01,13,2.6,0.2,2008,12,Personal Care & Miscellaneous
2009-01-01,13,2.6,0.8,2009,1,Personal Care & Miscellaneous
2009-02-01,13,3.8,1.7,2009,2,Personal Care & Miscellaneous
2009-03-01,13,3.5,0.2,2009,3,Personal Care & Miscellaneous
2009-04-01,13,3.5,-0.2,2009,4,Personal Care & Miscellaneous
2009-05-01,13,3.5,-0.1,2009,5,Personal Care & Miscellaneous
2009-06-01,13,3.6,0.5,2009,6,Personal Care & Miscellaneous
2009-07-01,13,3.0,0.0,2009,7,Personal Care & Miscellaneous
2009-08-01,13,3.3,0.1,2009,8,Personal Care & Miscellaneous
2009-09-01,13,4.3,0.6,2009,9,Personal Care & Miscellaneous
2009-10-01,13,3.2,0.1,2009,10,Personal Care & Miscellaneous
2009-11-01,13,4.8,0.7,2009,11,Personal Care & Miscellaneous
2009-12-01,13,5.2,0.6,2009,12,Personal Care & Miscellaneous
2010-01-01,13,4.9,0.6,2010,1,Personal Care & Miscellaneous
2010-02-01,13,2.9,-0.3,2010,2,Personal Care & Miscellaneous
2010-03-01,13,2.7,0.0,2010,3,Personal Care & Miscellaneous
2010-04-01,13,2.8,-0.1,2010,4,Personal Care & Miscellaneous
2010-05-01,13,3.1,0.2,2010,5,Personal Care & Miscellaneous
2010-06-01,13,2.8,0.2,2010,6,Personal Care & Miscellaneous
2010-07-01,13,2.9,0.1,2010,7,Personal Care & Miscellaneous
2010-08-01,13,2.6,-0.2,2010,8,Personal Care & Miscellaneous
2010-09-01,13,2.3,0.4,2010,9,Personal Care & Miscellaneous
2010-10-01,13,2.6,0.3,2010,10,Personal Care & Miscellaneous
2010-11-01,13,2.0,0.2,2010,11,Personal Care & Miscellaneous
2010-12-01,13,1.5,0.1,2010,12,Personal Care & Miscellaneous
2011-01-01,13,1.2,0.3,2011,1,Personal Care & Miscellaneous
2011-02-01,13,1.4,-0.1,2011,2,Personal Care & Miscellaneous
2011-03-01,13,1.6,0.2,2011,3,Personal Care & Miscellaneous
2011-04-01,13,1.8,0.1,2011,4,Personal Care & Miscellaneous
2011-05-01,13,2.0,0.4,2011,5,Personal Care & Miscellaneous
2011-06-01,13,2.0,0.2,2011,6,Personal Care & Miscellaneous
2011-07-01,13,2.4,0.5,2011,7,Personal Care & Miscellaneous
2011-08-01,13,3.4,0.8,2011,8,Personal Care & Miscellaneous
2011-09-01,13,3.7,0.7,2011,9,Personal Care & Miscellaneous
2011-10-01,13,3.0,-0.4,2011,10,Personal Care & Miscellaneous
2011-11-01,13,3.2,0.4,2011,11,Personal Care & Miscellaneous
2011-12-01,13,3.1,0.0,2011,12,Personal Care & Miscellaneous
2012-01-01,13,2.7,-0.1,2012,1,Personal Care & Miscellaneous
2012-02-01,13,3.2,0.4,2012,2,Personal Care & Miscellaneous
2012-03-01,13,2.9,-0.1,2012,3,Personal Care & Miscellaneous
2012-04-01,13,2.6,-0.2,2012,4,Personal Care & Miscellaneous
2012-05-01,13,2.2,0.0,2012,5,Personal Care & Miscellaneous
2012-06-01,13,2.2,0.2,2012,6,Personal Care & Miscellaneous
2012-07-01,13,2.1,0.4,2012,7,Personal Care & Miscellaneous
2012-08-01,13,1.2,-0.1,2012,8,Personal Care & Miscellaneous
2012-09-01,13,1.0,0.5,2012,9,Personal Care & Miscellaneous
2012-10-01,13,1.4,0.1,2012,10,Personal Care & Miscellaneous
2012-11-01,13,1.2,0.1,2012,11,Personal Care & Miscellaneous
2012-12-01,13,1.0,-0.2,2012,12,Personal Care & Miscellaneous
2013-01-01,13,1.7,0.7,2013,1,Personal Care & Miscellaneous
2013-02-01,13,1.2,-0.2,2013,2,Personal Care & Miscellaneous
2013-03-01,13,1.2,-0.1,2013,3,Personal Care & Miscellaneous
2013-04-01,13,1.0,-0.4,2013,4,Personal Care & Miscellaneous
2013-05-01,13,0.4,-0.6,2013,5,Personal Care & Miscellaneous
2013-06-01,13,0.0,-0.2,2013,6,Personal Care & Miscellaneous
2013-07-01,13,-0.6,-0.2,2013,7,Personal Care & Miscellaneous
2013-08-01,13,0.3,0.8,2013,8,Personal Care & Miscellaneous
2013-09-01,13,0.0,0.2,2013,9,Personal Care & Miscellaneous
2013-10-01,13,-0.4,-0.3,2013,10,Personal Care & Miscellaneous
2013-11-01,13,-0.5,0.0,2013,11,Personal Care & Miscellaneous
2013-12-01,13,-0.6,-0.3,2013,12,Personal Care & Miscellaneous
2014-01-01,13,-1.1,0.1,2014,1,Personal Care & Miscellaneous
2014-02-01,13,-0.4,0.6,2014,2,Personal Care & Miscellaneous
2014-03-01,13,0.1,0.4,2014,3,Personal Care & Miscellaneous
2014-04-01,13,0.5,0.0,2014,4,Personal Care & Miscellaneous
2014-05-01,13,1.1,0.0,2014,5,Personal Care & Miscellaneous
2014-06-01,13,1.2,0.0,2014,6,Personal Care & Miscellaneous
2014-07-01,13,1.4,0.0,2014,7,Personal Care & Miscellaneous
2014-08-01,13,0.9,0.2,2014,8,Personal Care & Miscellaneous
2014-09-01,13,0.7,0.0,2014,9,Personal Care & Miscellaneous
2014-10-01,13,0.7,-0.3,2014,10,Personal Care & Miscellaneous
2014-11-01,13,0.9,0.2,2014,11,Personal Care & Miscellaneous
2014-12-01,13,1.4,0.3,2014,12,Personal Care & Miscellaneous
2015-01-01,13,1.7,0.4,2015,1,Personal Care & Miscellaneous
2015-02-01,13,1.6,0.5,2015,2,Personal Care & Miscellaneous
2015-03-01,13,1.5,0.3,2015,3,Personal Care & Miscellaneous
2015-04-01,13,4.1,2.5,2015,4,Personal Care & Miscellaneous
2015-05-01,13,4.4,0.3,2015,5,Personal Care & Miscellaneous
2015-06-01,13,4.6,0.2,2015,6,Personal Care & Miscellaneous
2015-07-01,13,4.7,0.2,2015,7,Personal Care & Miscellaneous
2015-08-01,13,4.5,0.0,2015,8,Personal Care & Miscellaneous
2015-09-01,13,5.6,1.0,2015,9,Personal Care & Miscellaneous
2015-10-01,13,5.8,-0.1,2015,10,Personal Care & Miscellaneous
2015-11-01,13,5.9,0.3,2015,11,Personal Care & Miscellaneous
2015-12-01,13,5.4,-0.2,2015,12,Personal Care & Miscellaneous
2016-01-01,13,5.5,0.4,2016,1,Personal Care & Miscellaneous
2016-02-01,13,5.2,0.3,2016,2,Personal Care & Miscellaneous
2016-03-01,13,5.1,0.2,2016,3,Personal Care & Miscellaneous
2016-04-01,13,2.6,0.0,2016,4,Personal Care & Miscellaneous
2016-05-01,13,2.5,0.2,2016,5,Personal Care & Miscellaneous
2016-06-01,13,2.3,0.0,2016,6,Personal Care & Miscellaneous
2016-07-01,13,2.4,0.4,2016,7,Personal Care & Miscellaneous
2016-08-01,13,2.5,0.1,2016,8,Personal Care & Miscellaneous
2016-09-01,13,1.5,0.0,2016,9,Personal Care & Miscellaneous
2016-10-01,13,1.5,-0.1,2016,10,Personal Care & Miscellaneous
2016-11-01,13,1.8,0.5,2016,11,Personal Care & Miscellaneous
2016-12-01,13,1.8,-0.2,2016,12,Personal Care & Miscellaneous
2017-01-01,13,1.4,0.1,2017,1,Personal Care & Miscellaneous
2017-02-01,13,1.4,0.3,2017,2,Personal Care & Miscellaneous
2017-03-01,13,1.3,0.1,2017,3,Personal Care & Miscellaneous
2017-04-01,13,1.5,0.2,2017,4,Personal Care & Miscellaneous
2017-05-01,13,1.3,0.0,2017,5,Personal Care & Miscellaneous
2017-06-01,13,1.2,-0.1,2017,6,Personal Care & Miscellaneous
2017-07-01,13,1.1,0.3,2017,7,Personal Care & Miscellaneous
2017-08-01,13,0.9,-0.2,2017,8,Personal Care & Miscellaneous
2017-09-01,13,1.1,0.2,2017,9,Personal Care & Miscellaneous
2017-10-01,13,1.2,0.1,2017,10,Personal Care & Miscellaneous
2017-11-01,13,0.7,0.0,2017,11,Personal Care & Miscellaneous
2017-12-01,13,0.7,-0.2,2017,12,Personal Care & Miscellaneous
2018-01-01,13,0.9,0.3,2018,1,Personal Care & Miscellaneous
2018-02-01,13,0.4,-0.3,2018,2,Personal Care & Miscellaneous
2018-03-01,13,0.4,0.2,2018,3,Personal Care & Miscellaneous
2018-04-01,13,0.4,0.1,2018,4,Personal Care & Miscellaneous
2018-05-01,13,0.4,0.1,2018,5,Personal Care & Miscellaneous
2018-06-01,13,-2.6,-3.1,2018,6,Personal Care & Miscellaneous
2018-07-01,13,-3.0,-0.1,2018,7,Personal Care & Miscellaneous
2018-08-01,13,-3.0,-0.2,2018,8,Personal Care & Miscellaneous
2018-09-01,13,-3.0,0.2,2018,9,Personal Care & Miscellaneous
2018-10-01,13,-2.8,0.3,2018,10,Personal Care & Miscellaneous
2018-11-01,13,-2.6,0.2,2018,11,Personal Care & Miscellaneous
2018-12-01,13,-2.4,0.0,2018,12,Personal Care & Miscellaneous
2019-01-01,13,-2.4,0.4,2019,1,Personal Care & Miscellaneous
2019-02-01,13,-2.2,-0.1,2019,2,Personal Care & Miscellaneous
2019-03-01,13,-2.0,0.4,2019,3,Personal Care & Miscellaneous
2019-04-01,13,-2.0,0.1,2019,4,Personal Care & Miscellaneous
2019-05-01,13,-2.1,0.0,2019,5,Personal Care & Miscellaneous
2019-06-01,13,1.4,0.3,2019,6,Personal Care & Miscellaneous
2019-07-01,13,1.8,0.4,2019,7,Personal Care & Miscellaneous
2019-08-01,13,2.5,0.5,2019,8,Personal Care & Miscellaneous
2019-09-01,13,2.7,0.4,2019,9,Personal Care & Miscellaneous
2019-10-01,13,2.2,-0.2,2019,10,Personal Care & Miscellaneous
2019-11-01,13,2.5,0.4,2019,11,Personal Care & Miscellaneous
2019-12-01,13,2.4,-0.1,2019,12,Personal Care & Miscellaneous
2020-01-01,13,2.5,0.4,2020,1,Personal Care & Miscellaneous
2020-02-01,13,2.5,-0.1,2020,2,Personal Care & Miscellaneous
2020-03-01,13,2.6,0.4,2020,3,Personal Care & Miscellaneous
2020-04-01,13,2.3,-0.2,2020,4,Personal Care & Miscellaneous
2020-05-01,13,2.8,0.5,2020,5,Personal Care & Miscellaneous
2020-06-01,13,3.0,0.4,2020,6,Personal Care & Miscellaneous
2020-07-01,13,2.9,0.3,2020,7,Personal Care & Miscellaneous
2020-08-01,13,3.1,0.7,2020,8,Personal Care & Miscellaneous
2020-09-01,13,2.7,0.0,2020,9,Personal Care & Miscellaneous
2020-10-01,13,2.8,-0.1,2020,10,Personal Care & Miscellaneous
2020-11-01,13,2.3,-0.1,2020,11,Personal Care & Miscellaneous
2020-12-01,13,2.2,-0.2,2020,12,Personal Care & Miscellaneous
2021-01-01,13,1.8,0.1,2021,1,Personal Care & Miscellaneous
2021-02-01,13,1.6,-0.3,2021,2,Personal Care & Miscellaneous
2021-03-01,13,1.0,-0.2,2021,3,Personal Care & Miscellaneous
2021-04-01,13,1.2,0.1,2021,4,Personal Care & Miscellaneous
2021-05-01,13,0.7,0.0,2021,5,Personal Care & Miscellaneous
2021-06-01,13,0.3,0.1,2021,6,Personal Care & Miscellaneous
2021-07-01,13,0.1,0.0,2021,7,Personal Care & Miscellaneous
2021-08-01,13,-0.6,0.0,2021,8,Personal Care & Miscellaneous
2021-09-01,13,-0.5,0.1,2021,9,Personal Care & Miscellaneous
2021-10-01,13,-0.2,0.3,2021,10,Personal Care & Miscellaneous
2021-11-01,13,0.1,0.2,2021,11,Personal Care & Miscellaneous
2021-12-01,13,0.4,0.2,2021,12,Personal Care & Miscellaneous
2022-01-01,13,0.6,0.3,2022,1,Personal Care & Miscellaneous
2022-02-01,13,1.1,0.2,2022,2,Personal Care & Miscellaneous
2022-03-01,13,1.9,0.6,2022,3,Personal Care & Miscellaneous
2022-04-01,13,1.8,0.0,2022,4,Personal Care & Miscellaneous
2022-05-01,13,1.9,0.1,2022,5,Personal Care & Miscellaneous
2022-06-01,13,2.2,0.4,2022,6,Personal Care & Miscellaneous
2022-07-01,13,2.1,-0.1,2022,7,Personal Care & Miscellaneous
2022-08-01,13,2.4,0.3,2022,8,Personal Care & Miscellaneous
2022-09-01,13,2.4,0.1,2022,9,Personal Care & Miscellaneous
2022-10-01,13,2.4,0.3,2022,10,Personal Care & Miscellaneous
2022-11-01,13,2.6,0.3,2022,11,Personal Care & Miscellaneous
2022-12-01,13,2.3,-0.1,2022,12,Personal Care & Miscellaneous
2023-01-01,13,2.3,0.3,2023,1,Personal Care & Miscellaneous
2023-02-01,13,2.5,0.3,2023,2,Personal Care & Miscellaneous
2023-03-01,13,2.1,0.2,2023,3,Personal Care & Miscellaneous
2023-04-01,13,2.5,0.4,2023,4,Personal Care & Miscellaneous
2023-05-01,13,2.9,0.4,2023,5,Personal Care & Miscellaneous
2023-06-01,13,2.6,0.2,2023,6,Personal Care & Miscellaneous
2023-07-01,13,2.6,-0.1,2023,7,Personal Care & Miscellaneous
2023-08-01,13,2.4,0.1,2023,8,Personal Care & Miscellaneous
2023-09-01,13,2.5,0.2,2023,9,Personal Care & Miscellaneous
2023-10-01,13,2.3,0.0,2023,10,Personal Care & Miscellaneous
2023-11-01,13,2.3,0.4,2023,11,Personal Care & Miscellaneous
2023-12-01,13,2.7,0.2,2023,12,Personal Care & Miscellaneous
2024-01-01,13,2.5,0.1,2024,1,Personal Care & Miscellaneous
2024-02-01,13,2.5,0.3,2024,2,Personal Care & Miscellaneous
2024-03-01,13,2.6,0.4,2024,3,Personal Care & Miscellaneous
2024-04-01,13,3.1,0.9,2024,4,Personal Care & Miscellaneous
2024-05-01,13,3.0,0.3,2024,5,Personal Care & Miscellaneous
2024-06-01,13,2.8,-0.1,2024,6,Personal Care & Miscellaneous
2024-07-01,13,3.2,0.3,2024,7,Personal Care & Miscellaneous
2024-08-01,13,3.2,0.1,2024,8,Personal Care & Miscellaneous
2024-09-01,13,3.1,0.1,2024,9,Personal Care & Miscellaneous
2024-10-01,13,3.4,0.2,2024,10,Personal Care & Miscellaneous
2024-11-01,13,3.4,0.5,2024,11,Personal Care & Miscellaneous
2024-12-01,13,3.2,0.0,2024,12,Personal Care & Miscellaneous
2025-01-01,13,3.3,0.2,2025,1,Personal Care & Miscellaneous
2025-02-01,13,3.7,0.7,2025,2,Personal Care & Miscellaneous
2025-03-01,13,3.6,0.3,2025,3,Personal Care & Miscellaneous
2025-04-01,13,4.1,1.3,2025,4,Personal Care & Miscellaneous
2025-05-01,13,3.7,0.0,2025,5,Personal Care & Miscellaneous
2025-06-01,13,4.2,0.4,2025,6,Personal Care & Miscellaneous
2025-07-01,13,3.9,0.0,2025,7,Personal Care & Miscellaneous
2025-08-01,13,4.0,0.2,2025,8,Personal Care & Miscellaneous
2025-09-01,13,4.8,0.8,2025,9,Personal Care & Miscellaneous
2025-10-01,13,6.0,1.4,2025,10,Personal Care & Miscellaneous
2025-11-01,13,5.6,0.1,2025,11,Personal Care & Miscellaneous
2025-12-01,13,5.7,0.1,2025,12,Personal Care & Miscellaneous
2026-01-01,13,6.6,1.0,2026,1,Personal Care & Miscellaneous
2026-02-01,13,6.9,1.0,2026,2,Personal Care & Miscellaneous
2026-03-01,13,7.0,0.4,2026,3,Personal Care & Miscellaneous
2026-04-01,13,4.8,-0.7,2026,4,Personal Care & Miscellaneous
1980-02-01,overall,,0.5,1980,2,Overall CPI
1980-03-01,overall,,0.0,1980,3,Overall CPI
1980-04-01,overall,,-0.5,1980,4,Overall CPI
1980-05-01,overall,,1.0,1980,5,Overall CPI
1980-06-01,overall,,1.0,1980,6,Overall CPI
1980-07-01,overall,,0.7,1980,7,Overall CPI
1980-08-01,overall,,1.0,1980,8,Overall CPI
1980-09-01,overall,,-0.2,1980,9,Overall CPI
1980-10-01,overall,,0.5,1980,10,Overall CPI
1980-11-01,overall,,1.4,1980,11,Overall CPI
1980-12-01,overall,,0.7,1980,12,Overall CPI
1981-01-01,overall,8.2,1.9,1981,1,Overall CPI
1981-02-01,overall,8.9,1.1,1981,2,Overall CPI
1981-03-01,overall,9.9,0.9,1981,3,Overall CPI
1981-04-01,overall,10.9,0.5,1981,4,Overall CPI
1981-05-01,overall,10.3,0.4,1981,5,Overall CPI
1981-06-01,overall,10.0,0.7,1981,6,Overall CPI
1981-07-01,overall,10.2,0.9,1981,7,Overall CPI
1981-08-01,overall,9.8,0.7,1981,8,Overall CPI
1981-09-01,overall,10.6,0.4,1981,9,Overall CPI
1981-10-01,overall,10.0,0.0,1981,10,Overall CPI
1981-11-01,overall,8.7,0.2,1981,11,Overall CPI
1981-12-01,overall,8.4,0.4,1981,12,Overall CPI
1982-01-01,overall,7.6,1.1,1982,1,Overall CPI
1982-02-01,overall,7.0,0.6,1982,2,Overall CPI
1982-03-01,overall,6.3,0.2,1982,3,Overall CPI
1982-04-01,overall,6.3,0.4,1982,4,Overall CPI
1982-05-01,overall,6.0,0.2,1982,5,Overall CPI
1982-06-01,overall,5.8,0.4,1982,6,Overall CPI
1982-07-01,overall,5.5,0.6,1982,7,Overall CPI
1982-08-01,overall,5.0,0.2,1982,8,Overall CPI
1982-09-01,overall,4.6,0.0,1982,9,Overall CPI
1982-10-01,overall,4.3,-0.2,1982,10,Overall CPI
1982-11-01,overall,5.2,1.0,1982,11,Overall CPI
1982-12-01,overall,5.2,0.4,1982,12,Overall CPI
1983-01-01,overall,5.1,1.0,1983,1,Overall CPI
1983-02-01,overall,4.0,-0.4,1983,2,Overall CPI
1983-03-01,overall,4.0,0.2,1983,3,Overall CPI
1983-04-01,overall,3.6,0.0,1983,4,Overall CPI
1983-05-01,overall,4.0,0.6,1983,5,Overall CPI
1983-06-01,overall,3.8,0.2,1983,6,Overall CPI
1983-07-01,overall,3.3,0.2,1983,7,Overall CPI
1983-08-01,overall,3.1,0.0,1983,8,Overall CPI
1983-09-01,overall,3.5,0.4,1983,9,Overall CPI
1983-10-01,overall,4.0,0.2,1983,10,Overall CPI
1983-11-01,overall,3.1,0.2,1983,11,Overall CPI
1983-12-01,overall,3.3,0.6,1983,12,Overall CPI
1984-01-01,overall,4.1,1.8,1984,1,Overall CPI
1984-02-01,overall,5.7,1.2,1984,2,Overall CPI
1984-03-01,overall,4.1,-1.4,1984,3,Overall CPI
1984-04-01,overall,4.1,0.0,1984,4,Overall CPI
1984-05-01,overall,3.4,0.0,1984,5,Overall CPI
1984-06-01,overall,3.2,0.0,1984,6,Overall CPI
1984-07-01,overall,3.8,0.8,1984,7,Overall CPI
1984-08-01,overall,3.8,0.0,1984,8,Overall CPI
1984-09-01,overall,3.4,0.0,1984,9,Overall CPI
1984-10-01,overall,3.0,-0.2,1984,10,Overall CPI
1984-11-01,overall,2.2,-0.6,1984,11,Overall CPI
1984-12-01,overall,1.6,0.0,1984,12,Overall CPI
1985-01-01,overall,0.0,0.2,1985,1,Overall CPI
1985-02-01,overall,-1.0,0.2,1985,2,Overall CPI
1985-03-01,overall,0.8,0.4,1985,3,Overall CPI
1985-04-01,overall,0.4,-0.4,1985,4,Overall CPI
1985-05-01,overall,0.6,0.2,1985,5,Overall CPI
1985-06-01,overall,0.8,0.2,1985,6,Overall CPI
1985-07-01,overall,0.6,0.6,1985,7,Overall CPI
1985-08-01,overall,0.8,0.2,1985,8,Overall CPI
1985-09-01,overall,0.2,-0.6,1985,9,Overall CPI
1985-10-01,overall,0.2,-0.2,1985,10,Overall CPI
1985-11-01,overall,0.8,0.0,1985,11,Overall CPI
1985-12-01,overall,1.0,0.2,1985,12,Overall CPI
1986-01-01,overall,1.2,0.4,1986,1,Overall CPI
1986-02-01,overall,1.2,0.2,1986,2,Overall CPI
1986-03-01,overall,0.6,-0.2,1986,3,Overall CPI
1986-04-01,overall,0.4,-0.6,1986,4,Overall CPI
1986-05-01,overall,0.6,0.4,1986,5,Overall CPI
1986-06-01,overall,0.2,-0.2,1986,6,Overall CPI
1986-07-01,overall,-0.2,0.2,1986,7,Overall CPI
1986-08-01,overall,-0.6,-0.2,1986,8,Overall CPI
1986-09-01,overall,0.4,0.4,1986,9,Overall CPI
1986-10-01,overall,0.6,0.0,1986,10,Overall CPI
1986-11-01,overall,1.2,0.6,1986,11,Overall CPI
1986-12-01,overall,1.2,0.2,1986,12,Overall CPI
1987-01-01,overall,0.6,-0.2,1987,1,Overall CPI
1987-02-01,overall,0.4,0.0,1987,2,Overall CPI
1987-03-01,overall,0.0,-0.6,1987,3,Overall CPI
1987-04-01,overall,1.2,0.6,1987,4,Overall CPI
1987-05-01,overall,1.0,0.2,1987,5,Overall CPI
1987-06-01,overall,1.4,0.2,1987,6,Overall CPI
1987-07-01,overall,1.0,-0.2,1987,7,Overall CPI
1987-08-01,overall,1.4,0.2,1987,8,Overall CPI
1987-09-01,overall,1.0,0.0,1987,9,Overall CPI
1987-10-01,overall,1.2,0.2,1987,10,Overall CPI
1987-11-01,overall,0.8,0.2,1987,11,Overall CPI
1987-12-01,overall,1.0,0.4,1987,12,Overall CPI
1988-01-01,overall,1.3,0.2,1988,1,Overall CPI
1988-02-01,overall,1.5,0.2,1988,2,Overall CPI
1988-03-01,overall,2.3,0.2,1988,3,Overall CPI
1988-04-01,overall,1.7,0.0,1988,4,Overall CPI
1988-05-01,overall,1.5,0.0,1988,5,Overall CPI
1988-06-01,overall,2.3,0.9,1988,6,Overall CPI
1988-07-01,overall,3.1,0.6,1988,7,Overall CPI
1988-08-01,overall,3.1,0.2,1988,8,Overall CPI
1988-09-01,overall,3.3,0.2,1988,9,Overall CPI
1988-10-01,overall,2.9,-0.2,1988,10,Overall CPI
1988-11-01,overall,3.2,0.6,1988,11,Overall CPI
1988-12-01,overall,3.6,0.7,1988,12,Overall CPI
1989-01-01,overall,3.4,0.0,1989,1,Overall CPI
1989-02-01,overall,3.2,0.0,1989,2,Overall CPI
1989-03-01,overall,3.0,0.0,1989,3,Overall CPI
1989-04-01,overall,3.2,0.2,1989,4,Overall CPI
1989-05-01,overall,3.6,0.4,1989,5,Overall CPI
1989-06-01,overall,2.6,0.0,1989,6,Overall CPI
1989-07-01,overall,2.4,0.4,1989,7,Overall CPI
1989-08-01,overall,2.4,0.2,1989,8,Overall CPI
1989-09-01,overall,2.6,0.4,1989,9,Overall CPI
1989-10-01,overall,2.8,0.0,1989,10,Overall CPI
1989-11-01,overall,2.6,0.4,1989,11,Overall CPI
1989-12-01,overall,2.0,0.2,1989,12,Overall CPI
1990-01-01,overall,2.7,0.7,1990,1,Overall CPI
1990-02-01,overall,3.3,0.5,1990,2,Overall CPI
1990-03-01,overall,3.1,-0.2,1990,3,Overall CPI
1990-04-01,overall,3.3,0.4,1990,4,Overall CPI
1990-05-01,overall,3.5,0.5,1990,5,Overall CPI
1990-06-01,overall,3.3,-0.2,1990,6,Overall CPI
1990-07-01,overall,2.5,-0.4,1990,7,Overall CPI
1990-08-01,overall,2.4,0.0,1990,8,Overall CPI
1990-09-01,overall,2.5,0.5,1990,9,Overall CPI
1990-10-01,overall,3.2,0.7,1990,10,Overall CPI
1990-11-01,overall,3.4,0.5,1990,11,Overall CPI
1990-12-01,overall,3.8,0.5,1990,12,Overall CPI
1991-01-01,overall,3.6,0.5,1991,1,Overall CPI
1991-02-01,overall,3.4,0.3,1991,2,Overall CPI
1991-03-01,overall,3.7,0.2,1991,3,Overall CPI
1991-04-01,overall,4.2,0.9,1991,4,Overall CPI
1991-05-01,overall,4.0,0.3,1991,5,Overall CPI
1991-06-01,overall,5.1,0.8,1991,6,Overall CPI
1991-07-01,overall,5.0,-0.5,1991,7,Overall CPI
1991-08-01,overall,5.3,0.3,1991,8,Overall CPI
1991-09-01,overall,4.6,-0.2,1991,9,Overall CPI
1991-10-01,overall,4.2,0.3,1991,10,Overall CPI
1991-11-01,overall,4.2,0.5,1991,11,Overall CPI
1991-12-01,overall,4.5,0.8,1991,12,Overall CPI
1992-01-01,overall,4.3,0.3,1992,1,Overall CPI
1992-02-01,overall,4.5,0.5,1992,2,Overall CPI
1992-03-01,overall,4.6,0.3,1992,3,Overall CPI
1992-04-01,overall,4.4,0.7,1992,4,Overall CPI
1992-05-01,overall,5.1,1.0,1992,5,Overall CPI
1992-06-01,overall,4.4,0.2,1992,6,Overall CPI
1992-07-01,overall,5.1,0.2,1992,7,Overall CPI
1992-08-01,overall,5.0,0.3,1992,8,Overall CPI
1992-09-01,overall,5.2,0.0,1992,9,Overall CPI
1992-10-01,overall,4.7,-0.2,1992,10,Overall CPI
1992-11-01,overall,5.3,1.1,1992,11,Overall CPI
1992-12-01,overall,4.6,0.2,1992,12,Overall CPI
1993-01-01,overall,4.5,0.2,1993,1,Overall CPI
1993-02-01,overall,4.3,0.3,1993,2,Overall CPI
1993-03-01,overall,4.1,0.2,1993,3,Overall CPI
1993-04-01,overall,3.9,0.5,1993,4,Overall CPI
1993-05-01,overall,3.1,0.2,1993,5,Overall CPI
1993-06-01,overall,3.2,0.3,1993,6,Overall CPI
1993-07-01,overall,3.7,0.6,1993,7,Overall CPI
1993-08-01,overall,2.9,-0.5,1993,8,Overall CPI
1993-09-01,overall,3.0,0.2,1993,9,Overall CPI
1993-10-01,overall,3.5,0.3,1993,10,Overall CPI
1993-11-01,overall,3.0,0.6,1993,11,Overall CPI
1993-12-01,overall,3.5,0.6,1993,12,Overall CPI
1994-01-01,overall,3.8,0.5,1994,1,Overall CPI
1994-02-01,overall,4.4,0.9,1994,2,Overall CPI
1994-03-01,overall,3.9,-0.3,1994,3,Overall CPI
1994-04-01,overall,3.4,0.0,1994,4,Overall CPI
1994-05-01,overall,3.4,0.2,1994,5,Overall CPI
1994-06-01,overall,3.0,-0.2,1994,6,Overall CPI
1994-07-01,overall,3.1,0.8,1994,7,Overall CPI
1994-08-01,overall,3.7,0.2,1994,8,Overall CPI
1994-09-01,overall,4.0,0.4,1994,9,Overall CPI
1994-10-01,overall,3.9,0.1,1994,10,Overall CPI
1994-11-01,overall,3.8,0.6,1994,11,Overall CPI
1994-12-01,overall,3.5,0.3,1994,12,Overall CPI
1995-01-01,overall,3.5,0.4,1995,1,Overall CPI
1995-02-01,overall,3.2,0.6,1995,2,Overall CPI
1995-03-01,overall,3.3,-0.1,1995,3,Overall CPI
1995-04-01,overall,3.3,0.0,1995,4,Overall CPI
1995-05-01,overall,3.9,0.7,1995,5,Overall CPI
1995-06-01,overall,4.1,0.0,1995,6,Overall CPI
1995-07-01,overall,3.5,0.1,1995,7,Overall CPI
1995-08-01,overall,3.4,0.1,1995,8,Overall CPI
1995-09-01,overall,3.4,0.4,1995,9,Overall CPI
1995-10-01,overall,3.4,0.1,1995,10,Overall CPI
1995-11-01,overall,3.3,0.4,1995,11,Overall CPI
1995-12-01,overall,3.2,0.3,1995,12,Overall CPI
1996-01-01,overall,3.4,0.6,1996,1,Overall CPI
1996-02-01,overall,3.5,0.7,1996,2,Overall CPI
1996-03-01,overall,3.2,-0.4,1996,3,Overall CPI
1996-04-01,overall,3.8,0.6,1996,4,Overall CPI
1996-05-01,overall,3.5,0.4,1996,5,Overall CPI
1996-06-01,overall,3.6,0.1,1996,6,Overall CPI
1996-07-01,overall,3.8,0.3,1996,7,Overall CPI
1996-08-01,overall,3.6,0.0,1996,8,Overall CPI
1996-09-01,overall,3.6,0.4,1996,9,Overall CPI
1996-10-01,overall,3.5,0.0,1996,10,Overall CPI
1996-11-01,overall,3.3,0.3,1996,11,Overall CPI
1996-12-01,overall,3.3,0.3,1996,12,Overall CPI
1997-01-01,overall,3.1,0.4,1997,1,Overall CPI
1997-02-01,overall,3.0,0.6,1997,2,Overall CPI
1997-03-01,overall,3.3,-0.1,1997,3,Overall CPI
1997-04-01,overall,2.5,-0.1,1997,4,Overall CPI
1997-05-01,overall,2.5,0.4,1997,5,Overall CPI
1997-06-01,overall,2.2,-0.1,1997,6,Overall CPI
1997-07-01,overall,2.1,0.1,1997,7,Overall CPI
1997-08-01,overall,2.4,0.3,1997,8,Overall CPI
1997-09-01,overall,2.2,0.3,1997,9,Overall CPI
1997-10-01,overall,2.6,0.4,1997,10,Overall CPI
1997-11-01,overall,2.6,0.3,1997,11,Overall CPI
1997-12-01,overall,2.9,0.5,1997,12,Overall CPI
1998-01-01,overall,3.4,0.9,1998,1,Overall CPI
1998-02-01,overall,4.4,1.5,1998,2,Overall CPI
1998-03-01,overall,5.2,0.7,1998,3,Overall CPI
1998-04-01,overall,5.5,0.1,1998,4,Overall CPI
1998-05-01,overall,5.3,0.3,1998,5,Overall CPI
1998-06-01,overall,6.3,0.8,1998,6,Overall CPI
1998-07-01,overall,5.9,-0.3,1998,7,Overall CPI
1998-08-01,overall,5.7,0.1,1998,8,Overall CPI
1998-09-01,overall,5.6,0.1,1998,9,Overall CPI
1998-10-01,overall,5.2,0.0,1998,10,Overall CPI
1998-11-01,overall,5.7,0.8,1998,11,Overall CPI
1998-12-01,overall,5.2,0.1,1998,12,Overall CPI
1999-01-01,overall,5.2,0.9,1999,1,Overall CPI
1999-02-01,overall,3.8,0.1,1999,2,Overall CPI
1999-03-01,overall,3.0,-0.1,1999,3,Overall CPI
1999-04-01,overall,2.9,0.0,1999,4,Overall CPI
1999-05-01,overall,3.0,0.4,1999,5,Overall CPI
1999-06-01,overall,2.1,-0.1,1999,6,Overall CPI
1999-07-01,overall,2.5,0.1,1999,7,Overall CPI
1999-08-01,overall,2.2,-0.1,1999,8,Overall CPI
1999-09-01,overall,2.1,0.0,1999,9,Overall CPI
1999-10-01,overall,2.1,0.0,1999,10,Overall CPI
1999-11-01,overall,1.5,0.3,1999,11,Overall CPI
1999-12-01,overall,2.6,1.1,1999,12,Overall CPI
2000-01-01,overall,1.6,0.0,2000,1,Overall CPI
2000-02-01,overall,1.6,0.1,2000,2,Overall CPI
2000-03-01,overall,1.6,-0.1,2000,3,Overall CPI
2000-04-01,overall,1.6,0.0,2000,4,Overall CPI
2000-05-01,overall,1.4,0.1,2000,5,Overall CPI
2000-06-01,overall,1.5,0.0,2000,6,Overall CPI
2000-07-01,overall,1.5,0.1,2000,7,Overall CPI
2000-08-01,overall,1.6,0.0,2000,8,Overall CPI
2000-09-01,overall,1.6,0.0,2000,9,Overall CPI
2000-10-01,overall,1.9,0.2,2000,10,Overall CPI
2000-11-01,overall,1.9,0.2,2000,11,Overall CPI
2000-12-01,overall,1.1,0.4,2000,12,Overall CPI
2001-01-01,overall,1.5,0.4,2001,1,Overall CPI
2001-02-01,overall,1.5,0.1,2001,2,Overall CPI
2001-03-01,overall,1.5,-0.1,2001,3,Overall CPI
2001-04-01,overall,1.6,0.1,2001,4,Overall CPI
2001-05-01,overall,1.5,0.0,2001,5,Overall CPI
2001-06-01,overall,1.5,0.0,2001,6,Overall CPI
2001-07-01,overall,1.4,0.0,2001,7,Overall CPI
2001-08-01,overall,1.2,-0.1,2001,8,Overall CPI
2001-09-01,overall,1.4,0.1,2001,9,Overall CPI
2001-10-01,overall,1.0,-0.1,2001,10,Overall CPI
2001-11-01,overall,1.5,0.7,2001,11,Overall CPI
2001-12-01,overall,1.2,0.1,2001,12,Overall CPI
2002-01-01,overall,1.1,0.2,2002,1,Overall CPI
2002-02-01,overall,1.2,0.2,2002,2,Overall CPI
2002-03-01,overall,2.1,0.7,2002,3,Overall CPI
2002-04-01,overall,1.8,-0.1,2002,4,Overall CPI
2002-05-01,overall,2.0,0.1,2002,5,Overall CPI
2002-06-01,overall,2.1,0.1,2002,6,Overall CPI
2002-07-01,overall,2.1,0.0,2002,7,Overall CPI
2002-08-01,overall,2.1,-0.1,2002,8,Overall CPI
2002-09-01,overall,2.1,0.1,2002,9,Overall CPI
2002-10-01,overall,2.1,-0.1,2002,10,Overall CPI
2002-11-01,overall,1.6,0.2,2002,11,Overall CPI
2002-12-01,overall,1.6,0.1,2002,12,Overall CPI
2003-01-01,overall,3.9,2.5,2003,1,Overall CPI
2003-02-01,overall,3.8,0.1,2003,2,Overall CPI
2003-03-01,overall,2.5,-0.5,2003,3,Overall CPI
2003-04-01,overall,2.7,0.0,2003,4,Overall CPI
2003-05-01,overall,1.6,-0.9,2003,5,Overall CPI
2003-06-01,overall,1.1,-0.4,2003,6,Overall CPI
2003-07-01,overall,1.0,-0.1,2003,7,Overall CPI
2003-08-01,overall,0.0,-1.1,2003,8,Overall CPI
2003-09-01,overall,-0.1,0.0,2003,9,Overall CPI
2003-10-01,overall,-0.5,-0.5,2003,10,Overall CPI
2003-11-01,overall,-1.2,-0.5,2003,11,Overall CPI
2003-12-01,overall,-1.8,-0.5,2003,12,Overall CPI
2004-01-01,overall,-0.5,3.9,2004,1,Overall CPI
2004-02-01,overall,-0.5,0.1,2004,2,Overall CPI
2004-03-01,overall,-0.2,-0.2,2004,3,Overall CPI
2004-04-01,overall,0.0,0.2,2004,4,Overall CPI
2004-05-01,overall,0.9,0.0,2004,5,Overall CPI
2004-06-01,overall,1.2,-0.1,2004,6,Overall CPI
2004-07-01,overall,1.3,0.0,2004,7,Overall CPI
2004-08-01,overall,2.0,-0.4,2004,8,Overall CPI
2004-09-01,overall,2.4,0.4,2004,9,Overall CPI
2004-10-01,overall,3.3,0.4,2004,10,Overall CPI
2004-11-01,overall,3.6,-0.1,2004,11,Overall CPI
2004-12-01,overall,3.9,-0.2,2004,12,Overall CPI
2005-01-01,overall,1.6,1.6,2005,1,Overall CPI
2005-02-01,overall,1.6,0.1,2005,2,Overall CPI
2005-03-01,overall,1.9,0.0,2005,3,Overall CPI
2005-04-01,overall,1.9,0.2,2005,4,Overall CPI
2005-05-01,overall,2.7,0.8,2005,5,Overall CPI
2005-06-01,overall,2.9,0.1,2005,6,Overall CPI
2005-07-01,overall,2.9,0.0,2005,7,Overall CPI
2005-08-01,overall,4.0,0.7,2005,8,Overall CPI
2005-09-01,overall,3.9,0.2,2005,9,Overall CPI
2005-10-01,overall,3.7,0.2,2005,10,Overall CPI
2005-11-01,overall,4.2,0.3,2005,11,Overall CPI
2005-12-01,overall,4.6,0.1,2005,12,Overall CPI
2006-01-01,overall,3.2,0.3,2006,1,Overall CPI
2006-02-01,overall,3.2,0.1,2006,2,Overall CPI
2006-03-01,overall,4.7,1.5,2006,3,Overall CPI
2006-04-01,overall,4.5,0.0,2006,4,Overall CPI
2006-05-01,overall,3.9,0.2,2006,5,Overall CPI
2006-06-01,overall,4.0,0.2,2006,6,Overall CPI
2006-07-01,overall,4.1,0.1,2006,7,Overall CPI
2006-08-01,overall,3.3,-0.1,2006,8,Overall CPI
2006-09-01,overall,3.3,0.2,2006,9,Overall CPI
2006-10-01,overall,3.0,0.0,2006,10,Overall CPI
2006-11-01,overall,3.0,0.3,2006,11,Overall CPI
2006-12-01,overall,3.1,0.2,2006,12,Overall CPI
2007-01-01,overall,3.2,0.4,2007,1,Overall CPI
2007-02-01,overall,3.1,0.0,2007,2,Overall CPI
2007-03-01,overall,1.5,-0.1,2007,3,Overall CPI
2007-04-01,overall,1.5,0.0,2007,4,Overall CPI
2007-05-01,overall,1.4,0.1,2007,5,Overall CPI
2007-06-01,overall,1.4,0.2,2007,6,Overall CPI
2007-07-01,overall,1.6,0.3,2007,7,Overall CPI
2007-08-01,overall,2.0,0.2,2007,8,Overall CPI
2007-09-01,overall,1.9,0.1,2007,9,Overall CPI
2007-10-01,overall,2.0,0.1,2007,10,Overall CPI
2007-11-01,overall,2.3,0.6,2007,11,Overall CPI
2007-12-01,overall,2.3,0.2,2007,12,Overall CPI
2008-01-01,overall,2.3,0.4,2008,1,Overall CPI
2008-02-01,overall,2.6,0.3,2008,2,Overall CPI
2008-03-01,overall,2.7,0.0,2008,3,Overall CPI
2008-04-01,overall,3.0,0.3,2008,4,Overall CPI
2008-05-01,overall,3.8,0.8,2008,5,Overall CPI
2008-06-01,overall,7.7,4.0,2008,6,Overall CPI
2008-07-01,overall,8.5,1.1,2008,7,Overall CPI
2008-08-01,overall,8.5,0.2,2008,8,Overall CPI
2008-09-01,overall,8.2,-0.2,2008,9,Overall CPI
2008-10-01,overall,7.6,-0.4,2008,10,Overall CPI
2008-11-01,overall,5.7,-1.2,2008,11,Overall CPI
2008-12-01,overall,4.5,-0.9,2008,12,Overall CPI
2009-01-01,overall,3.9,-0.1,2009,1,Overall CPI
2009-02-01,overall,3.8,0.2,2009,2,Overall CPI
2009-03-01,overall,3.6,-0.2,2009,3,Overall CPI
2009-04-01,overall,3.1,-0.2,2009,4,Overall CPI
2009-05-01,overall,2.4,0.2,2009,5,Overall CPI
2009-06-01,overall,-1.4,0.1,2009,6,Overall CPI
2009-07-01,overall,-2.4,0.1,2009,7,Overall CPI
2009-08-01,overall,-2.5,0.1,2009,8,Overall CPI
2009-09-01,overall,-2.0,0.3,2009,9,Overall CPI
2009-10-01,overall,-1.5,0.1,2009,10,Overall CPI
2009-11-01,overall,-0.1,0.2,2009,11,Overall CPI
2009-12-01,overall,1.0,0.2,2009,12,Overall CPI
2010-01-01,overall,1.4,0.3,2010,1,Overall CPI
2010-02-01,overall,1.2,0.0,2010,2,Overall CPI
2010-03-01,overall,1.4,0.0,2010,3,Overall CPI
2010-04-01,overall,1.6,0.0,2010,4,Overall CPI
2010-05-01,overall,1.6,0.2,2010,5,Overall CPI
2010-06-01,overall,1.6,0.1,2010,6,Overall CPI
2010-07-01,overall,1.8,0.3,2010,7,Overall CPI
2010-08-01,overall,2.0,0.3,2010,8,Overall CPI
2010-09-01,overall,1.8,0.1,2010,9,Overall CPI
2010-10-01,overall,1.9,0.2,2010,10,Overall CPI
2010-11-01,overall,1.9,0.2,2010,11,Overall CPI
2010-12-01,overall,2.1,0.4,2010,12,Overall CPI
2011-01-01,overall,2.4,0.6,2011,1,Overall CPI
2011-02-01,overall,2.9,0.5,2011,2,Overall CPI
2011-03-01,overall,3.0,0.1,2011,3,Overall CPI
2011-04-01,overall,3.2,0.2,2011,4,Overall CPI
2011-05-01,overall,3.3,0.3,2011,5,Overall CPI
2011-06-01,overall,3.5,0.3,2011,6,Overall CPI
2011-07-01,overall,3.4,0.2,2011,7,Overall CPI
2011-08-01,overall,3.3,0.2,2011,8,Overall CPI
2011-09-01,overall,3.5,0.3,2011,9,Overall CPI
2011-10-01,overall,3.4,0.1,2011,10,Overall CPI
2011-11-01,overall,3.3,0.1,2011,11,Overall CPI
2011-12-01,overall,3.0,0.1,2011,12,Overall CPI
2012-01-01,overall,2.7,0.3,2012,1,Overall CPI
2012-02-01,overall,2.2,0.0,2012,2,Overall CPI
2012-03-01,overall,2.1,0.0,2012,3,Overall CPI
2012-04-01,overall,1.9,0.0,2012,4,Overall CPI
2012-05-01,overall,1.7,0.2,2012,5,Overall CPI
2012-06-01,overall,1.6,0.1,2012,6,Overall CPI
2012-07-01,overall,1.4,0.0,2012,7,Overall CPI
2012-08-01,overall,1.4,0.2,2012,8,Overall CPI
2012-09-01,overall,1.3,0.2,2012,9,Overall CPI
2012-10-01,overall,1.3,0.2,2012,10,Overall CPI
2012-11-01,overall,1.3,0.1,2012,11,Overall CPI
2012-12-01,overall,1.2,0.0,2012,12,Overall CPI
2013-01-01,overall,1.3,0.4,2013,1,Overall CPI
2013-02-01,overall,1.5,0.2,2013,2,Overall CPI
2013-03-01,overall,1.6,0.1,2013,3,Overall CPI
2013-04-01,overall,1.7,0.1,2013,4,Overall CPI
2013-05-01,overall,1.8,0.3,2013,5,Overall CPI
2013-06-01,overall,1.8,0.1,2013,6,Overall CPI
2013-07-01,overall,2.0,0.2,2013,7,Overall CPI
2013-08-01,overall,1.9,0.1,2013,8,Overall CPI
2013-09-01,overall,2.6,0.8,2013,9,Overall CPI
2013-10-01,overall,2.8,0.4,2013,10,Overall CPI
2013-11-01,overall,2.9,0.3,2013,11,Overall CPI
2013-12-01,overall,3.2,0.3,2013,12,Overall CPI
2014-01-01,overall,3.4,0.6,2014,1,Overall CPI
2014-02-01,overall,3.5,0.3,2014,2,Overall CPI
2014-03-01,overall,3.5,0.1,2014,3,Overall CPI
2014-04-01,overall,3.4,0.0,2014,4,Overall CPI
2014-05-01,overall,3.2,0.1,2014,5,Overall CPI
2014-06-01,overall,3.3,0.2,2014,6,Overall CPI
2014-07-01,overall,3.2,0.1,2014,7,Overall CPI
2014-08-01,overall,3.3,0.2,2014,8,Overall CPI
2014-09-01,overall,2.6,0.2,2014,9,Overall CPI
2014-10-01,overall,2.8,0.5,2014,10,Overall CPI
2014-11-01,overall,3.0,0.5,2014,11,Overall CPI
2014-12-01,overall,2.7,-0.1,2014,12,Overall CPI
2015-01-01,overall,1.0,-1.1,2015,1,Overall CPI
2015-02-01,overall,0.1,-0.6,2015,2,Overall CPI
2015-03-01,overall,0.9,0.9,2015,3,Overall CPI
2015-04-01,overall,1.8,0.9,2015,4,Overall CPI
2015-05-01,overall,2.1,0.4,2015,5,Overall CPI
2015-06-01,overall,2.5,0.6,2015,6,Overall CPI
2015-07-01,overall,3.3,0.8,2015,7,Overall CPI
2015-08-01,overall,3.1,0.0,2015,8,Overall CPI
2015-09-01,overall,2.6,-0.3,2015,9,Overall CPI
2015-10-01,overall,2.5,0.4,2015,10,Overall CPI
2015-11-01,overall,2.6,0.6,2015,11,Overall CPI
2015-12-01,overall,2.7,0.0,2015,12,Overall CPI
2016-01-01,overall,3.5,-0.3,2016,1,Overall CPI
2016-02-01,overall,4.2,0.0,2016,2,Overall CPI
2016-03-01,overall,2.6,-0.6,2016,3,Overall CPI
2016-04-01,overall,2.1,0.4,2016,4,Overall CPI
2016-05-01,overall,2.0,0.3,2016,5,Overall CPI
2016-06-01,overall,1.6,0.2,2016,6,Overall CPI
2016-07-01,overall,1.1,0.3,2016,7,Overall CPI
2016-08-01,overall,1.5,0.4,2016,8,Overall CPI
2016-09-01,overall,1.5,-0.3,2016,9,Overall CPI
2016-10-01,overall,1.4,0.3,2016,10,Overall CPI
2016-11-01,overall,1.7,1.0,2016,11,Overall CPI
2016-12-01,overall,1.7,0.0,2016,12,Overall CPI
2017-01-01,overall,3.1,1.1,2017,1,Overall CPI
2017-02-01,overall,4.5,1.3,2017,2,Overall CPI
2017-03-01,overall,4.9,-0.2,2017,3,Overall CPI
2017-04-01,overall,4.3,-0.2,2017,4,Overall CPI
2017-05-01,overall,3.8,-0.2,2017,5,Overall CPI
2017-06-01,overall,3.4,-0.3,2017,6,Overall CPI
2017-07-01,overall,3.1,0.0,2017,7,Overall CPI
2017-08-01,overall,3.6,0.9,2017,8,Overall CPI
2017-09-01,overall,4.2,0.3,2017,9,Overall CPI
2017-10-01,overall,3.7,-0.1,2017,10,Overall CPI
2017-11-01,overall,3.4,0.7,2017,11,Overall CPI
2017-12-01,overall,3.5,0.1,2017,12,Overall CPI
2018-01-01,overall,2.7,0.3,2018,1,Overall CPI
2018-02-01,overall,1.4,0.0,2018,2,Overall CPI
2018-03-01,overall,1.3,-0.3,2018,3,Overall CPI
2018-04-01,overall,1.4,0.0,2018,4,Overall CPI
2018-05-01,overall,1.8,0.2,2018,5,Overall CPI
2018-06-01,overall,0.8,-1.2,2018,6,Overall CPI
2018-07-01,overall,0.9,0.2,2018,7,Overall CPI
2018-08-01,overall,0.2,0.2,2018,8,Overall CPI
2018-09-01,overall,0.3,0.4,2018,9,Overall CPI
2018-10-01,overall,0.6,0.2,2018,10,Overall CPI
2018-11-01,overall,0.2,0.2,2018,11,Overall CPI
2018-12-01,overall,0.2,0.1,2018,12,Overall CPI
2019-01-01,overall,-0.7,-0.5,2019,1,Overall CPI
2019-02-01,overall,-0.4,0.2,2019,2,Overall CPI
2019-03-01,overall,0.2,0.2,2019,3,Overall CPI
2019-04-01,overall,0.2,0.0,2019,4,Overall CPI
2019-05-01,overall,0.2,0.2,2019,5,Overall CPI
2019-06-01,overall,1.5,0.0,2019,6,Overall CPI
2019-07-01,overall,1.4,0.1,2019,7,Overall CPI
2019-08-01,overall,1.5,0.2,2019,8,Overall CPI
2019-09-01,overall,1.1,0.0,2019,9,Overall CPI
2019-10-01,overall,1.1,0.2,2019,10,Overall CPI
2019-11-01,overall,0.9,0.1,2019,11,Overall CPI
2019-12-01,overall,1.0,0.2,2019,12,Overall CPI
2020-01-01,overall,1.6,0.1,2020,1,Overall CPI
2020-02-01,overall,1.3,0.0,2020,2,Overall CPI
2020-03-01,overall,-0.2,-1.2,2020,3,Overall CPI
2020-04-01,overall,-2.9,-2.7,2020,4,Overall CPI
2020-05-01,overall,-2.9,0.3,2020,5,Overall CPI
2020-06-01,overall,-1.9,1.0,2020,6,Overall CPI
2020-07-01,overall,-1.3,0.7,2020,7,Overall CPI
2020-08-01,overall,-1.4,0.2,2020,8,Overall CPI
2020-09-01,overall,-1.4,0.0,2020,9,Overall CPI
2020-10-01,overall,-1.5,0.1,2020,10,Overall CPI
2020-11-01,overall,-1.7,-0.2,2020,11,Overall CPI
2020-12-01,overall,-1.4,0.5,2020,12,Overall CPI
2021-01-01,overall,-0.2,1.2,2021,1,Overall CPI
2021-02-01,overall,0.1,0.3,2021,2,Overall CPI
2021-03-01,overall,1.7,0.3,2021,3,Overall CPI
2021-04-01,overall,4.7,0.2,2021,4,Overall CPI
2021-05-01,overall,4.4,0.0,2021,5,Overall CPI
2021-06-01,overall,3.4,0.1,2021,6,Overall CPI
2021-07-01,overall,2.2,-0.6,2021,7,Overall CPI
2021-08-01,overall,2.0,0.0,2021,8,Overall CPI
2021-09-01,overall,2.2,0.2,2021,9,Overall CPI
2021-10-01,overall,2.9,0.7,2021,10,Overall CPI
2021-11-01,overall,3.3,0.2,2021,11,Overall CPI
2021-12-01,overall,3.2,0.4,2021,12,Overall CPI
2022-01-01,overall,2.3,0.3,2022,1,Overall CPI
2022-02-01,overall,2.2,0.2,2022,2,Overall CPI
2022-03-01,overall,2.2,0.3,2022,3,Overall CPI
2022-04-01,overall,2.3,0.2,2022,4,Overall CPI
2022-05-01,overall,2.8,0.6,2022,5,Overall CPI
2022-06-01,overall,3.4,0.6,2022,6,Overall CPI
2022-07-01,overall,4.4,0.4,2022,7,Overall CPI
2022-08-01,overall,4.7,0.2,2022,8,Overall CPI
2022-09-01,overall,4.5,0.1,2022,9,Overall CPI
2022-10-01,overall,4.0,0.2,2022,10,Overall CPI
2022-11-01,overall,4.0,0.3,2022,11,Overall CPI
2022-12-01,overall,3.8,0.2,2022,12,Overall CPI
2023-01-01,overall,3.7,0.2,2023,1,Overall CPI
2023-02-01,overall,3.7,0.2,2023,2,Overall CPI
2023-03-01,overall,3.4,0.1,2023,3,Overall CPI
2023-04-01,overall,3.3,0.1,2023,4,Overall CPI
2023-05-01,overall,2.8,0.2,2023,5,Overall CPI
2023-06-01,overall,2.4,0.2,2023,6,Overall CPI
2023-07-01,overall,2.0,0.1,2023,7,Overall CPI
2023-08-01,overall,2.0,0.2,2023,8,Overall CPI
2023-09-01,overall,1.9,0.1,2023,9,Overall CPI
2023-10-01,overall,1.8,0.1,2023,10,Overall CPI
2023-11-01,overall,1.5,0.0,2023,11,Overall CPI
2023-12-01,overall,1.5,0.2,2023,12,Overall CPI
2024-01-01,overall,1.5,0.2,2024,1,Overall CPI
2024-02-01,overall,1.8,0.5,2024,2,Overall CPI
2024-03-01,overall,1.8,0.1,2024,3,Overall CPI
2024-04-01,overall,1.8,0.2,2024,4,Overall CPI
2024-05-01,overall,2.0,0.3,2024,5,Overall CPI
2024-06-01,overall,2.0,0.2,2024,6,Overall CPI
2024-07-01,overall,2.0,0.1,2024,7,Overall CPI
2024-08-01,overall,1.9,0.1,2024,8,Overall CPI
2024-09-01,overall,1.8,0.0,2024,9,Overall CPI
2024-10-01,overall,1.9,0.2,2024,10,Overall CPI
2024-11-01,overall,1.8,-0.1,2024,11,Overall CPI
2024-12-01,overall,1.7,0.1,2024,12,Overall CPI
2025-01-01,overall,1.7,0.1,2025,1,Overall CPI
2025-02-01,overall,1.5,0.4,2025,2,Overall CPI
2025-03-01,overall,1.4,0.0,2025,3,Overall CPI
2025-04-01,overall,1.4,0.1,2025,4,Overall CPI
2025-05-01,overall,1.2,0.1,2025,5,Overall CPI
2025-06-01,overall,1.1,0.1,2025,6,Overall CPI
2025-07-01,overall,1.2,0.1,2025,7,Overall CPI
2025-08-01,overall,1.3,0.1,2025,8,Overall CPI
2025-09-01,overall,1.5,0.2,2025,9,Overall CPI
2025-10-01,overall,1.3,-0.1,2025,10,Overall CPI
2025-11-01,overall,1.4,0.0,2025,11,Overall CPI
2025-12-01,overall,1.6,0.3,2025,12,Overall CPI
2026-01-01,overall,1.6,0.1,2026,1,Overall CPI
2026-02-01,overall,1.4,0.2,2026,2,Overall CPI
2026-03-01,overall,1.7,0.3,2026,3,Overall CPI
2026-04-01,overall,1.9,0.4,2026,4,Overall CPI
