date,division,inflation_yoy,inflation_mom
1980-02-01,overall,,0.5
1980-03-01,overall,,0.0
1980-04-01,overall,,-0.5
1980-05-01,overall,,1.0
1980-06-01,overall,,1.0
1980-07-01,overall,,0.7
1980-08-01,overall,,1.0
1980-09-01,overall,,-0.2
1980-10-01,overall,,0.5
1980-11-01,overall,,1.4
1980-12-01,overall,,0.7
1981-01-01,overall,8.2,1.9
1981-02-01,overall,8.9,1.1
1981-03-01,overall,9.9,0.9
1981-04-01,overall,10.9,0.5
1981-05-01,overall,10.3,0.4
1981-06-01,overall,10.0,0.7
1981-07-01,overall,10.2,0.9
1981-08-01,overall,9.8,0.7
1981-09-01,overall,10.6,0.4
1981-10-01,overall,10.0,0.0
1981-11-01,overall,8.7,0.2
1981-12-01,overall,8.4,0.4
1982-01-01,overall,7.6,1.1
1982-02-01,overall,7.0,0.6
1982-03-01,overall,6.3,0.2
1982-04-01,overall,6.3,0.4
1982-05-01,overall,6.0,0.2
1982-06-01,overall,5.8,0.4
1982-07-01,overall,5.5,0.6
1982-08-01,overall,5.0,0.2
1982-09-01,overall,4.6,0.0
1982-10-01,overall,4.3,-0.2
1982-11-01,overall,5.2,1.0
1982-12-01,overall,5.2,0.4
1983-01-01,overall,5.1,1.0
1983-02-01,overall,4.0,-0.4
1983-03-01,overall,4.0,0.2
1983-04-01,overall,3.6,0.0
1983-05-01,overall,4.0,0.6
1983-06-01,overall,3.8,0.2
1983-07-01,overall,3.3,0.2
1983-08-01,overall,3.1,0.0
1983-09-01,overall,3.5,0.4
1983-10-01,overall,4.0,0.2
1983-11-01,overall,3.1,0.2
1983-12-01,overall,3.3,0.6
1984-01-01,overall,4.1,1.8
1984-02-01,overall,5.7,1.2
1984-03-01,overall,4.1,-1.4
1984-04-01,overall,4.1,0.0
1984-05-01,overall,3.4,0.0
1984-06-01,overall,3.2,0.0
1984-07-01,overall,3.8,0.8
1984-08-01,overall,3.8,0.0
1984-09-01,overall,3.4,0.0
1984-10-01,overall,3.0,-0.2
1984-11-01,overall,2.2,-0.6
1984-12-01,overall,1.6,0.0
1985-01-01,overall,0.0,0.2
1985-02-01,overall,-1.0,0.2
1985-03-01,overall,0.8,0.4
1985-04-01,overall,0.4,-0.4
1985-05-01,overall,0.6,0.2
1985-06-01,overall,0.8,0.2
1985-07-01,overall,0.6,0.6
1985-08-01,overall,0.8,0.2
1985-09-01,overall,0.2,-0.6
1985-10-01,overall,0.2,-0.2
1985-11-01,overall,0.8,0.0
1985-12-01,overall,1.0,0.2
1986-01-01,overall,1.2,0.4
1986-02-01,overall,1.2,0.2
1986-03-01,overall,0.6,-0.2
1986-04-01,overall,0.4,-0.6
1986-05-01,overall,0.6,0.4
1986-06-01,overall,0.2,-0.2
1986-07-01,overall,-0.2,0.2
1986-08-01,overall,-0.6,-0.2
1986-09-01,overall,0.4,0.4
1986-10-01,overall,0.6,0.0
1986-11-01,overall,1.2,0.6
1986-12-01,overall,1.2,0.2
1987-01-01,overall,0.6,-0.2
1987-02-01,overall,0.4,0.0
1987-03-01,overall,0.0,-0.6
1987-04-01,overall,1.2,0.6
1987-05-01,overall,1.0,0.2
1987-06-01,overall,1.4,0.2
1987-07-01,overall,1.0,-0.2
1987-08-01,overall,1.4,0.2
1987-09-01,overall,1.0,0.0
1987-10-01,overall,1.2,0.2
1987-11-01,overall,0.8,0.2
1987-12-01,overall,1.0,0.4
1988-01-01,overall,1.3,0.2
1988-02-01,overall,1.5,0.2
1988-03-01,overall,2.3,0.2
1988-04-01,overall,1.7,0.0
1988-05-01,overall,1.5,0.0
1988-06-01,overall,2.3,0.9
1988-07-01,overall,3.1,0.6
1988-08-01,overall,3.1,0.2
1988-09-01,overall,3.3,0.2
1988-10-01,overall,2.9,-0.2
1988-11-01,overall,3.2,0.6
1988-12-01,overall,3.6,0.7
1989-01-01,overall,3.4,0.0
1989-02-01,overall,3.2,0.0
1989-03-01,overall,3.0,0.0
1989-04-01,overall,3.2,0.2
1989-05-01,overall,3.6,0.4
1989-06-01,overall,2.6,0.0
1989-07-01,overall,2.4,0.4
1989-08-01,overall,2.4,0.2
1989-09-01,overall,2.6,0.4
1989-10-01,overall,2.8,0.0
1989-11-01,overall,2.6,0.4
1989-12-01,overall,2.0,0.2
1990-01-01,overall,2.7,0.7
1990-02-01,overall,3.3,0.5
1990-03-01,overall,3.1,-0.2
1990-04-01,overall,3.3,0.4
1990-05-01,overall,3.5,0.5
1990-06-01,overall,3.3,-0.2
1990-07-01,overall,2.5,-0.4
1990-08-01,overall,2.4,0.0
1990-09-01,overall,2.5,0.5
1990-10-01,overall,3.2,0.7
1990-11-01,overall,3.4,0.5
1990-12-01,overall,3.8,0.5
1991-01-01,overall,3.6,0.5
1991-02-01,overall,3.4,0.3
1991-03-01,overall,3.7,0.2
1991-04-01,overall,4.2,0.9
1991-05-01,overall,4.0,0.3
1991-06-01,overall,5.1,0.8
1991-07-01,overall,5.0,-0.5
1991-08-01,overall,5.3,0.3
1991-09-01,overall,4.6,-0.2
1991-10-01,overall,4.2,0.3
1991-11-01,overall,4.2,0.5
1991-12-01,overall,4.5,0.8
1992-01-01,overall,4.3,0.3
1992-02-01,overall,4.5,0.5
1992-03-01,overall,4.6,0.3
1992-04-01,overall,4.4,0.7
1992-05-01,overall,5.1,1.0
1992-06-01,overall,4.4,0.2
1992-07-01,overall,5.1,0.2
1992-08-01,overall,5.0,0.3
1992-09-01,overall,5.2,0.0
1992-10-01,overall,4.7,-0.2
1992-11-01,overall,5.3,1.1
1992-12-01,overall,4.6,0.2
1993-01-01,overall,4.5,0.2
1993-02-01,overall,4.3,0.3
1993-03-01,overall,4.1,0.2
1993-04-01,overall,3.9,0.5
1993-05-01,overall,3.1,0.2
1993-06-01,overall,3.2,0.3
1993-07-01,overall,3.7,0.6
1993-08-01,overall,2.9,-0.5
1993-09-01,overall,3.0,0.2
1993-10-01,overall,3.5,0.3
1993-11-01,overall,3.0,0.6
1993-12-01,overall,3.5,0.6
1994-01-01,overall,3.8,0.5
1994-02-01,overall,4.4,0.9
1994-03-01,overall,3.9,-0.3
1994-04-01,overall,3.4,0.0
1994-05-01,overall,3.4,0.2
1994-06-01,overall,3.0,-0.2
1994-07-01,overall,3.1,0.8
1994-08-01,overall,3.7,0.2
1994-09-01,overall,4.0,0.4
1994-10-01,overall,3.9,0.1
1994-11-01,overall,3.8,0.6
1994-12-01,overall,3.5,0.3
1995-01-01,overall,3.5,0.4
1995-02-01,overall,3.2,0.6
1995-03-01,overall,3.3,-0.1
1995-04-01,overall,3.3,0.0
1995-05-01,overall,3.9,0.7
1995-06-01,overall,4.1,0.0
1995-07-01,overall,3.5,0.1
1995-08-01,overall,3.4,0.1
1995-09-01,overall,3.4,0.4
1995-10-01,overall,3.4,0.1
1995-11-01,overall,3.3,0.4
1995-12-01,overall,3.2,0.3
1996-01-01,overall,3.4,0.6
1996-02-01,overall,3.5,0.7
1996-03-01,overall,3.2,-0.4
1996-04-01,overall,3.8,0.6
1996-05-01,overall,3.5,0.4
1996-06-01,overall,3.6,0.1
1996-07-01,overall,3.8,0.3
1996-08-01,overall,3.6,0.0
1996-09-01,overall,3.6,0.4
1996-10-01,overall,3.5,0.0
1996-11-01,overall,3.3,0.3
1996-12-01,overall,3.3,0.3
1997-01-01,overall,3.1,0.4
1997-02-01,overall,3.0,0.6
1997-03-01,overall,3.3,-0.1
1997-04-01,overall,2.5,-0.1
1997-05-01,overall,2.5,0.4
1997-06-01,overall,2.2,-0.1
1997-07-01,overall,2.1,0.1
1997-08-01,overall,2.4,0.3
1997-09-01,overall,2.2,0.3
1997-10-01,overall,2.6,0.4
1997-11-01,overall,2.6,0.3
1997-12-01,overall,2.9,0.5
1998-01-01,overall,3.4,0.9
1998-02-01,overall,4.4,1.5
1998-03-01,overall,5.2,0.7
1998-04-01,overall,5.5,0.1
1998-05-01,overall,5.3,0.3
1998-06-01,overall,6.3,0.8
1998-07-01,overall,5.9,-0.3
1998-08-01,overall,5.7,0.1
1998-09-01,overall,5.6,0.1
1998-10-01,overall,5.2,0.0
1998-11-01,overall,5.7,0.8
1998-12-01,overall,5.2,0.1
1999-01-01,overall,5.2,0.9
1999-02-01,overall,3.8,0.1
1999-03-01,overall,3.0,-0.1
1999-04-01,overall,2.9,0.0
1999-05-01,overall,3.0,0.4
1999-06-01,overall,2.1,-0.1
1999-07-01,overall,2.5,0.1
1999-08-01,overall,2.2,-0.1
1999-09-01,overall,2.1,0.0
1999-10-01,overall,2.1,0.0
1999-11-01,overall,1.5,0.3
1999-12-01,overall,2.6,1.1
2000-01-01,overall,1.6,0.0
2000-02-01,overall,1.6,0.1
2000-03-01,overall,1.6,-0.1
2000-04-01,overall,1.6,0.0
2000-05-01,overall,1.4,0.1
2000-06-01,overall,1.5,0.0
2000-07-01,overall,1.5,0.1
2000-08-01,overall,1.6,0.0
2000-09-01,overall,1.6,0.0
2000-10-01,overall,1.9,0.2
2000-11-01,overall,1.9,0.2
2000-12-01,overall,1.1,0.4
2001-01-01,overall,1.5,0.4
2001-02-01,overall,1.5,0.1
2001-03-01,overall,1.5,-0.1
2001-04-01,overall,1.6,0.1
2001-05-01,overall,1.5,0.0
2001-06-01,overall,1.5,0.0
2001-07-01,overall,1.4,0.0
2001-08-01,overall,1.2,-0.1
2001-09-01,overall,1.4,0.1
2001-10-01,overall,1.0,-0.1
2001-11-01,overall,1.5,0.7
2001-12-01,overall,1.2,0.1
2002-01-01,overall,1.1,0.2
2002-02-01,overall,1.2,0.2
2002-03-01,overall,2.1,0.7
2002-04-01,overall,1.8,-0.1
2002-05-01,overall,2.0,0.1
2002-06-01,overall,2.1,0.1
2002-07-01,overall,2.1,0.0
2002-08-01,overall,2.1,-0.1
2002-09-01,overall,2.1,0.1
2002-10-01,overall,2.1,-0.1
2002-11-01,overall,1.6,0.2
2002-12-01,overall,1.6,0.1
2003-01-01,overall,3.9,2.5
2003-02-01,overall,3.8,0.1
2003-03-01,overall,2.5,-0.5
2003-04-01,overall,2.7,0.0
2003-05-01,overall,1.6,-0.9
2003-06-01,overall,1.1,-0.4
2003-07-01,overall,1.0,-0.1
2003-08-01,overall,0.0,-1.1
2003-09-01,overall,-0.1,0.0
2003-10-01,overall,-0.5,-0.5
2003-11-01,overall,-1.2,-0.5
2003-12-01,overall,-1.8,-0.5
2004-01-01,overall,-0.5,3.9
2004-02-01,overall,-0.5,0.1
2004-03-01,overall,-0.2,-0.2
2004-04-01,overall,0.0,0.2
2004-05-01,overall,0.9,0.0
2004-06-01,overall,1.2,-0.1
2004-07-01,overall,1.3,0.0
2004-08-01,overall,2.0,-0.4
2004-09-01,overall,2.4,0.4
2004-10-01,overall,3.3,0.4
2004-11-01,overall,3.6,-0.1
2004-12-01,overall,3.9,-0.2
2005-01-01,overall,1.6,1.6
2005-02-01,overall,1.6,0.1
2005-03-01,overall,1.9,0.0
2005-04-01,overall,1.9,0.2
2005-05-01,overall,2.7,0.8
2005-06-01,overall,2.9,0.1
2005-07-01,overall,2.9,0.0
2005-08-01,overall,4.0,0.7
2005-09-01,overall,3.9,0.2
2005-10-01,overall,3.7,0.2
2005-11-01,overall,4.2,0.3
2005-12-01,overall,4.6,0.1
2006-01-01,overall,3.2,0.3
2006-02-01,overall,3.2,0.1
2006-03-01,overall,4.7,1.5
2006-04-01,overall,4.5,0.0
2006-05-01,overall,3.9,0.2
2006-06-01,overall,4.0,0.2
2006-07-01,overall,4.1,0.1
2006-08-01,overall,3.3,-0.1
2006-09-01,overall,3.3,0.2
2006-10-01,overall,3.0,0.0
2006-11-01,overall,3.0,0.3
2006-12-01,overall,3.1,0.2
2007-01-01,overall,3.2,0.4
2007-02-01,overall,3.1,0.0
2007-03-01,overall,1.5,-0.1
2007-04-01,overall,1.5,0.0
2007-05-01,overall,1.4,0.1
2007-06-01,overall,1.4,0.2
2007-07-01,overall,1.6,0.3
2007-08-01,overall,2.0,0.2
2007-09-01,overall,1.9,0.1
2007-10-01,overall,2.0,0.1
2007-11-01,overall,2.3,0.6
2007-12-01,overall,2.3,0.2
2008-01-01,overall,2.3,0.4
2008-02-01,overall,2.6,0.3
2008-03-01,overall,2.7,0.0
2008-04-01,overall,3.0,0.3
2008-05-01,overall,3.8,0.8
2008-06-01,overall,7.7,4.0
2008-07-01,overall,8.5,1.1
2008-08-01,overall,8.5,0.2
2008-09-01,overall,8.2,-0.2
2008-10-01,overall,7.6,-0.4
2008-11-01,overall,5.7,-1.2
2008-12-01,overall,4.5,-0.9
2009-01-01,overall,3.9,-0.1
2009-02-01,overall,3.8,0.2
2009-03-01,overall,3.6,-0.2
2009-04-01,overall,3.1,-0.2
2009-05-01,overall,2.4,0.2
2009-06-01,overall,-1.4,0.1
2009-07-01,overall,-2.4,0.1
2009-08-01,overall,-2.5,0.1
2009-09-01,overall,-2.0,0.3
2009-10-01,overall,-1.5,0.1
2009-11-01,overall,-0.1,0.2
2009-12-01,overall,1.0,0.2
2010-01-01,overall,1.4,0.3
2010-02-01,overall,1.2,0.0
2010-03-01,overall,1.4,0.0
2010-04-01,overall,1.6,0.0
2010-05-01,overall,1.6,0.2
2010-06-01,overall,1.6,0.1
2010-07-01,overall,1.8,0.3
2010-08-01,overall,2.0,0.3
2010-09-01,overall,1.8,0.1
2010-10-01,overall,1.9,0.2
2010-11-01,overall,1.9,0.2
2010-12-01,overall,2.1,0.4
2011-01-01,overall,2.4,0.6
2011-02-01,overall,2.9,0.5
2011-03-01,overall,3.0,0.1
2011-04-01,overall,3.2,0.2
2011-05-01,overall,3.3,0.3
2011-06-01,overall,3.5,0.3
2011-07-01,overall,3.4,0.2
2011-08-01,overall,3.3,0.2
2011-09-01,overall,3.5,0.3
2011-10-01,overall,3.4,0.1
2011-11-01,overall,3.3,0.1
2011-12-01,overall,3.0,0.1
2012-01-01,overall,2.7,0.3
2012-02-01,overall,2.2,0.0
2012-03-01,overall,2.1,0.0
2012-04-01,overall,1.9,0.0
2012-05-01,overall,1.7,0.2
2012-06-01,overall,1.6,0.1
2012-07-01,overall,1.4,0.0
2012-08-01,overall,1.4,0.2
2012-09-01,overall,1.3,0.2
2012-10-01,overall,1.3,0.2
2012-11-01,overall,1.3,0.1
2012-12-01,overall,1.2,0.0
2013-01-01,overall,1.3,0.4
2013-02-01,overall,1.5,0.2
2013-03-01,overall,1.6,0.1
2013-04-01,overall,1.7,0.1
2013-05-01,overall,1.8,0.3
2013-06-01,overall,1.8,0.1
2013-07-01,overall,2.0,0.2
2013-08-01,overall,1.9,0.1
2013-09-01,overall,2.6,0.8
2013-10-01,overall,2.8,0.4
2013-11-01,overall,2.9,0.3
2013-12-01,overall,3.2,0.3
2014-01-01,overall,3.4,0.6
2014-02-01,overall,3.5,0.3
2014-03-01,overall,3.5,0.1
2014-04-01,overall,3.4,0.0
2014-05-01,overall,3.2,0.1
2014-06-01,overall,3.3,0.2
2014-07-01,overall,3.2,0.1
2014-08-01,overall,3.3,0.2
2014-09-01,overall,2.6,0.2
2014-10-01,overall,2.8,0.5
2014-11-01,overall,3.0,0.5
2014-12-01,overall,2.7,-0.1
2015-01-01,overall,1.0,-1.1
2015-02-01,overall,0.1,-0.6
2015-03-01,overall,0.9,0.9
2015-04-01,overall,1.8,0.9
2015-05-01,overall,2.1,0.4
2015-06-01,overall,2.5,0.6
2015-07-01,overall,3.3,0.8
2015-08-01,overall,3.1,0.0
2015-09-01,overall,2.6,-0.3
2015-10-01,overall,2.5,0.4
2015-11-01,overall,2.6,0.6
2015-12-01,overall,2.7,0.0
2016-01-01,overall,3.5,-0.3
2016-02-01,overall,4.2,0.0
2016-03-01,overall,2.6,-0.6
2016-04-01,overall,2.1,0.4
2016-05-01,overall,2.0,0.3
2016-06-01,overall,1.6,0.2
2016-07-01,overall,1.1,0.3
2016-08-01,overall,1.5,0.4
2016-09-01,overall,1.5,-0.3
2016-10-01,overall,1.4,0.3
2016-11-01,overall,1.7,1.0
2016-12-01,overall,1.7,0.0
2017-01-01,overall,3.1,1.1
2017-02-01,overall,4.5,1.3
2017-03-01,overall,4.9,-0.2
2017-04-01,overall,4.3,-0.2
2017-05-01,overall,3.8,-0.2
2017-06-01,overall,3.4,-0.3
2017-07-01,overall,3.1,0.0
2017-08-01,overall,3.6,0.9
2017-09-01,overall,4.2,0.3
2017-10-01,overall,3.7,-0.1
2017-11-01,overall,3.4,0.7
2017-12-01,overall,3.5,0.1
2018-01-01,overall,2.7,0.3
2018-02-01,overall,1.4,0.0
2018-03-01,overall,1.3,-0.3
2018-04-01,overall,1.4,0.0
2018-05-01,overall,1.8,0.2
2018-06-01,overall,0.8,-1.2
2018-07-01,overall,0.9,0.2
2018-08-01,overall,0.2,0.2
2018-09-01,overall,0.3,0.4
2018-10-01,overall,0.6,0.2
2018-11-01,overall,0.2,0.2
2018-12-01,overall,0.2,0.1
2019-01-01,overall,-0.7,-0.5
2019-02-01,overall,-0.4,0.2
2019-03-01,overall,0.2,0.2
2019-04-01,overall,0.2,0.0
2019-05-01,overall,0.2,0.2
2019-06-01,overall,1.5,0.0
2019-07-01,overall,1.4,0.1
2019-08-01,overall,1.5,0.2
2019-09-01,overall,1.1,0.0
2019-10-01,overall,1.1,0.2
2019-11-01,overall,0.9,0.1
2019-12-01,overall,1.0,0.2
2020-01-01,overall,1.6,0.1
2020-02-01,overall,1.3,0.0
2020-03-01,overall,-0.2,-1.2
2020-04-01,overall,-2.9,-2.7
2020-05-01,overall,-2.9,0.3
2020-06-01,overall,-1.9,1.0
2020-07-01,overall,-1.3,0.7
2020-08-01,overall,-1.4,0.2
2020-09-01,overall,-1.4,0.0
2020-10-01,overall,-1.5,0.1
2020-11-01,overall,-1.7,-0.2
2020-12-01,overall,-1.4,0.5
2021-01-01,overall,-0.2,1.2
2021-02-01,overall,0.1,0.3
2021-03-01,overall,1.7,0.3
2021-04-01,overall,4.7,0.2
2021-05-01,overall,4.4,0.0
2021-06-01,overall,3.4,0.1
2021-07-01,overall,2.2,-0.6
2021-08-01,overall,2.0,0.0
2021-09-01,overall,2.2,0.2
2021-10-01,overall,2.9,0.7
2021-11-01,overall,3.3,0.2
2021-12-01,overall,3.2,0.4
2022-01-01,overall,2.3,0.3
2022-02-01,overall,2.2,0.2
2022-03-01,overall,2.2,0.3
2022-04-01,overall,2.3,0.2
2022-05-01,overall,2.8,0.6
2022-06-01,overall,3.4,0.6
2022-07-01,overall,4.4,0.4
2022-08-01,overall,4.7,0.2
2022-09-01,overall,4.5,0.1
2022-10-01,overall,4.0,0.2
2022-11-01,overall,4.0,0.3
2022-12-01,overall,3.8,0.2
2023-01-01,overall,3.7,0.2
2023-02-01,overall,3.7,0.2
2023-03-01,overall,3.4,0.1
2023-04-01,overall,3.3,0.1
2023-05-01,overall,2.8,0.2
2023-06-01,overall,2.4,0.2
2023-07-01,overall,2.0,0.1
2023-08-01,overall,2.0,0.2
2023-09-01,overall,1.9,0.1
2023-10-01,overall,1.8,0.1
2023-11-01,overall,1.5,0.0
2023-12-01,overall,1.5,0.2
2024-01-01,overall,1.5,0.2
2024-02-01,overall,1.8,0.5
2024-03-01,overall,1.8,0.1
2024-04-01,overall,1.8,0.2
2024-05-01,overall,2.0,0.3
2024-06-01,overall,2.0,0.2
2024-07-01,overall,2.0,0.1
2024-08-01,overall,1.9,0.1
2024-09-01,overall,1.8,0.0
2024-10-01,overall,1.9,0.2
2024-11-01,overall,1.8,-0.1
2024-12-01,overall,1.7,0.1
2025-01-01,overall,1.7,0.1
2025-02-01,overall,1.5,0.4
2025-03-01,overall,1.4,0.0
2025-04-01,overall,1.4,0.1
2025-05-01,overall,1.2,0.1
2025-06-01,overall,1.1,0.1
2025-07-01,overall,1.2,0.1
2025-08-01,overall,1.3,0.1
2025-09-01,overall,1.5,0.2
2025-10-01,overall,1.3,-0.1
2025-11-01,overall,1.4,0.0
2025-12-01,overall,1.6,0.3
2026-01-01,overall,1.6,0.1
2026-02-01,overall,1.4,0.2
2026-03-01,overall,1.7,0.3
2026-04-01,overall,1.9,0.4
1980-02-01,01,,0.6
1980-03-01,01,,0.0
1980-04-01,01,,-0.3
1980-05-01,01,,0.6
1980-06-01,01,,0.9
1980-07-01,01,,0.6
1980-08-01,01,,0.3
1980-09-01,01,,-0.9
1980-10-01,01,,0.9
1980-11-01,01,,1.2
1980-12-01,01,,1.5
1981-01-01,01,8.2,2.6
1981-02-01,01,10.2,2.5
1981-03-01,01,11.4,1.1
1981-04-01,01,11.7,0.0
1981-05-01,01,11.4,0.3
1981-06-01,01,11.6,1.1
1981-07-01,01,11.2,0.3
1981-08-01,01,12.4,1.3
1981-09-01,01,13.6,0.3
1981-10-01,01,12.6,0.0
1981-11-01,01,11.9,0.5
1981-12-01,01,11.7,1.3
1982-01-01,01,10.1,1.0
1982-02-01,01,8.7,1.3
1982-03-01,01,7.8,0.3
1982-04-01,01,8.1,0.2
1982-05-01,01,8.6,0.7
1982-06-01,01,8.2,0.7
1982-07-01,01,8.2,0.2
1982-08-01,01,7.1,0.2
1982-09-01,01,6.5,-0.2
1982-10-01,01,5.7,-0.7
1982-11-01,01,5.2,0.0
1982-12-01,01,3.8,0.0
1983-01-01,01,3.0,0.2
1983-02-01,01,0.3,-1.5
1983-03-01,01,0.7,0.7
1983-04-01,01,0.2,-0.2
1983-05-01,01,0.7,1.2
1983-06-01,01,0.2,0.2
1983-07-01,01,-1.5,-1.5
1983-08-01,01,-1.0,0.7
1983-09-01,01,-0.2,0.5
1983-10-01,01,1.0,0.5
1983-11-01,01,1.0,0.0
1983-12-01,01,3.0,2.0
1984-01-01,01,4.7,1.9
1984-02-01,01,9.3,2.8
1984-03-01,01,5.0,-3.2
1984-04-01,01,5.0,-0.2
1984-05-01,01,3.7,0.0
1984-06-01,01,3.2,-0.2
1984-07-01,01,5.0,0.2
1984-08-01,01,4.4,0.2
1984-09-01,01,3.4,-0.5
1984-10-01,01,2.4,-0.5
1984-11-01,01,1.7,-0.7
1984-12-01,01,-0.7,-0.5
1985-01-01,01,-3.1,-0.5
1985-02-01,01,-5.5,0.2
1985-03-01,01,-1.9,0.5
1985-04-01,01,-2.4,-0.7
1985-05-01,01,-2.4,0.0
1985-06-01,01,-1.9,0.2
1985-07-01,01,-2.1,0.0
1985-08-01,01,-1.4,1.0
1985-09-01,01,-2.9,-1.9
1985-10-01,01,-2.6,-0.2
1985-11-01,01,-1.7,0.2
1985-12-01,01,-0.5,0.7
1986-01-01,01,1.0,1.0
1986-02-01,01,1.0,0.2
1986-03-01,01,0.5,0.0
1986-04-01,01,0.2,-1.0
1986-05-01,01,1.2,1.0
1986-06-01,01,0.0,-1.0
1986-07-01,01,-1.0,-1.0
1986-08-01,01,-2.4,-0.5
1986-09-01,01,0.2,0.7
1986-10-01,01,1.2,0.7
1986-11-01,01,0.5,-0.5
1986-12-01,01,0.5,0.7
1987-01-01,01,-1.0,-0.5
1987-02-01,01,-1.4,-0.2
1987-03-01,01,-2.4,-1.0
1987-04-01,01,-1.2,0.2
1987-05-01,01,-1.9,0.2
1987-06-01,01,-0.5,0.5
1987-07-01,01,0.0,-0.5
1987-08-01,01,0.7,0.2
1987-09-01,01,0.0,0.0
1987-10-01,01,-0.2,0.5
1987-11-01,01,0.5,0.2
1987-12-01,01,1.4,1.7
1988-01-01,01,2.2,0.2
1988-02-01,01,2.7,0.2
1988-03-01,01,3.7,0.0
1988-04-01,01,2.5,-0.9
1988-05-01,01,2.4,0.2
1988-06-01,01,2.9,1.0
1988-07-01,01,4.9,1.4
1988-08-01,01,4.1,-0.5
1988-09-01,01,5.1,0.9
1988-10-01,01,4.4,-0.2
1988-11-01,01,5.1,0.9
1988-12-01,01,5.5,2.1
1989-01-01,01,4.5,-0.7
1989-02-01,01,4.0,-0.2
1989-03-01,01,4.0,0.0
1989-04-01,01,5.0,0.0
1989-05-01,01,5.3,0.5
1989-06-01,01,4.3,0.0
1989-07-01,01,2.6,-0.2
1989-08-01,01,3.3,0.2
1989-09-01,01,3.0,0.7
1989-10-01,01,3.3,0.0
1989-11-01,01,3.7,1.4
1989-12-01,01,2.0,0.4
1990-01-01,01,3.2,0.4
1990-02-01,01,4.3,0.9
1990-03-01,01,3.9,-0.4
1990-04-01,01,5.0,1.1
1990-05-01,01,5.2,0.7
1990-06-01,01,5.0,-0.2
1990-07-01,01,4.1,-1.1
1990-08-01,01,3.4,-0.4
1990-09-01,01,3.6,0.9
1990-10-01,01,3.8,0.2
1990-11-01,01,4.0,1.5
1990-12-01,01,4.4,0.9
1991-01-01,01,4.0,0.0
1991-02-01,01,3.1,0.0
1991-03-01,01,3.9,0.4
1991-04-01,01,4.3,1.5
1991-05-01,01,4.3,0.6
1991-06-01,01,6.5,1.9
1991-07-01,01,5.9,-1.6
1991-08-01,01,6.6,0.2
1991-09-01,01,4.6,-1.0
1991-10-01,01,5.2,0.8
1991-11-01,01,4.5,0.8
1991-12-01,01,5.5,1.8
1992-01-01,01,6.1,0.6
1992-02-01,01,6.4,0.2
1992-03-01,01,6.3,0.4
1992-04-01,01,7.1,2.2
1992-05-01,01,7.6,1.2
1992-06-01,01,5.7,0.0
1992-07-01,01,7.2,-0.2
1992-08-01,01,7.6,0.6
1992-09-01,01,8.5,-0.2
1992-10-01,01,6.2,-1.3
1992-11-01,01,5.3,0.0
1992-12-01,01,4.2,0.8
1993-01-01,01,3.2,-0.4
1993-02-01,01,2.8,-0.2
1993-03-01,01,2.6,0.2
1993-04-01,01,1.2,0.8
1993-05-01,01,0.4,0.4
1993-06-01,01,1.3,1.0
1993-07-01,01,2.5,0.9
1993-08-01,01,0.8,-1.1
1993-09-01,01,1.0,0.0
1993-10-01,01,3.1,0.8
1993-11-01,01,4.5,1.3
1993-12-01,01,4.2,0.6
1994-01-01,01,5.8,1.1
1994-02-01,01,8.9,2.7
1994-03-01,01,7.5,-1.1
1994-04-01,01,5.8,-0.9
1994-05-01,01,5.5,0.2
1994-06-01,01,3.8,-0.7
1994-07-01,01,3.0,0.2
1994-08-01,01,4.0,-0.2
1994-09-01,01,5.1,1.1
1994-10-01,01,4.9,0.5
1994-11-01,01,4.5,0.9
1994-12-01,01,4.8,0.9
1995-01-01,01,4.6,0.9
1995-02-01,01,3.0,1.2
1995-03-01,01,3.6,-0.5
1995-04-01,01,4.2,-0.3
1995-05-01,01,5.1,1.0
1995-06-01,01,5.5,-0.3
1995-07-01,01,5.6,0.3
1995-08-01,01,6.0,0.2
1995-09-01,01,5.4,0.5
1995-10-01,01,5.4,0.5
1995-11-01,01,5.2,0.7
1995-12-01,01,4.8,0.5
1996-01-01,01,4.9,1.0
1996-02-01,01,4.8,1.2
1996-03-01,01,4.7,-0.7
1996-04-01,01,6.1,1.0
1996-05-01,01,5.3,0.3
1996-06-01,01,6.1,0.3
1996-07-01,01,6.7,1.0
1996-08-01,01,6.2,-0.3
1996-09-01,01,6.5,0.8
1996-10-01,01,6.0,0.0
1996-11-01,01,6.3,1.0
1996-12-01,01,6.4,0.6
1997-01-01,01,5.8,0.5
1997-02-01,01,5.8,1.1
1997-03-01,01,6.0,-0.5
1997-04-01,01,4.3,-0.6
1997-05-01,01,3.9,0.0
1997-06-01,01,3.3,-0.3
1997-07-01,01,2.6,0.3
1997-08-01,01,3.1,0.2
1997-09-01,01,3.1,0.8
1997-10-01,01,3.9,0.8
1997-11-01,01,3.0,0.2
1997-12-01,01,3.6,1.2
1998-01-01,01,5.0,1.8
1998-02-01,01,6.7,2.7
1998-03-01,01,8.3,1.0
1998-04-01,01,9.4,0.4
1998-05-01,01,9.8,0.3
1998-06-01,01,11.7,1.4
1998-07-01,01,10.4,-0.8
1998-08-01,01,9.9,-0.3
1998-09-01,01,9.2,0.1
1998-10-01,01,8.5,0.1
1998-11-01,01,9.7,1.3
1998-12-01,01,8.7,0.3
1999-01-01,01,9.0,2.1
1999-02-01,01,6.4,0.3
1999-03-01,01,4.5,-0.8
1999-04-01,01,4.6,0.6
1999-05-01,01,4.9,0.6
1999-06-01,01,3.3,-0.1
1999-07-01,01,4.3,0.1
1999-08-01,01,4.0,-0.5
1999-09-01,01,3.9,0.0
1999-10-01,01,3.6,-0.1
1999-11-01,01,3.0,0.7
1999-12-01,01,5.1,2.3
2000-01-01,01,3.0,0.1
2000-02-01,01,2.5,-0.3
2000-03-01,01,2.9,-0.4
2000-04-01,01,2.2,-0.1
2000-05-01,01,1.8,0.1
2000-06-01,01,1.9,0.0
2000-07-01,01,1.8,0.0
2000-08-01,01,1.9,-0.4
2000-09-01,01,1.8,-0.1
2000-10-01,01,1.9,0.0
2000-11-01,01,1.2,0.0
2000-12-01,01,0.1,1.2
2001-01-01,01,0.5,0.5
2001-02-01,01,0.7,-0.1
2001-03-01,01,0.7,-0.4
2001-04-01,01,0.7,-0.1
2001-05-01,01,0.8,0.3
2001-06-01,01,0.5,-0.3
2001-07-01,01,0.4,-0.1
2001-08-01,01,0.4,-0.4
2001-09-01,01,1.1,0.5
2001-10-01,01,0.5,-0.5
2001-11-01,01,1.2,0.7
2001-12-01,01,0.4,0.4
2002-01-01,01,0.4,0.5
2002-02-01,01,0.9,0.4
2002-03-01,01,0.5,-0.8
2002-04-01,01,0.4,-0.3
2002-05-01,01,0.0,-0.1
2002-06-01,01,0.7,0.4
2002-07-01,01,0.7,-0.1
2002-08-01,01,1.1,0.0
2002-09-01,01,0.5,0.0
2002-10-01,01,0.9,-0.1
2002-11-01,01,0.9,0.7
2002-12-01,01,1.2,0.7
2003-01-01,01,3.6,2.9
2003-02-01,01,3.3,0.1
2003-03-01,01,2.9,-1.1
2003-04-01,01,2.9,-0.3
2003-05-01,01,2.4,-0.6
2003-06-01,01,0.9,-1.0
2003-07-01,01,1.3,0.3
2003-08-01,01,0.4,-0.9
2003-09-01,01,0.3,-0.1
2003-10-01,01,0.1,-0.3
2003-11-01,01,-1.3,-0.8
2003-12-01,01,-2.2,-0.3
2004-01-01,01,-0.4,4.8
2004-02-01,01,-0.5,0.0
2004-03-01,01,0.4,-0.3
2004-04-01,01,1.0,0.4
2004-05-01,01,1.7,0.0
2004-06-01,01,2.6,-0.1
2004-07-01,01,2.4,0.0
2004-08-01,01,3.0,-0.3
2004-09-01,01,2.9,-0.3
2004-10-01,01,3.9,0.6
2004-11-01,01,4.6,-0.1
2004-12-01,01,5.1,0.3
2005-01-01,01,2.3,2.0
2005-02-01,01,2.3,0.0
2005-03-01,01,2.7,0.1
2005-04-01,01,2.8,0.5
2005-05-01,01,3.2,0.4
2005-06-01,01,3.8,0.5
2005-07-01,01,3.6,-0.2
2005-08-01,01,4.2,0.4
2005-09-01,01,4.8,0.2
2005-10-01,01,4.5,0.4
2005-11-01,01,5.3,0.6
2005-12-01,01,5.5,0.5
2006-01-01,01,4.3,0.8
2006-02-01,01,4.0,-0.2
2006-03-01,01,3.6,-0.2
2006-04-01,01,3.1,0.0
2006-05-01,01,3.3,0.6
2006-06-01,01,3.2,0.4
2006-07-01,01,3.8,0.4
2006-08-01,01,3.2,-0.2
2006-09-01,01,3.1,0.1
2006-10-01,01,3.1,0.4
2006-11-01,01,2.9,0.5
2006-12-01,01,3.0,0.6
2007-01-01,01,3.1,0.9
2007-02-01,01,3.3,-0.1
2007-03-01,01,3.0,-0.5
2007-04-01,01,3.0,0.0
2007-05-01,01,2.4,0.0
2007-06-01,01,2.3,0.2
2007-07-01,01,2.3,0.4
2007-08-01,01,2.9,0.3
2007-09-01,01,3.0,0.2
2007-10-01,01,3.0,0.3
2007-11-01,01,3.9,1.4
2007-12-01,01,4.1,0.8
2008-01-01,01,3.8,0.7
2008-02-01,01,4.6,0.6
2008-03-01,01,4.9,-0.1
2008-04-01,01,5.6,0.7
2008-05-01,01,8.1,2.3
2008-06-01,01,10.1,2.1
2008-07-01,01,11.3,1.5
2008-08-01,01,11.7,0.7
2008-09-01,01,12.3,0.7
2008-10-01,01,12.1,0.2
2008-11-01,01,10.9,0.3
2008-12-01,01,10.4,0.3
2009-01-01,01,9.8,0.1
2009-02-01,01,9.2,0.0
2009-03-01,01,8.7,-0.5
2009-04-01,01,7.5,-0.4
2009-05-01,01,5.2,0.1
2009-06-01,01,3.3,0.2
2009-07-01,01,2.0,0.2
2009-08-01,01,1.5,0.2
2009-09-01,01,1.0,0.3
2009-10-01,01,0.8,0.0
2009-11-01,01,0.9,0.4
2009-12-01,01,1.1,0.5
2010-01-01,01,1.2,0.2
2010-02-01,01,1.2,0.0
2010-03-01,01,1.7,0.0
2010-04-01,01,2.3,0.1
2010-05-01,01,2.6,0.4
2010-06-01,01,2.9,0.5
2010-07-01,01,2.9,0.2
2010-08-01,01,3.0,0.3
2010-09-01,01,2.7,0.0
2010-10-01,01,2.8,0.1
2010-11-01,01,2.8,0.5
2010-12-01,01,2.6,0.3
2011-01-01,01,3.6,1.2
2011-02-01,01,4.7,1.1
2011-03-01,01,4.7,0.0
2011-04-01,01,4.9,0.3
2011-05-01,01,4.5,0.0
2011-06-01,01,4.7,0.7
2011-07-01,01,4.9,0.4
2011-08-01,01,4.6,0.0
2011-09-01,01,5.0,0.4
2011-10-01,01,5.7,0.8
2011-11-01,01,5.1,0.0
2011-12-01,01,5.1,0.3
2012-01-01,01,4.8,0.8
2012-02-01,01,2.9,-0.7
2012-03-01,01,2.9,0.0
2012-04-01,01,2.3,-0.3
2012-05-01,01,3.0,0.7
2012-06-01,01,2.9,0.6
2012-07-01,01,2.6,0.1
2012-08-01,01,2.8,0.2
2012-09-01,01,2.4,0.0
2012-10-01,01,2.0,0.4
2012-11-01,01,2.0,0.0
2012-12-01,01,2.0,0.3
2013-01-01,01,2.2,1.1
2013-02-01,01,3.3,0.3
2013-03-01,01,3.3,0.0
2013-04-01,01,3.8,0.2
2013-05-01,01,3.5,0.4
2013-06-01,01,3.2,0.4
2013-07-01,01,3.9,0.7
2013-08-01,01,3.6,-0.1
2013-09-01,01,3.9,0.3
2013-10-01,01,3.7,0.2
2013-11-01,01,3.9,0.2
2013-12-01,01,4.5,0.9
2014-01-01,01,4.2,0.8
2014-02-01,01,3.8,-0.1
2014-03-01,01,3.9,0.1
2014-04-01,01,3.6,-0.1
2014-05-01,01,3.3,0.1
2014-06-01,01,3.5,0.5
2014-07-01,01,3.1,0.3
2014-08-01,01,3.3,0.1
2014-09-01,01,3.2,0.2
2014-10-01,01,2.8,-0.2
2014-11-01,01,2.9,0.3
2014-12-01,01,2.4,0.3
2015-01-01,01,2.8,1.2
2015-02-01,01,2.7,-0.2
2015-03-01,01,2.3,-0.3
2015-04-01,01,3.1,0.8
2015-05-01,01,3.5,0.4
2015-06-01,01,3.4,0.4
2015-07-01,01,3.8,0.8
2015-08-01,01,4.2,0.5
2015-09-01,01,4.3,0.2
2015-10-01,01,4.7,0.2
2015-11-01,01,4.1,-0.2
2015-12-01,01,4.6,0.7
2016-01-01,01,3.9,0.6
2016-02-01,01,4.8,0.7
2016-03-01,01,5.0,-0.1
2016-04-01,01,4.2,0.0
2016-05-01,01,4.1,0.3
2016-06-01,01,4.2,0.5
2016-07-01,01,3.8,0.3
2016-08-01,01,3.5,0.2
2016-09-01,01,3.0,-0.2
2016-10-01,01,2.5,-0.3
2016-11-01,01,3.5,0.7
2016-12-01,01,3.4,0.6
2017-01-01,01,3.7,0.9
2017-02-01,01,4.0,0.9
2017-03-01,01,3.7,-0.4
2017-04-01,01,3.7,0.1
2017-05-01,01,4.0,0.5
2017-06-01,01,3.9,0.4
2017-07-01,01,3.9,0.3
2017-08-01,01,3.9,0.3
2017-09-01,01,4.3,0.1
2017-10-01,01,4.4,-0.2
2017-11-01,01,4.0,0.4
2017-12-01,01,4.1,0.7
2018-01-01,01,3.8,0.6
2018-02-01,01,3.0,0.2
2018-03-01,01,2.8,-0.5
2018-04-01,01,2.6,-0.2
2018-05-01,01,2.2,0.2
2018-06-01,01,0.8,-1.0
2018-07-01,01,0.7,0.2
2018-08-01,01,0.4,0.0
2018-09-01,01,0.5,0.2
2018-10-01,01,1.2,0.5
2018-11-01,01,1.1,0.2
2018-12-01,01,0.7,0.3
2019-01-01,01,1.0,0.9
2019-02-01,01,1.0,0.2
2019-03-01,01,1.1,-0.5
2019-04-01,01,1.1,-0.2
2019-05-01,01,1.2,0.3
2019-06-01,01,2.3,0.1
2019-07-01,01,2.4,0.3
2019-08-01,01,2.6,0.2
2019-09-01,01,2.2,-0.2
2019-10-01,01,1.8,0.1
2019-11-01,01,1.5,0.0
2019-12-01,01,1.7,0.5
2020-01-01,01,0.9,0.1
2020-02-01,01,0.8,0.1
2020-03-01,01,1.2,-0.1
2020-04-01,01,1.2,-0.1
2020-05-01,01,1.2,0.3
2020-06-01,01,1.6,0.4
2020-07-01,01,1.4,0.1
2020-08-01,01,1.3,0.1
2020-09-01,01,1.4,-0.1
2020-10-01,01,1.5,0.1
2020-11-01,01,1.4,-0.1
2020-12-01,01,1.4,0.5
2021-01-01,01,1.5,0.2
2021-02-01,01,1.4,0.0
2021-03-01,01,1.5,0.0
2021-04-01,01,1.9,0.3
2021-05-01,01,1.5,-0.1
2021-06-01,01,1.3,0.3
2021-07-01,01,1.3,0.0
2021-08-01,01,1.2,0.1
2021-09-01,01,1.9,0.6
2021-10-01,01,1.9,0.2
2021-11-01,01,2.7,0.6
2021-12-01,01,3.2,1.0
2022-01-01,01,3.6,0.6
2022-02-01,01,3.7,0.1
2022-03-01,01,4.0,0.3
2022-04-01,01,4.1,0.4
2022-05-01,01,5.2,0.9
2022-06-01,01,6.1,1.2
2022-07-01,01,6.9,0.7
2022-08-01,01,7.2,0.3
2022-09-01,01,6.8,0.3
2022-10-01,01,7.1,0.5
2022-11-01,01,7.3,0.7
2022-12-01,01,6.8,0.5
2023-01-01,01,6.7,0.6
2023-02-01,01,7.0,0.4
2023-03-01,01,6.9,0.1
2023-04-01,01,6.3,-0.1
2023-05-01,01,5.9,0.5
2023-06-01,01,4.7,0.1
2023-07-01,01,4.4,0.4
2023-08-01,01,4.1,0.1
2023-09-01,01,3.9,0.1
2023-10-01,01,3.6,0.1
2023-11-01,01,2.6,-0.3
2023-12-01,01,2.3,0.3
2024-01-01,01,2.0,0.3
2024-02-01,01,1.9,0.3
2024-03-01,01,1.7,0.0
2024-04-01,01,2.0,0.1
2024-05-01,01,1.8,0.3
2024-06-01,01,2.0,0.3
2024-07-01,01,1.6,0.1
2024-08-01,01,1.6,0.1
2024-09-01,01,1.6,0.1
2024-10-01,01,2.3,0.8
2024-11-01,01,2.6,0.0
2024-12-01,01,2.7,0.4
2025-01-01,01,2.5,0.1
2025-02-01,01,2.5,0.2
2025-03-01,01,2.5,0.1
2025-04-01,01,2.3,-0.1
2025-05-01,01,2.1,0.1
2025-06-01,01,2.1,0.2
2025-07-01,01,1.9,-0.1
2025-08-01,01,2.0,0.1
2025-09-01,01,2.1,0.2
2025-10-01,01,1.5,0.2
2025-11-01,01,1.5,0.0
2025-12-01,01,1.5,0.4
2026-01-01,01,1.5,0.2
2026-02-01,01,1.3,0.0
2026-03-01,01,1.1,-0.1
2026-04-01,01,1.2,0.0
1980-02-01,02,,0.0
1980-03-01,02,,0.0
1980-04-01,02,,1.2
1980-05-01,02,,0.0
1980-06-01,02,,0.0
1980-07-01,02,,4.6
1980-08-01,02,,0.5
1980-09-01,02,,0.5
1980-10-01,02,,0.0
1980-11-01,02,,6.5
1980-12-01,02,,0.0
1981-01-01,02,15.0,1.0
1981-02-01,02,15.6,0.5
1981-03-01,02,18.5,2.5
1981-04-01,02,17.1,0.0
1981-05-01,02,17.1,0.0
1981-06-01,02,17.1,0.0
1981-07-01,02,12.0,0.0
1981-08-01,02,12.0,0.5
1981-09-01,02,11.4,0.0
1981-10-01,02,11.4,0.0
1981-11-01,02,4.6,0.0
1981-12-01,02,5.1,0.5
1982-01-01,02,4.0,0.0
1982-02-01,02,3.5,0.0
1982-03-01,02,1.5,0.5
1982-04-01,02,1.5,0.0
1982-05-01,02,3.9,2.4
1982-06-01,02,3.9,0.0
1982-07-01,02,3.9,0.0
1982-08-01,02,3.9,0.5
1982-09-01,02,3.9,0.0
1982-10-01,02,3.9,0.0
1982-11-01,02,22.8,18.2
1982-12-01,02,23.2,0.8
1983-01-01,02,23.7,0.4
1983-02-01,02,24.2,0.4
1983-03-01,02,23.6,0.0
1983-04-01,02,27.9,3.5
1983-05-01,02,24.9,0.0
1983-06-01,02,24.9,0.0
1983-07-01,02,24.9,0.0
1983-08-01,02,24.8,0.4
1983-09-01,02,24.8,0.0
1983-10-01,02,24.8,0.0
1983-11-01,02,5.5,0.0
1983-12-01,02,4.7,0.0
1984-01-01,02,4.7,0.4
1984-02-01,02,4.3,0.0
1984-03-01,02,4.3,0.0
1984-04-01,02,1.1,0.4
1984-05-01,02,4.1,3.0
1984-06-01,02,4.1,0.0
1984-07-01,02,4.1,0.0
1984-08-01,02,3.7,0.0
1984-09-01,02,3.7,0.0
1984-10-01,02,3.7,0.0
1984-11-01,02,3.7,0.0
1984-12-01,02,3.7,0.0
1985-01-01,02,3.4,0.0
1985-02-01,02,3.4,0.0
1985-03-01,02,3.4,0.0
1985-04-01,02,3.0,0.0
1985-05-01,02,0.0,0.0
1985-06-01,02,0.0,0.0
1985-07-01,02,0.0,0.0
1985-08-01,02,0.0,0.0
1985-09-01,02,0.0,0.0
1985-10-01,02,0.0,0.0
1985-11-01,02,0.0,0.0
1985-12-01,02,0.0,0.0
1986-01-01,02,0.0,0.0
1986-02-01,02,0.0,0.0
1986-03-01,02,0.0,0.0
1986-04-01,02,0.0,0.0
1986-05-01,02,0.0,0.0
1986-06-01,02,0.0,0.0
1986-07-01,02,0.0,0.0
1986-08-01,02,0.0,0.0
1986-09-01,02,0.0,0.0
1986-10-01,02,0.0,0.0
1986-11-01,02,7.9,7.9
1986-12-01,02,8.3,0.3
1987-01-01,02,8.3,0.0
1987-02-01,02,8.7,0.3
1987-03-01,02,8.7,0.0
1987-04-01,02,8.7,0.0
1987-05-01,02,8.7,0.0
1987-06-01,02,8.7,0.0
1987-07-01,02,8.7,0.0
1987-08-01,02,8.7,0.0
1987-09-01,02,8.7,0.0
1987-10-01,02,8.7,0.0
1987-11-01,02,1.0,0.3
1987-12-01,02,0.7,0.0
1988-01-01,02,0.7,0.0
1988-02-01,02,0.3,0.0
1988-03-01,02,0.3,0.0
1988-04-01,02,0.3,0.0
1988-05-01,02,0.3,0.0
1988-06-01,02,0.3,0.0
1988-07-01,02,0.3,0.0
1988-08-01,02,4.0,3.6
1988-09-01,02,4.0,0.0
1988-10-01,02,2.7,-1.3
1988-11-01,02,2.3,0.0
1988-12-01,02,2.3,0.0
1989-01-01,02,2.6,0.3
1989-02-01,02,2.6,0.0
1989-03-01,02,2.6,0.0
1989-04-01,02,2.6,0.0
1989-05-01,02,2.6,0.0
1989-06-01,02,2.6,0.0
1989-07-01,02,2.6,0.0
1989-08-01,02,-1.0,0.0
1989-09-01,02,-1.0,0.0
1989-10-01,02,0.3,0.0
1989-11-01,02,0.3,0.0
1989-12-01,02,0.3,0.0
1990-01-01,02,0.0,0.0
1990-02-01,02,0.0,0.0
1990-03-01,02,0.0,0.0
1990-04-01,02,3.5,3.5
1990-05-01,02,3.5,0.0
1990-06-01,02,3.5,0.0
1990-07-01,02,3.5,0.0
1990-08-01,02,3.5,0.0
1990-09-01,02,3.5,0.0
1990-10-01,02,3.5,0.0
1990-11-01,02,4.8,1.2
1990-12-01,02,9.7,4.6
1991-01-01,02,10.3,0.6
1991-02-01,02,10.3,0.0
1991-03-01,02,10.6,0.3
1991-04-01,02,7.2,0.3
1991-05-01,02,7.5,0.3
1991-06-01,02,7.5,0.0
1991-07-01,02,7.8,0.3
1991-08-01,02,7.8,0.0
1991-09-01,02,7.8,0.0
1991-10-01,02,7.8,0.0
1991-11-01,02,7.1,0.6
1991-12-01,02,2.9,0.6
1992-01-01,02,2.6,0.3
1992-02-01,02,2.6,0.0
1992-03-01,02,2.3,0.0
1992-04-01,02,2.3,0.3
1992-05-01,02,8.1,6.0
1992-06-01,02,8.1,0.0
1992-07-01,02,7.8,0.0
1992-08-01,02,7.8,0.0
1992-09-01,02,7.8,0.0
1992-10-01,02,7.8,0.0
1992-11-01,02,22.4,14.2
1992-12-01,02,22.3,0.5
1993-01-01,02,22.5,0.5
1993-02-01,02,22.5,0.0
1993-03-01,02,22.5,0.0
1993-04-01,02,22.4,0.2
1993-05-01,02,15.5,0.0
1993-06-01,02,15.5,0.0
1993-07-01,02,15.5,0.0
1993-08-01,02,15.5,0.0
1993-09-01,02,15.5,0.0
1993-10-01,02,15.5,0.0
1993-11-01,02,1.2,0.0
1993-12-01,02,0.7,0.0
1994-01-01,02,4.9,4.6
1994-02-01,02,4.9,0.0
1994-03-01,02,4.9,0.0
1994-04-01,02,4.6,0.0
1994-05-01,02,4.6,0.0
1994-06-01,02,4.9,0.2
1994-07-01,02,4.9,0.0
1994-08-01,02,5.1,0.2
1994-09-01,02,4.9,-0.2
1994-10-01,02,4.9,0.0
1994-11-01,02,5.1,0.2
1994-12-01,02,5.1,0.0
1995-01-01,02,0.9,0.4
1995-02-01,02,0.9,0.0
1995-03-01,02,1.1,0.2
1995-04-01,02,1.1,0.0
1995-05-01,02,2.9,1.8
1995-06-01,02,2.9,0.2
1995-07-01,02,3.1,0.2
1995-08-01,02,2.9,0.0
1995-09-01,02,3.3,0.2
1995-10-01,02,3.3,0.0
1995-11-01,02,3.1,0.0
1995-12-01,02,3.1,0.0
1996-01-01,02,2.6,0.0
1996-02-01,02,2.4,-0.2
1996-03-01,02,2.4,0.2
1996-04-01,02,2.4,0.0
1996-05-01,02,2.4,1.7
1996-06-01,02,2.2,0.0
1996-07-01,02,2.1,0.2
1996-08-01,02,2.1,0.0
1996-09-01,02,1.9,0.0
1996-10-01,02,1.9,0.0
1996-11-01,02,1.9,0.0
1996-12-01,02,1.9,0.0
1997-01-01,02,1.7,-0.2
1997-02-01,02,1.9,0.0
1997-03-01,02,1.7,0.0
1997-04-01,02,1.9,0.2
1997-05-01,02,0.2,0.0
1997-06-01,02,0.2,0.0
1997-07-01,02,0.0,0.0
1997-08-01,02,1.5,1.5
1997-09-01,02,1.5,0.0
1997-10-01,02,1.5,0.0
1997-11-01,02,1.5,0.0
1997-12-01,02,1.7,0.2
1998-01-01,02,1.9,0.0
1998-02-01,02,2.3,0.4
1998-03-01,02,2.5,0.2
1998-04-01,02,2.5,0.2
1998-05-01,02,2.7,0.2
1998-06-01,02,3.2,0.4
1998-07-01,02,3.4,0.2
1998-08-01,02,1.9,0.0
1998-09-01,02,5.2,3.3
1998-10-01,02,5.6,0.4
1998-11-01,02,10.8,4.9
1998-12-01,02,10.5,0.0
1999-01-01,02,10.5,0.0
1999-02-01,02,10.1,0.0
1999-03-01,02,10.1,0.2
1999-04-01,02,9.8,0.0
1999-05-01,02,9.6,0.0
1999-06-01,02,9.2,0.0
1999-07-01,02,8.9,0.0
1999-08-01,02,9.1,0.2
1999-09-01,02,7.3,1.5
1999-10-01,02,7.1,0.2
1999-11-01,02,2.1,0.0
1999-12-01,02,2.2,0.2
2000-01-01,02,2.6,0.4
2000-02-01,02,2.6,0.0
2000-03-01,02,2.6,0.2
2000-04-01,02,2.6,0.0
2000-05-01,02,2.8,0.2
2000-06-01,02,2.8,0.0
2000-07-01,02,2.8,0.0
2000-08-01,02,2.8,0.2
2000-09-01,02,1.3,0.0
2000-10-01,02,1.3,0.2
2000-11-01,02,5.1,3.8
2000-12-01,02,4.9,0.0
2001-01-01,02,4.6,0.0
2001-02-01,02,4.9,0.3
2001-03-01,02,4.7,0.0
2001-04-01,02,4.7,0.0
2001-05-01,02,4.5,0.0
2001-06-01,02,4.7,0.2
2001-07-01,02,4.7,0.0
2001-08-01,02,4.5,0.0
2001-09-01,02,4.5,0.0
2001-10-01,02,4.3,0.0
2001-11-01,02,5.4,4.9
2001-12-01,02,5.4,0.0
2002-01-01,02,5.4,0.0
2002-02-01,02,5.0,0.0
2002-03-01,02,5.0,0.0
2002-04-01,02,5.0,0.0
2002-05-01,02,5.0,0.0
2002-06-01,02,4.9,0.0
2002-07-01,02,4.9,0.0
2002-08-01,02,4.9,0.0
2002-09-01,02,4.9,0.0
2002-10-01,02,4.9,0.0
2002-11-01,02,0.0,0.0
2002-12-01,02,0.0,0.0
2003-01-01,02,-3.0,-3.0
2003-02-01,02,-3.0,0.0
2003-03-01,02,-3.1,-0.2
2003-04-01,02,-3.1,0.0
2003-05-01,02,-3.1,0.0
2003-06-01,02,-3.1,0.0
2003-07-01,02,-3.3,-0.2
2003-08-01,02,-3.3,0.0
2003-09-01,02,3.3,6.8
2003-10-01,02,-8.9,-11.8
2003-11-01,02,-8.9,0.0
2003-12-01,02,-8.9,0.0
2004-01-01,02,5.1,12.0
2004-02-01,02,5.1,0.0
2004-03-01,02,5.3,0.0
2004-04-01,02,5.3,0.0
2004-05-01,02,5.3,0.0
2004-06-01,02,5.1,-0.2
2004-07-01,02,5.5,0.2
2004-08-01,02,5.5,0.0
2004-09-01,02,16.3,17.8
2004-10-01,02,24.5,-5.6
2004-11-01,02,24.1,-0.3
2004-12-01,02,24.7,0.4
2005-01-01,02,16.7,4.8
2005-02-01,02,16.7,0.0
2005-03-01,02,16.9,0.1
2005-04-01,02,16.7,-0.1
2005-05-01,02,16.9,0.1
2005-06-01,02,17.2,0.1
2005-07-01,02,17.2,0.1
2005-08-01,02,17.2,0.0
2005-09-01,02,-0.6,0.0
2005-10-01,02,12.2,6.5
2005-11-01,02,12.6,0.0
2005-12-01,02,12.1,0.0
2006-01-01,02,7.1,0.1
2006-02-01,02,7.2,0.1
2006-03-01,02,7.1,0.0
2006-04-01,02,7.2,0.0
2006-05-01,02,7.2,0.1
2006-06-01,02,7.1,0.0
2006-07-01,02,6.9,0.0
2006-08-01,02,6.9,0.0
2006-09-01,02,11.9,4.7
2006-10-01,02,5.1,0.0
2006-11-01,02,5.1,0.0
2006-12-01,02,5.2,0.1
2007-01-01,02,4.9,-0.1
2007-02-01,02,4.8,0.0
2007-03-01,02,4.8,0.0
2007-04-01,02,4.8,0.0
2007-05-01,02,4.7,0.0
2007-06-01,02,4.7,0.0
2007-07-01,02,13.8,8.8
2007-08-01,02,14.0,0.1
2007-09-01,02,8.9,0.0
2007-10-01,02,8.9,0.0
2007-11-01,02,8.9,0.0
2007-12-01,02,8.8,0.0
2008-01-01,02,9.0,0.1
2008-02-01,02,9.0,0.0
2008-03-01,02,9.0,0.0
2008-04-01,02,9.0,0.0
2008-05-01,02,9.1,0.1
2008-06-01,02,9.3,0.1
2008-07-01,02,0.6,0.1
2008-08-01,02,0.5,0.0
2008-09-01,02,8.4,7.9
2008-10-01,02,8.4,0.0
2008-11-01,02,8.4,0.0
2008-12-01,02,8.4,0.0
2009-01-01,02,8.3,0.0
2009-02-01,02,8.3,0.0
2009-03-01,02,8.3,0.0
2009-04-01,02,8.3,0.0
2009-05-01,02,8.2,0.0
2009-06-01,02,8.1,0.1
2009-07-01,02,8.0,0.0
2009-08-01,02,8.0,0.0
2009-09-01,02,0.1,0.0
2009-10-01,02,2.8,2.7
2009-11-01,02,2.9,0.1
2009-12-01,02,2.9,0.0
2010-01-01,02,2.9,0.0
2010-02-01,02,2.9,0.0
2010-03-01,02,3.0,0.1
2010-04-01,02,3.0,0.0
2010-05-01,02,3.0,0.0
2010-06-01,02,3.0,0.1
2010-07-01,02,3.1,0.1
2010-08-01,02,3.1,0.0
2010-09-01,02,3.2,0.1
2010-10-01,02,6.5,6.0
2010-11-01,02,6.4,0.0
2010-12-01,02,6.4,0.0
2011-01-01,02,6.4,0.0
2011-02-01,02,6.4,0.0
2011-03-01,02,6.3,0.0
2011-04-01,02,6.3,0.0
2011-05-01,02,6.3,0.0
2011-06-01,02,6.3,0.1
2011-07-01,02,6.1,-0.1
2011-08-01,02,6.1,0.0
2011-09-01,02,6.0,0.0
2011-10-01,02,0.0,0.0
2011-11-01,02,0.0,0.0
2011-12-01,02,0.0,0.0
2012-01-01,02,0.0,0.0
2012-02-01,02,0.0,0.0
2012-03-01,02,0.0,0.0
2012-04-01,02,0.0,0.0
2012-05-01,02,0.1,0.1
2012-06-01,02,0.0,0.0
2012-07-01,02,0.1,0.0
2012-08-01,02,0.2,0.1
2012-09-01,02,0.3,0.1
2012-10-01,02,0.3,0.0
2012-11-01,02,1.9,1.6
2012-12-01,02,1.9,0.0
2013-01-01,02,2.0,0.1
2013-02-01,02,2.0,0.0
2013-03-01,02,2.0,0.0
2013-04-01,02,2.0,0.0
2013-05-01,02,1.9,0.0
2013-06-01,02,4.2,2.2
2013-07-01,02,4.2,0.0
2013-08-01,02,4.1,0.0
2013-09-01,02,4.5,0.5
2013-10-01,02,16.0,11.0
2013-11-01,02,14.2,0.0
2013-12-01,02,14.1,-0.1
2014-01-01,02,14.1,0.1
2014-02-01,02,14.1,0.0
2014-03-01,02,14.1,0.0
2014-04-01,02,14.1,0.0
2014-05-01,02,14.1,0.0
2014-06-01,02,11.6,0.1
2014-07-01,02,11.6,0.0
2014-08-01,02,11.6,0.0
2014-09-01,02,14.8,3.3
2014-10-01,02,0.2,-3.1
2014-11-01,02,10.5,10.3
2014-12-01,02,10.6,0.0
2015-01-01,02,10.6,0.1
2015-02-01,02,10.6,0.0
2015-03-01,02,10.6,0.0
2015-04-01,02,13.0,2.2
2015-05-01,02,11.3,-1.5
2015-06-01,02,11.3,0.1
2015-07-01,02,13.3,1.8
2015-08-01,02,13.4,0.1
2015-09-01,02,9.8,0.0
2015-10-01,02,13.3,0.0
2015-11-01,02,20.7,17.5
2015-12-01,02,22.8,1.7
2016-01-01,02,22.6,-0.1
2016-02-01,02,22.6,0.0
2016-03-01,02,22.7,0.1
2016-04-01,02,20.1,0.0
2016-05-01,02,22.1,0.1
2016-06-01,02,21.9,0.0
2016-07-01,02,19.9,0.1
2016-08-01,02,19.7,-0.1
2016-09-01,02,19.7,0.0
2016-10-01,02,19.8,0.1
2016-11-01,02,1.9,0.0
2016-12-01,02,0.1,-0.1
2017-01-01,02,0.2,0.0
2017-02-01,02,0.2,0.0
2017-03-01,02,0.2,0.1
2017-04-01,02,0.2,0.0
2017-05-01,02,0.2,0.1
2017-06-01,02,0.1,-0.1
2017-07-01,02,0.1,0.0
2017-08-01,02,0.1,0.0
2017-09-01,02,0.1,0.0
2017-10-01,02,0.1,0.1
2017-11-01,02,0.2,0.1
2017-12-01,02,0.2,-0.1
2018-01-01,02,0.2,0.0
2018-02-01,02,0.1,-0.1
2018-03-01,02,0.1,0.1
2018-04-01,02,0.2,0.1
2018-05-01,02,0.1,0.0
2018-06-01,02,-0.7,-0.8
2018-07-01,02,-0.8,-0.2
2018-08-01,02,-1.0,-0.1
2018-09-01,02,-0.9,0.1
2018-10-01,02,-0.8,0.2
2018-11-01,02,1.0,1.9
2018-12-01,02,1.1,0.1
2019-01-01,02,1.1,0.0
2019-02-01,02,1.1,-0.1
2019-03-01,02,1.1,0.1
2019-04-01,02,1.2,0.1
2019-05-01,02,1.3,0.1
2019-06-01,02,2.1,0.1
2019-07-01,02,2.3,0.0
2019-08-01,02,2.5,0.1
2019-09-01,02,2.4,-0.1
2019-10-01,02,2.2,0.0
2019-11-01,02,0.4,0.1
2019-12-01,02,0.2,-0.1
2020-01-01,02,0.1,-0.1
2020-02-01,02,0.2,0.1
2020-03-01,02,0.3,0.1
2020-04-01,02,0.2,0.0
2020-05-01,02,0.2,0.1
2020-06-01,02,0.2,0.1
2020-07-01,02,0.3,0.1
2020-08-01,02,0.3,0.1
2020-09-01,02,0.5,0.1
2020-10-01,02,0.5,0.0
2020-11-01,02,0.5,0.1
2020-12-01,02,0.6,0.0
2021-01-01,02,0.7,0.1
2021-02-01,02,0.7,0.0
2021-03-01,02,0.6,0.1
2021-04-01,02,0.7,0.1
2021-05-01,02,0.7,0.1
2021-06-01,02,0.7,0.1
2021-07-01,02,0.5,-0.1
2021-08-01,02,0.4,0.0
2021-09-01,02,0.4,0.1
2021-10-01,02,0.3,-0.1
2021-11-01,02,0.3,0.1
2021-12-01,02,0.3,0.0
2022-01-01,02,0.4,0.1
2022-02-01,02,0.4,0.0
2022-03-01,02,0.5,0.2
2022-04-01,02,0.5,0.1
2022-05-01,02,0.4,0.0
2022-06-01,02,0.4,0.1
2022-07-01,02,0.6,0.1
2022-08-01,02,0.7,0.1
2022-09-01,02,0.7,0.1
2022-10-01,02,0.8,0.1
2022-11-01,02,0.8,0.1
2022-12-01,02,0.7,-0.1
2023-01-01,02,0.8,0.2
2023-02-01,02,0.8,0.0
2023-03-01,02,0.6,0.1
2023-04-01,02,0.6,0.1
2023-05-01,02,0.7,0.1
2023-06-01,02,0.6,0.0
2023-07-01,02,0.5,0.0
2023-08-01,02,0.5,0.0
2023-09-01,02,0.7,0.4
2023-10-01,02,0.6,0.0
2023-11-01,02,0.6,0.1
2023-12-01,02,0.6,-0.1
2024-01-01,02,0.4,-0.1
2024-02-01,02,0.4,0.0
2024-03-01,02,0.5,0.2
2024-04-01,02,0.5,0.1
2024-05-01,02,0.6,0.2
2024-06-01,02,0.7,0.1
2024-07-01,02,0.9,0.2
2024-08-01,02,1.1,0.2
2024-09-01,02,0.8,0.1
2024-10-01,02,0.8,0.1
2024-11-01,02,0.8,0.0
2024-12-01,02,0.8,-0.1
2025-01-01,02,0.9,0.1
2025-02-01,02,0.9,0.0
2025-03-01,02,0.8,0.0
2025-04-01,02,0.8,0.1
2025-05-01,02,0.6,0.1
2025-06-01,02,0.6,0.0
2025-07-01,02,0.6,0.2
2025-08-01,02,0.4,0.0
2025-09-01,02,0.3,0.0
2025-10-01,02,0.3,0.0
2025-11-01,02,2.4,2.1
2025-12-01,02,2.5,0.1
2026-01-01,02,2.5,0.1
2026-02-01,02,2.6,0.1
2026-03-01,02,2.7,0.1
2026-04-01,02,2.8,0.2
1980-02-01,03,,0.1
1980-03-01,03,,0.8
1980-04-01,03,,0.1
1980-05-01,03,,0.7
1980-06-01,03,,0.5
1980-07-01,03,,0.2
1980-08-01,03,,1.0
1980-09-01,03,,0.6
1980-10-01,03,,0.2
1980-11-01,03,,1.0
1980-12-01,03,,1.0
1981-01-01,03,8.5,1.9
1981-02-01,03,9.4,1.0
1981-03-01,03,9.7,1.1
1981-04-01,03,9.7,0.1
1981-05-01,03,9.5,0.5
1981-06-01,03,9.6,0.5
1981-07-01,03,9.8,0.4
1981-08-01,03,9.0,0.3
1981-09-01,03,8.6,0.2
1981-10-01,03,8.9,0.5
1981-11-01,03,8.1,0.2
1981-12-01,03,7.0,0.0
1982-01-01,03,5.7,0.6
1982-02-01,03,5.2,0.5
1982-03-01,03,4.1,0.0
1982-04-01,03,4.0,0.1
1982-05-01,03,3.8,0.3
1982-06-01,03,3.7,0.4
1982-07-01,03,3.6,0.3
1982-08-01,03,3.3,0.1
1982-09-01,03,3.1,0.0
1982-10-01,03,3.0,0.4
1982-11-01,03,3.4,0.6
1982-12-01,03,3.9,0.5
1983-01-01,03,3.8,0.5
1983-02-01,03,3.6,0.3
1983-03-01,03,3.7,0.1
1983-04-01,03,3.8,0.2
1983-05-01,03,3.8,0.3
1983-06-01,03,3.7,0.3
1983-07-01,03,3.4,0.1
1983-08-01,03,3.6,0.3
1983-09-01,03,3.6,0.0
1983-10-01,03,3.5,0.3
1983-11-01,03,3.1,0.2
1983-12-01,03,2.6,0.0
1984-01-01,03,2.1,0.0
1984-02-01,03,2.0,0.2
1984-03-01,03,2.0,0.1
1984-04-01,03,2.1,0.3
1984-05-01,03,1.8,0.0
1984-06-01,03,1.6,0.1
1984-07-01,03,1.9,0.4
1984-08-01,03,1.8,0.2
1984-09-01,03,1.8,0.0
1984-10-01,03,1.5,0.0
1984-11-01,03,1.2,-0.1
1984-12-01,03,1.4,0.2
1985-01-01,03,1.4,0.0
1985-02-01,03,1.2,0.0
1985-03-01,03,1.2,0.1
1985-04-01,03,1.0,0.1
1985-05-01,03,1.2,0.2
1985-06-01,03,1.3,0.2
1985-07-01,03,1.2,0.4
1985-08-01,03,1.1,0.0
1985-09-01,03,1.1,0.0
1985-10-01,03,1.1,0.0
1985-11-01,03,1.2,0.0
1985-12-01,03,1.0,0.0
1986-01-01,03,1.0,0.0
1986-02-01,03,0.9,-0.1
1986-03-01,03,0.9,0.1
1986-04-01,03,0.7,-0.1
1986-05-01,03,0.6,0.1
1986-06-01,03,0.5,0.1
1986-07-01,03,0.2,0.1
1986-08-01,03,0.2,0.0
1986-09-01,03,0.2,0.0
1986-10-01,03,0.2,0.0
1986-11-01,03,0.2,0.0
1986-12-01,03,0.2,0.0
1987-01-01,03,0.1,-0.1
1987-02-01,03,0.3,0.1
1987-03-01,03,0.3,0.1
1987-04-01,03,0.5,0.1
1987-05-01,03,0.4,0.0
1987-06-01,03,0.4,0.1
1987-07-01,03,0.4,0.1
1987-08-01,03,0.5,0.1
1987-09-01,03,0.5,0.0
1987-10-01,03,0.8,0.3
1987-11-01,03,0.8,0.0
1987-12-01,03,0.9,0.1
1988-01-01,03,1.5,0.6
1988-02-01,03,1.7,0.3
1988-03-01,03,1.8,0.2
1988-04-01,03,1.9,0.2
1988-05-01,03,1.9,0.0
1988-06-01,03,1.9,0.1
1988-07-01,03,2.1,0.3
1988-08-01,03,2.4,0.4
1988-09-01,03,2.5,0.2
1988-10-01,03,2.4,0.1
1988-11-01,03,2.6,0.3
1988-12-01,03,2.5,0.0
1989-01-01,03,2.3,0.4
1989-02-01,03,2.1,0.1
1989-03-01,03,2.0,0.0
1989-04-01,03,1.8,0.0
1989-05-01,03,1.9,0.1
1989-06-01,03,1.8,0.0
1989-07-01,03,1.9,0.4
1989-08-01,03,1.7,0.2
1989-09-01,03,1.5,0.0
1989-10-01,03,1.5,0.1
1989-11-01,03,1.2,0.0
1989-12-01,03,1.2,0.0
1990-01-01,03,1.7,0.9
1990-02-01,03,2.1,0.4
1990-03-01,03,2.6,0.4
1990-04-01,03,1.6,-0.9
1990-05-01,03,1.5,0.0
1990-06-01,03,1.8,0.3
1990-07-01,03,1.5,0.1
1990-08-01,03,1.1,-0.3
1990-09-01,03,1.1,0.0
1990-10-01,03,1.3,0.3
1990-11-01,03,1.7,0.4
1990-12-01,03,2.3,0.5
1991-01-01,03,1.7,0.4
1991-02-01,03,3.3,2.0
1991-03-01,03,3.1,0.3
1991-04-01,03,7.4,3.2
1991-05-01,03,7.5,0.1
1991-06-01,03,7.3,0.1
1991-07-01,03,7.3,0.2
1991-08-01,03,7.6,0.0
1991-09-01,03,7.7,0.1
1991-10-01,03,7.9,0.4
1991-11-01,03,7.3,-0.1
1991-12-01,03,6.8,0.1
1992-01-01,03,6.8,0.3
1992-02-01,03,5.0,0.3
1992-03-01,03,5.0,0.2
1992-04-01,03,2.0,0.2
1992-05-01,03,2.3,0.3
1992-06-01,03,2.1,-0.1
1992-07-01,03,2.7,0.7
1992-08-01,03,2.7,0.0
1992-09-01,03,2.4,-0.2
1992-10-01,03,1.7,-0.2
1992-11-01,03,1.7,-0.1
1992-12-01,03,1.7,0.0
1993-01-01,03,1.8,0.5
1993-02-01,03,1.5,0.0
1993-03-01,03,0.8,-0.4
1993-04-01,03,1.0,0.4
1993-05-01,03,0.7,0.1
1993-06-01,03,0.3,-0.5
1993-07-01,03,0.2,0.7
1993-08-01,03,-0.2,-0.5
1993-09-01,03,0.2,0.3
1993-10-01,03,0.5,0.0
1993-11-01,03,-0.5,-1.1
1993-12-01,03,-0.2,0.2
1994-01-01,03,-0.6,0.1
1994-02-01,03,-0.8,-0.2
1994-03-01,03,-0.6,-0.2
1994-04-01,03,-0.5,0.5
1994-05-01,03,-0.8,-0.2
1994-06-01,03,-0.9,-0.6
1994-07-01,03,-0.8,0.7
1994-08-01,03,-1.0,-0.7
1994-09-01,03,-1.1,0.2
1994-10-01,03,-1.5,-0.5
1994-11-01,03,-0.2,0.2
1994-12-01,03,-0.4,0.1
1995-01-01,03,-0.1,0.4
1995-02-01,03,0.2,0.1
1995-03-01,03,0.4,0.1
1995-04-01,03,-0.2,-0.1
1995-05-01,03,-0.2,-0.3
1995-06-01,03,0.3,0.0
1995-07-01,03,0.0,0.4
1995-08-01,03,0.1,-0.6
1995-09-01,03,0.0,0.2
1995-10-01,03,-0.4,-0.9
1995-11-01,03,-0.2,0.5
1995-12-01,03,-0.2,0.1
1996-01-01,03,-0.3,0.2
1996-02-01,03,-1.4,-1.0
1996-03-01,03,-0.6,0.9
1996-04-01,03,-0.7,-0.2
1996-05-01,03,-0.3,0.1
1996-06-01,03,-0.4,-0.1
1996-07-01,03,-0.7,0.1
1996-08-01,03,-0.7,-0.5
1996-09-01,03,-0.8,0.0
1996-10-01,03,-1.2,-1.2
1996-11-01,03,-0.1,1.6
1996-12-01,03,-1.0,-0.8
1997-01-01,03,-0.9,0.3
1997-02-01,03,0.3,0.2
1997-03-01,03,-0.8,-0.2
1997-04-01,03,-0.7,-0.2
1997-05-01,03,-1.1,-0.2
1997-06-01,03,-0.6,0.4
1997-07-01,03,-0.6,0.1
1997-08-01,03,-0.1,0.0
1997-09-01,03,-0.6,-0.5
1997-10-01,03,-0.4,-1.1
1997-11-01,03,-0.5,1.5
1997-12-01,03,-0.4,-0.7
1998-01-01,03,-0.2,0.6
1998-02-01,03,0.6,1.0
1998-03-01,03,0.7,-0.1
1998-04-01,03,1.3,0.4
1998-05-01,03,0.7,-0.9
1998-06-01,03,1.2,0.9
1998-07-01,03,0.7,-0.4
1998-08-01,03,0.8,0.2
1998-09-01,03,0.2,-1.1
1998-10-01,03,0.8,-0.6
1998-11-01,03,-0.5,0.3
1998-12-01,03,-0.1,-0.3
1999-01-01,03,-1.3,-0.7
1999-02-01,03,-2.5,-0.3
1999-03-01,03,-1.3,1.2
1999-04-01,03,-2.5,-0.7
1999-05-01,03,-1.7,-0.2
1999-06-01,03,-2.6,0.0
1999-07-01,03,-2.5,-0.3
1999-08-01,03,-2.6,0.1
1999-09-01,03,-1.8,-0.3
1999-10-01,03,-1.8,-0.5
1999-11-01,03,-2.0,0.0
1999-12-01,03,-2.2,-0.5
2000-01-01,03,-1.3,0.2
2000-02-01,03,-0.6,0.5
2000-03-01,03,-2.5,-0.8
2000-04-01,03,-1.5,0.3
2000-05-01,03,-1.6,-0.3
2000-06-01,03,-1.8,-0.2
2000-07-01,03,-1.3,0.1
2000-08-01,03,-2.7,-1.3
2000-09-01,03,-1.4,1.0
2000-10-01,03,-1.9,-0.9
2000-11-01,03,-2.0,-0.1
2000-12-01,03,-2.4,-1.0
2001-01-01,03,-2.5,0.1
2001-02-01,03,-2.2,0.8
2001-03-01,03,-3.0,-1.6
2001-04-01,03,-2.2,1.1
2001-05-01,03,-2.3,-0.3
2001-06-01,03,-2.5,-0.3
2001-07-01,03,-2.4,0.2
2001-08-01,03,-2.5,-1.4
2001-09-01,03,-3.5,0.0
2001-10-01,03,-2.4,0.2
2001-11-01,03,-2.7,-0.4
2001-12-01,03,-2.8,-1.1
2002-01-01,03,-2.0,0.9
2002-02-01,03,-2.6,0.2
2002-03-01,03,-2.0,-1.0
2002-04-01,03,-2.6,0.4
2002-05-01,03,-2.5,-0.3
2002-06-01,03,-2.4,-0.2
2002-07-01,03,-2.7,-0.2
2002-08-01,03,-2.5,-1.2
2002-09-01,03,-1.9,0.6
2002-10-01,03,-2.4,-0.4
2002-11-01,03,-1.8,0.3
2002-12-01,03,-1.6,-0.9
2003-01-01,03,-3.8,-1.4
2003-02-01,03,-3.0,1.0
2003-03-01,03,-2.2,-0.1
2003-04-01,03,-2.7,-0.1
2003-05-01,03,-2.3,0.1
2003-06-01,03,-1.5,0.6
2003-07-01,03,-2.1,-0.7
2003-08-01,03,-0.1,0.8
2003-09-01,03,-2.0,-1.3
2003-10-01,03,-1.4,0.3
2003-11-01,03,-2.8,-1.2
2003-12-01,03,-0.5,1.4
2004-01-01,03,-1.3,-2.1
2004-02-01,03,-0.9,1.4
2004-03-01,03,-1.9,-1.1
2004-04-01,03,-1.5,0.4
2004-05-01,03,-2.3,-0.7
2004-06-01,03,-2.2,0.8
2004-07-01,03,-1.8,-0.4
2004-08-01,03,-2.9,-0.3
2004-09-01,03,-1.7,0.0
2004-10-01,03,-2.1,-0.2
2004-11-01,03,-1.4,-0.5
2004-12-01,03,-2.0,0.8
2005-01-01,03,0.1,0.0
2005-02-01,03,-1.5,-0.2
2005-03-01,03,-0.9,-0.6
2005-04-01,03,-0.8,0.5
2005-05-01,03,-0.3,-0.2
2005-06-01,03,-1.5,-0.5
2005-07-01,03,-0.7,0.5
2005-08-01,03,-2.1,-1.7
2005-09-01,03,-0.6,1.5
2005-10-01,03,-1.3,-0.9
2005-11-01,03,-0.2,0.7
2005-12-01,03,-1.8,-0.9
2006-01-01,03,-2.1,-0.3
2006-02-01,03,-0.8,1.1
2006-03-01,03,-1.5,-1.2
2006-04-01,03,-0.9,1.1
2006-05-01,03,-0.9,-0.2
2006-06-01,03,-1.1,-0.7
2006-07-01,03,-1.0,0.6
2006-08-01,03,-0.8,-1.4
2006-09-01,03,-1.3,1.0
2006-10-01,03,-1.8,-1.4
2006-11-01,03,-1.4,1.1
2006-12-01,03,-1.9,-1.3
2007-01-01,03,-0.5,1.2
2007-02-01,03,-2.7,-1.2
2007-03-01,03,-1.1,0.4
2007-04-01,03,-2.0,0.1
2007-05-01,03,-1.7,0.1
2007-06-01,03,-1.1,0.0
2007-07-01,03,-2.2,-0.6
2007-08-01,03,-1.2,-0.4
2007-09-01,03,-1.2,0.9
2007-10-01,03,-0.8,-1.0
2007-11-01,03,-1.2,0.7
2007-12-01,03,-0.7,-0.9
2008-01-01,03,-1.4,0.4
2008-02-01,03,0.2,0.5
2008-03-01,03,-1.0,-0.8
2008-04-01,03,-0.5,0.6
2008-05-01,03,-0.7,-0.1
2008-06-01,03,-0.6,0.1
2008-07-01,03,-0.4,-0.4
2008-08-01,03,-0.4,-0.4
2008-09-01,03,-1.5,-0.2
2008-10-01,03,0.1,0.6
2008-11-01,03,-0.6,0.0
2008-12-01,03,-0.5,-0.8
2009-01-01,03,-0.8,0.1
2009-02-01,03,-0.7,0.6
2009-03-01,03,-0.6,-0.7
2009-04-01,03,-0.6,0.6
2009-05-01,03,-0.7,-0.2
2009-06-01,03,-1.1,-0.3
2009-07-01,03,-0.9,-0.2
2009-08-01,03,-0.8,-0.3
2009-09-01,03,-1.0,-0.4
2009-10-01,03,-1.6,0.0
2009-11-01,03,-1.1,0.5
2009-12-01,03,-1.3,-1.0
2010-01-01,03,-0.4,1.0
2010-02-01,03,-2.1,-1.1
2010-03-01,03,-1.5,-0.1
2010-04-01,03,-1.6,0.5
2010-05-01,03,-1.6,-0.2
2010-06-01,03,-2.1,-0.8
2010-07-01,03,-1.3,0.6
2010-08-01,03,-1.9,-0.9
2010-09-01,03,-0.3,1.2
2010-10-01,03,-0.5,-0.2
2010-11-01,03,-1.4,-0.4
2010-12-01,03,-1.4,-1.0
2011-01-01,03,-1.3,1.1
2011-02-01,03,0.0,0.2
2011-03-01,03,-0.2,-0.3
2011-04-01,03,-0.7,0.0
2011-05-01,03,-0.5,0.0
2011-06-01,03,0.3,0.0
2011-07-01,03,-0.5,-0.2
2011-08-01,03,0.1,-0.3
2011-09-01,03,-0.6,0.5
2011-10-01,03,-0.5,-0.1
2011-11-01,03,0.1,0.2
2011-12-01,03,0.8,-0.3
2012-01-01,03,-0.5,-0.2
2012-02-01,03,-0.3,0.4
2012-03-01,03,-0.4,-0.4
2012-04-01,03,-0.3,0.1
2012-05-01,03,-0.3,0.0
2012-06-01,03,-0.6,-0.3
2012-07-01,03,-0.5,-0.1
2012-08-01,03,-0.6,-0.4
2012-09-01,03,-0.7,0.4
2012-10-01,03,-0.7,-0.1
2012-11-01,03,-0.9,0.0
2012-12-01,03,-1.0,-0.4
2013-01-01,03,-0.5,0.3
2013-02-01,03,-1.2,-0.3
2013-03-01,03,-0.5,0.3
2013-04-01,03,-0.7,-0.1
2013-05-01,03,-0.7,0.0
2013-06-01,03,-0.6,-0.2
2013-07-01,03,-0.8,-0.3
2013-08-01,03,-0.4,0.0
2013-09-01,03,-0.5,0.3
2013-10-01,03,-0.4,0.0
2013-11-01,03,-0.3,0.1
2013-12-01,03,-0.3,-0.4
2014-01-01,03,-0.2,0.4
2014-02-01,03,0.2,0.1
2014-03-01,03,-0.1,0.0
2014-04-01,03,-0.1,-0.1
2014-05-01,03,-0.2,-0.1
2014-06-01,03,-0.1,-0.1
2014-07-01,03,-0.2,-0.4
2014-08-01,03,-0.2,0.0
2014-09-01,03,-0.3,0.2
2014-10-01,03,-0.4,-0.1
2014-11-01,03,-0.4,0.1
2014-12-01,03,-0.3,-0.3
2015-01-01,03,-0.1,0.6
2015-02-01,03,-0.6,-0.4
2015-03-01,03,-0.2,0.4
2015-04-01,03,0.7,0.8
2015-05-01,03,0.9,0.1
2015-06-01,03,0.7,-0.3
2015-07-01,03,0.9,-0.2
2015-08-01,03,0.7,-0.2
2015-09-01,03,0.7,0.2
2015-10-01,03,0.7,-0.1
2015-11-01,03,0.6,0.0
2015-12-01,03,0.8,-0.1
2016-01-01,03,0.4,0.2
2016-02-01,03,0.5,-0.3
2016-03-01,03,0.0,-0.1
2016-04-01,03,-0.7,0.1
2016-05-01,03,-0.9,-0.1
2016-06-01,03,-0.6,0.0
2016-07-01,03,-0.6,-0.2
2016-08-01,03,-0.6,-0.2
2016-09-01,03,-0.6,0.2
2016-10-01,03,-0.5,0.0
2016-11-01,03,-0.5,0.0
2016-12-01,03,-0.5,-0.1
2017-01-01,03,-0.7,0.0
2017-02-01,03,-0.2,0.2
2017-03-01,03,-0.2,-0.1
2017-04-01,03,-0.1,0.2
2017-05-01,03,-0.2,-0.2
2017-06-01,03,-0.4,-0.2
2017-07-01,03,-0.4,-0.2
2017-08-01,03,-0.3,-0.1
2017-09-01,03,-0.3,0.2
2017-10-01,03,-0.4,-0.1
2017-11-01,03,-0.5,-0.1
2017-12-01,03,-0.5,-0.1
2018-01-01,03,-0.3,0.2
2018-02-01,03,-0.7,-0.2
2018-03-01,03,-0.7,-0.1
2018-04-01,03,-0.8,0.1
2018-05-01,03,-0.7,-0.1
2018-06-01,03,-3.1,-2.6
2018-07-01,03,-3.0,-0.1
2018-08-01,03,-2.9,0.0
2018-09-01,03,-3.2,-0.1
2018-10-01,03,-3.1,0.0
2018-11-01,03,-3.1,-0.1
2018-12-01,03,-3.2,-0.2
2019-01-01,03,-3.3,0.1
2019-02-01,03,-3.2,-0.1
2019-03-01,03,-3.0,0.1
2019-04-01,03,-3.2,-0.1
2019-05-01,03,-3.2,-0.1
2019-06-01,03,-0.7,-0.1
2019-07-01,03,-1.1,-0.4
2019-08-01,03,-1.1,0.0
2019-09-01,03,-0.9,0.0
2019-10-01,03,-1.3,-0.3
2019-11-01,03,-1.1,0.1
2019-12-01,03,-1.0,-0.1
2020-01-01,03,-1.2,-0.1
2020-02-01,03,-1.1,0.0
2020-03-01,03,-1.3,-0.1
2020-04-01,03,-1.2,0.0
2020-05-01,03,-1.1,0.0
2020-06-01,03,-1.1,-0.1
2020-07-01,03,-0.6,0.0
2020-08-01,03,-0.6,0.0
2020-09-01,03,-0.6,0.0
2020-10-01,03,-0.4,-0.1
2020-11-01,03,-0.5,0.0
2020-12-01,03,-0.4,0.0
2021-01-01,03,-0.4,-0.1
2021-02-01,03,-0.4,0.0
2021-03-01,03,-0.3,0.0
2021-04-01,03,-0.4,-0.1
2021-05-01,03,-0.5,-0.1
2021-06-01,03,-0.4,0.0
2021-07-01,03,-0.4,0.0
2021-08-01,03,-0.4,0.0
2021-09-01,03,-0.5,-0.1
2021-10-01,03,-0.4,0.0
2021-11-01,03,-0.4,0.0
2021-12-01,03,-0.4,0.0
2022-01-01,03,-0.3,0.0
2022-02-01,03,-0.2,0.1
2022-03-01,03,-0.3,-0.1
2022-04-01,03,-0.2,0.0
2022-05-01,03,0.0,0.1
2022-06-01,03,0.2,0.2
2022-07-01,03,0.3,0.1
2022-08-01,03,0.3,0.0
2022-09-01,03,0.4,0.0
2022-10-01,03,0.4,0.0
2022-11-01,03,0.4,0.0
2022-12-01,03,0.4,0.0
2023-01-01,03,0.5,0.1
2023-02-01,03,0.4,0.0
2023-03-01,03,0.5,0.0
2023-04-01,03,0.5,0.0
2023-05-01,03,0.4,0.0
2023-06-01,03,0.1,-0.1
2023-07-01,03,0.1,0.1
2023-08-01,03,0.0,-0.1
2023-09-01,03,0.1,0.1
2023-10-01,03,0.0,-0.1
2023-11-01,03,0.0,0.0
2023-12-01,03,0.0,0.0
2024-01-01,03,-0.2,-0.1
2024-02-01,03,-0.2,0.0
2024-03-01,03,-0.2,0.0
2024-04-01,03,-0.3,-0.1
2024-05-01,03,-0.2,0.1
2024-06-01,03,-0.1,0.0
2024-07-01,03,-0.2,0.0
2024-08-01,03,-0.2,-0.1
2024-09-01,03,-0.3,0.0
2024-10-01,03,-0.2,0.0
2024-11-01,03,-0.3,-0.1
2024-12-01,03,-0.5,-0.2
2025-01-01,03,-0.3,0.1
2025-02-01,03,-0.2,0.1
2025-03-01,03,-0.2,0.0
2025-04-01,03,-0.1,0.0
2025-05-01,03,-0.2,0.0
2025-06-01,03,-0.3,-0.1
2025-07-01,03,-0.2,0.1
2025-08-01,03,-0.1,0.0
2025-09-01,03,-0.2,-0.1
2025-10-01,03,-0.3,-0.1
2025-11-01,03,-0.1,0.1
2025-12-01,03,0.1,0.0
2026-01-01,03,0.0,0.0
2026-02-01,03,0.0,0.1
2026-03-01,03,-0.1,-0.1
2026-04-01,03,-0.1,0.0
1980-02-01,04,,0.4
1980-03-01,04,,0.0
1980-04-01,04,,0.0
1980-05-01,04,,1.5
1980-06-01,04,,2.3
1980-07-01,04,,0.2
1980-08-01,04,,0.4
1980-09-01,04,,0.4
1980-10-01,04,,0.2
1980-11-01,04,,0.2
1980-12-01,04,,0.2
1981-01-01,04,10.4,4.2
1981-02-01,04,9.9,0.0
1981-03-01,04,9.9,0.0
1981-04-01,04,9.9,0.0
1981-05-01,04,9.3,1.0
1981-06-01,04,7.7,0.8
1981-07-01,04,10.7,3.0
1981-08-01,04,10.3,0.0
1981-09-01,04,9.8,0.0
1981-10-01,04,9.6,0.0
1981-11-01,04,9.4,0.0
1981-12-01,04,9.2,0.0
1982-01-01,04,7.9,2.9
1982-02-01,04,7.9,0.0
1982-03-01,04,7.9,0.0
1982-04-01,04,7.9,0.0
1982-05-01,04,6.8,0.0
1982-06-01,04,6.8,0.7
1982-07-01,04,5.9,2.1
1982-08-01,04,5.7,-0.2
1982-09-01,04,5.7,0.0
1982-10-01,04,5.9,0.2
1982-11-01,04,5.9,0.0
1982-12-01,04,5.9,0.0
1983-01-01,04,5.7,2.8
1983-02-01,04,5.9,0.2
1983-03-01,04,6.2,0.3
1983-04-01,04,6.2,0.0
1983-05-01,04,6.2,0.0
1983-06-01,04,5.5,0.0
1983-07-01,04,7.1,3.7
1983-08-01,04,7.3,0.0
1983-09-01,04,7.3,0.0
1983-10-01,04,7.3,0.2
1983-11-01,04,7.4,0.2
1983-12-01,04,7.4,0.0
1984-01-01,04,7.7,3.1
1984-02-01,04,7.7,0.2
1984-03-01,04,7.7,0.3
1984-04-01,04,7.7,0.0
1984-05-01,04,7.7,0.0
1984-06-01,04,7.7,0.0
1984-07-01,04,6.3,2.3
1984-08-01,04,6.3,0.0
1984-09-01,04,6.3,0.0
1984-10-01,04,6.1,0.0
1984-11-01,04,5.9,0.0
1984-12-01,04,5.9,0.0
1985-01-01,04,4.4,1.5
1985-02-01,04,4.2,0.0
1985-03-01,04,3.9,0.0
1985-04-01,04,3.9,0.0
1985-05-01,04,3.9,0.0
1985-06-01,04,4.0,0.1
1985-07-01,04,4.1,2.4
1985-08-01,04,3.9,-0.1
1985-09-01,04,3.9,0.0
1985-10-01,04,3.9,0.0
1985-11-01,04,3.9,0.0
1985-12-01,04,3.9,0.0
1986-01-01,04,2.4,0.0
1986-02-01,04,2.4,0.0
1986-03-01,04,2.1,-0.3
1986-04-01,04,1.9,-0.1
1986-05-01,04,1.9,0.0
1986-06-01,04,1.6,-0.1
1986-07-01,04,-0.3,0.4
1986-08-01,04,-0.1,0.0
1986-09-01,04,-0.1,0.0
1986-10-01,04,-0.1,0.0
1986-11-01,04,-0.3,-0.1
1986-12-01,04,-0.3,0.0
1987-01-01,04,-0.3,0.0
1987-02-01,04,-0.3,0.0
1987-03-01,04,0.0,0.0
1987-04-01,04,0.1,0.0
1987-05-01,04,0.1,0.0
1987-06-01,04,0.3,0.0
1987-07-01,04,-1.3,-1.2
1987-08-01,04,-1.3,0.0
1987-09-01,04,-1.3,0.0
1987-10-01,04,-1.3,0.0
1987-11-01,04,-1.2,0.0
1987-12-01,04,-1.2,0.0
1988-01-01,04,-2.0,-0.9
1988-02-01,04,-2.0,0.0
1988-03-01,04,-1.9,0.1
1988-04-01,04,-2.0,-0.1
1988-05-01,04,-2.0,0.0
1988-06-01,04,-2.8,-0.7
1988-07-01,04,-1.6,0.0
1988-08-01,04,-1.6,0.0
1988-09-01,04,-2.1,-0.5
1988-10-01,04,-2.1,0.0
1988-11-01,04,-2.1,0.0
1988-12-01,04,-2.4,-0.3
1989-01-01,04,-1.3,0.2
1989-02-01,04,-1.2,0.2
1989-03-01,04,-1.2,0.2
1989-04-01,04,-1.0,0.0
1989-05-01,04,-1.0,0.0
1989-06-01,04,-0.8,-0.5
1989-07-01,04,-0.8,0.0
1989-08-01,04,-0.8,0.0
1989-09-01,04,-0.3,0.0
1989-10-01,04,-0.3,0.0
1989-11-01,04,-0.3,0.0
1989-12-01,04,-0.2,-0.2
1990-01-01,04,-0.2,0.2
1990-02-01,04,-0.3,0.0
1990-03-01,04,-0.3,0.2
1990-04-01,04,-0.2,0.2
1990-05-01,04,-0.2,0.0
1990-06-01,04,0.5,0.2
1990-07-01,04,0.5,0.0
1990-08-01,04,0.6,0.2
1990-09-01,04,0.5,-0.2
1990-10-01,04,0.8,0.3
1990-11-01,04,1.2,0.5
1990-12-01,04,1.4,0.0
1991-01-01,04,1.7,0.4
1991-02-01,04,2.9,1.2
1991-03-01,04,2.7,0.0
1991-04-01,04,2.4,-0.1
1991-05-01,04,3.2,0.7
1991-06-01,04,2.9,-0.1
1991-07-01,04,3.0,0.1
1991-08-01,04,3.5,0.6
1991-09-01,04,3.6,0.0
1991-10-01,04,3.3,0.0
1991-11-01,04,3.6,0.7
1991-12-01,04,3.6,0.0
1992-01-01,04,0.0,-3.0
1992-02-01,04,0.0,1.2
1992-03-01,04,0.0,0.0
1992-04-01,04,0.0,-0.1
1992-05-01,04,0.0,0.7
1992-06-01,04,0.0,-0.1
1992-07-01,04,0.0,0.1
1992-08-01,04,0.0,0.6
1992-09-01,04,0.0,0.0
1992-10-01,04,0.0,0.0
1992-11-01,04,0.0,0.7
1992-12-01,04,0.0,0.0
1993-01-01,04,7.3,4.1
1993-02-01,04,7.1,1.0
1993-03-01,04,7.2,0.1
1993-04-01,04,7.4,0.0
1993-05-01,04,7.3,0.7
1993-06-01,04,7.5,0.0
1993-07-01,04,7.5,0.1
1993-08-01,04,7.3,0.4
1993-09-01,04,7.3,0.0
1993-10-01,04,7.3,0.0
1993-11-01,04,7.2,0.7
1993-12-01,04,6.8,-0.4
1994-01-01,04,2.8,0.1
1994-02-01,04,2.3,0.5
1994-03-01,04,2.2,0.0
1994-04-01,04,2.3,0.1
1994-05-01,04,2.2,0.5
1994-06-01,04,2.2,0.0
1994-07-01,04,1.8,-0.3
1994-08-01,04,2.3,0.9
1994-09-01,04,2.3,0.0
1994-10-01,04,2.7,0.4
1994-11-01,04,2.8,0.8
1994-12-01,04,3.3,0.0
1995-01-01,04,3.4,0.3
1995-02-01,04,3.4,0.5
1995-03-01,04,3.4,0.0
1995-04-01,04,3.5,0.3
1995-05-01,04,3.3,0.4
1995-06-01,04,3.5,0.1
1995-07-01,04,3.8,0.0
1995-08-01,04,3.5,0.6
1995-09-01,04,3.5,0.0
1995-10-01,04,3.0,0.0
1995-11-01,04,3.0,0.8
1995-12-01,04,3.0,0.0
1996-01-01,04,2.7,0.0
1996-02-01,04,3.4,1.1
1996-03-01,04,2.9,-0.5
1996-04-01,04,2.6,0.0
1996-05-01,04,3.5,1.3
1996-06-01,04,3.4,0.0
1996-07-01,04,3.4,0.0
1996-08-01,04,3.5,0.7
1996-09-01,04,3.5,0.0
1996-10-01,04,3.6,0.1
1996-11-01,04,3.2,0.4
1996-12-01,04,2.8,-0.4
1997-01-01,04,2.8,0.0
1997-02-01,04,2.5,0.9
1997-03-01,04,3.0,0.0
1997-04-01,04,3.0,0.0
1997-05-01,04,3.2,1.5
1997-06-01,04,3.4,0.1
1997-07-01,04,3.4,0.0
1997-08-01,04,3.2,0.6
1997-09-01,04,3.2,0.0
1997-10-01,04,3.2,0.1
1997-11-01,04,3.7,0.8
1997-12-01,04,4.2,0.1
1998-01-01,04,4.2,0.0
1998-02-01,04,4.8,1.4
1998-03-01,04,4.8,0.0
1998-04-01,04,4.8,0.0
1998-05-01,04,4.5,1.2
1998-06-01,04,4.4,0.0
1998-07-01,04,4.4,0.0
1998-08-01,04,4.3,0.6
1998-09-01,04,4.3,0.0
1998-10-01,04,4.2,0.0
1998-11-01,04,3.6,0.2
1998-12-01,04,3.4,0.0
1999-01-01,04,3.4,0.0
1999-02-01,04,2.3,0.3
1999-03-01,04,2.3,0.0
1999-04-01,04,2.3,0.0
1999-05-01,04,1.3,0.1
1999-06-01,04,1.3,0.0
1999-07-01,04,1.4,0.1
1999-08-01,04,1.0,0.2
1999-09-01,04,1.0,0.0
1999-10-01,04,1.0,0.0
1999-11-01,04,0.9,0.1
1999-12-01,04,1.0,0.1
2000-01-01,04,1.0,0.0
2000-02-01,04,1.3,0.6
2000-03-01,04,1.3,0.0
2000-04-01,04,1.3,0.0
2000-05-01,04,1.5,0.3
2000-06-01,04,1.5,0.0
2000-07-01,04,1.5,0.1
2000-08-01,04,1.5,0.2
2000-09-01,04,1.5,0.0
2000-10-01,04,1.7,0.2
2000-11-01,04,1.8,0.2
2000-12-01,04,1.7,0.0
2001-01-01,04,1.7,0.0
2001-02-01,04,1.5,0.3
2001-03-01,04,1.5,0.0
2001-04-01,04,1.6,0.1
2001-05-01,04,1.6,0.3
2001-06-01,04,1.6,0.0
2001-07-01,04,1.5,0.0
2001-08-01,04,1.3,0.1
2001-09-01,04,1.3,0.0
2001-10-01,04,1.1,0.0
2001-11-01,04,1.0,0.1
2001-12-01,04,1.0,0.0
2002-01-01,04,1.0,0.0
2002-02-01,04,0.9,0.2
2002-03-01,04,0.9,0.0
2002-04-01,04,0.8,0.0
2002-05-01,04,0.7,0.2
2002-06-01,04,0.7,0.0
2002-07-01,04,0.7,0.0
2002-08-01,04,0.6,0.0
2002-09-01,04,0.6,0.0
2002-10-01,04,0.6,0.0
2002-11-01,04,0.6,0.1
2002-12-01,04,0.6,0.0
2003-01-01,04,2.0,1.4
2003-02-01,04,1.5,-0.2
2003-03-01,04,1.5,0.0
2003-04-01,04,1.5,0.0
2003-05-01,04,1.0,-0.3
2003-06-01,04,1.0,0.0
2003-07-01,04,1.0,0.0
2003-08-01,04,0.4,-0.5
2003-09-01,04,0.4,0.0
2003-10-01,04,0.3,-0.1
2003-11-01,04,-0.3,-0.5
2003-12-01,04,-0.3,0.0
2004-01-01,04,0.3,2.1
2004-02-01,04,0.5,0.0
2004-03-01,04,0.7,0.1
2004-04-01,04,0.8,0.1
2004-05-01,04,0.9,-0.2
2004-06-01,04,0.9,0.0
2004-07-01,04,0.8,-0.1
2004-08-01,04,1.1,-0.2
2004-09-01,04,1.1,0.0
2004-10-01,04,1.2,0.0
2004-11-01,04,1.7,-0.1
2004-12-01,04,1.7,0.0
2005-01-01,04,0.4,0.9
2005-02-01,04,0.6,0.2
2005-03-01,04,0.6,0.1
2005-04-01,04,0.5,0.0
2005-05-01,04,1.0,0.2
2005-06-01,04,1.0,0.0
2005-07-01,04,1.1,0.0
2005-08-01,04,1.6,0.3
2005-09-01,04,1.7,0.1
2005-10-01,04,1.7,0.0
2005-11-01,04,2.0,0.1
2005-12-01,04,2.0,0.0
2006-01-01,04,1.1,0.0
2006-02-01,04,1.1,0.2
2006-03-01,04,1.5,0.5
2006-04-01,04,1.5,0.0
2006-05-01,04,1.5,0.2
2006-06-01,04,1.8,0.3
2006-07-01,04,1.8,0.0
2006-08-01,04,1.6,0.1
2006-09-01,04,1.5,0.0
2006-10-01,04,1.5,0.0
2006-11-01,04,1.6,0.2
2006-12-01,04,1.7,0.1
2007-01-01,04,1.7,0.0
2007-02-01,04,1.8,0.3
2007-03-01,04,1.3,0.0
2007-04-01,04,1.3,0.0
2007-05-01,04,1.4,0.3
2007-06-01,04,1.1,0.0
2007-07-01,04,1.1,0.0
2007-08-01,04,1.3,0.3
2007-09-01,04,1.3,0.0
2007-10-01,04,1.3,0.0
2007-11-01,04,1.3,0.2
2007-12-01,04,1.2,0.0
2008-01-01,04,1.2,0.0
2008-02-01,04,1.4,0.5
2008-03-01,04,1.4,0.0
2008-04-01,04,1.4,0.0
2008-05-01,04,1.5,0.4
2008-06-01,04,1.0,-0.4
2008-07-01,04,1.8,0.7
2008-08-01,04,1.7,0.2
2008-09-01,04,1.8,0.1
2008-10-01,04,1.8,0.0
2008-11-01,04,1.8,0.2
2008-12-01,04,1.8,0.0
2009-01-01,04,1.8,0.0
2009-02-01,04,1.5,0.3
2009-03-01,04,1.4,-0.1
2009-04-01,04,1.4,0.0
2009-05-01,04,1.6,0.6
2009-06-01,04,2.1,0.0
2009-07-01,04,1.3,0.0
2009-08-01,04,1.2,0.1
2009-09-01,04,1.1,0.0
2009-10-01,04,1.1,0.0
2009-11-01,04,1.1,0.2
2009-12-01,04,1.1,0.0
2010-01-01,04,1.2,0.1
2010-02-01,04,1.1,0.2
2010-03-01,04,1.2,0.0
2010-04-01,04,1.2,0.0
2010-05-01,04,0.8,0.2
2010-06-01,04,0.8,0.0
2010-07-01,04,0.9,0.1
2010-08-01,04,1.2,0.4
2010-09-01,04,1.2,0.0
2010-10-01,04,1.2,0.0
2010-11-01,04,1.4,0.4
2010-12-01,04,1.5,0.1
2011-01-01,04,1.4,0.0
2011-02-01,04,1.5,0.3
2011-03-01,04,1.6,0.1
2011-04-01,04,1.6,0.0
2011-05-01,04,1.8,0.4
2011-06-01,04,1.9,0.1
2011-07-01,04,1.9,0.1
2011-08-01,04,2.0,0.5
2011-09-01,04,2.0,0.0
2011-10-01,04,2.0,0.0
2011-11-01,04,1.8,0.2
2011-12-01,04,1.7,0.0
2012-01-01,04,1.8,0.1
2012-02-01,04,1.9,0.4
2012-03-01,04,1.8,0.0
2012-04-01,04,1.8,0.0
2012-05-01,04,1.6,0.2
2012-06-01,04,1.5,0.0
2012-07-01,04,1.5,0.1
2012-08-01,04,1.5,0.5
2012-09-01,04,1.5,0.0
2012-10-01,04,1.5,0.0
2012-11-01,04,1.5,0.2
2012-12-01,04,1.5,0.0
2013-01-01,04,1.4,0.0
2013-02-01,04,1.3,0.3
2013-03-01,04,1.3,0.0
2013-04-01,04,1.3,0.0
2013-05-01,04,2.0,1.0
2013-06-01,04,2.0,0.0
2013-07-01,04,1.9,0.0
2013-08-01,04,1.8,0.4
2013-09-01,04,1.8,0.0
2013-10-01,04,1.8,0.0
2013-11-01,04,2.3,0.7
2013-12-01,04,2.4,0.1
2014-01-01,04,3.2,0.8
2014-02-01,04,3.5,0.7
2014-03-01,04,3.6,0.1
2014-04-01,04,3.6,0.0
2014-05-01,04,3.1,0.5
2014-06-01,04,3.2,0.1
2014-07-01,04,3.2,0.0
2014-08-01,04,3.4,0.6
2014-09-01,04,3.4,0.0
2014-10-01,04,3.4,0.0
2014-11-01,04,3.5,0.7
2014-12-01,04,3.4,0.0
2015-01-01,04,2.1,-0.5
2015-02-01,04,2.4,0.9
2015-03-01,04,1.9,-0.4
2015-04-01,04,2.3,0.4
2015-05-01,04,2.6,0.7
2015-06-01,04,2.5,0.0
2015-07-01,04,2.5,0.0
2015-08-01,04,2.7,0.7
2015-09-01,04,2.7,0.0
2015-10-01,04,2.7,0.0
2015-11-01,04,2.5,0.5
2015-12-01,04,2.5,0.0
2016-01-01,04,3.1,0.2
2016-02-01,04,2.6,0.4
2016-03-01,04,3.1,0.1
2016-04-01,04,2.6,-0.1
2016-05-01,04,2.4,0.5
2016-06-01,04,2.4,0.0
2016-07-01,04,2.4,0.0
2016-08-01,04,2.1,0.4
2016-09-01,04,2.1,0.0
2016-10-01,04,2.1,0.0
2016-11-01,04,2.1,0.5
2016-12-01,04,2.1,0.0
2017-01-01,04,1.9,0.0
2017-02-01,04,2.2,0.7
2017-03-01,04,2.2,0.1
2017-04-01,04,2.3,0.0
2017-05-01,04,2.2,0.4
2017-06-01,04,2.2,0.0
2017-07-01,04,2.2,0.0
2017-08-01,04,2.4,0.6
2017-09-01,04,2.4,0.0
2017-10-01,04,2.4,0.0
2017-11-01,04,2.2,0.3
2017-12-01,04,2.2,0.0
2018-01-01,04,2.2,0.0
2018-02-01,04,2.0,0.5
2018-03-01,04,1.9,0.0
2018-04-01,04,1.9,0.0
2018-05-01,04,2.1,0.6
2018-06-01,04,1.5,-0.5
2018-07-01,04,2.0,0.4
2018-08-01,04,2.0,0.6
2018-09-01,04,2.1,0.2
2018-10-01,04,2.1,0.0
2018-11-01,04,2.0,0.3
2018-12-01,04,2.0,0.0
2019-01-01,04,2.0,0.0
2019-02-01,04,2.0,0.5
2019-03-01,04,2.0,0.0
2019-04-01,04,2.0,0.0
2019-05-01,04,1.8,0.3
2019-06-01,04,2.3,0.0
2019-07-01,04,1.9,0.0
2019-08-01,04,1.8,0.5
2019-09-01,04,1.6,0.0
2019-10-01,04,1.6,0.0
2019-11-01,04,1.7,0.4
2019-12-01,04,1.7,0.0
2020-01-01,04,1.7,0.0
2020-02-01,04,1.6,0.3
2020-03-01,04,1.6,0.0
2020-04-01,04,-2.2,-3.8
2020-05-01,04,-2.6,-0.1
2020-06-01,04,-2.6,0.0
2020-07-01,04,-2.6,0.0
2020-08-01,04,-3.0,0.2
2020-09-01,04,-3.0,0.0
2020-10-01,04,-3.0,0.0
2020-11-01,04,-3.3,0.1
2020-12-01,04,-3.3,0.0
2021-01-01,04,-0.7,2.6
2021-02-01,04,-0.8,0.2
2021-03-01,04,-0.8,0.0
2021-04-01,04,3.1,0.1
2021-05-01,04,3.2,0.0
2021-06-01,04,3.2,0.0
2021-07-01,04,0.7,-2.5
2021-08-01,04,0.6,0.1
2021-09-01,04,0.7,0.1
2021-10-01,04,3.2,2.5
2021-11-01,04,3.4,0.2
2021-12-01,04,3.4,0.0
2022-01-01,04,0.7,0.0
2022-02-01,04,0.8,0.3
2022-03-01,04,0.9,0.1
2022-04-01,04,0.8,0.0
2022-05-01,04,1.2,0.3
2022-06-01,04,1.2,0.0
2022-07-01,04,3.8,0.1
2022-08-01,04,4.1,0.4
2022-09-01,04,4.0,0.0
2022-10-01,04,1.5,0.0
2022-11-01,04,1.4,0.2
2022-12-01,04,1.5,0.1
2023-01-01,04,1.5,0.0
2023-02-01,04,1.7,0.6
2023-03-01,04,1.6,0.0
2023-04-01,04,1.6,0.0
2023-05-01,04,1.8,0.5
2023-06-01,04,1.8,0.0
2023-07-01,04,1.7,0.0
2023-08-01,04,1.6,0.3
2023-09-01,04,1.6,0.0
2023-10-01,04,1.6,0.0
2023-11-01,04,1.7,0.2
2023-12-01,04,1.6,0.0
2024-01-01,04,2.0,0.4
2024-02-01,04,2.7,1.3
2024-03-01,04,3.0,0.3
2024-04-01,04,3.0,0.0
2024-05-01,04,3.2,0.6
2024-06-01,04,3.2,0.0
2024-07-01,04,3.2,0.0
2024-08-01,04,3.1,0.2
2024-09-01,04,3.1,0.0
2024-10-01,04,3.1,0.0
2024-11-01,04,3.2,0.3
2024-12-01,04,3.2,0.0
2025-01-01,04,2.8,0.1
2025-02-01,04,2.3,0.7
2025-03-01,04,1.9,0.0
2025-04-01,04,2.0,0.1
2025-05-01,04,1.7,0.3
2025-06-01,04,1.7,0.0
2025-07-01,04,1.3,-0.4
2025-08-01,04,1.2,0.2
2025-09-01,04,1.5,0.3
2025-10-01,04,1.1,-0.5
2025-11-01,04,0.7,-0.1
2025-12-01,04,0.9,0.2
2026-01-01,04,1.2,0.3
2026-02-01,04,1.1,0.7
2026-03-01,04,1.2,0.1
2026-04-01,04,1.1,-0.1
1980-02-01,05,,0.3
1980-03-01,05,,0.7
1980-04-01,05,,0.2
1980-05-01,05,,0.7
1980-06-01,05,,1.0
1980-07-01,05,,0.7
1980-08-01,05,,0.5
1980-09-01,05,,0.3
1980-10-01,05,,0.7
1980-11-01,05,,0.5
1980-12-01,05,,0.5
1981-01-01,05,6.9,0.6
1981-02-01,05,7.0,0.5
1981-03-01,05,7.1,0.8
1981-04-01,05,7.5,0.5
1981-05-01,05,7.1,0.3
1981-06-01,05,6.7,0.6
1981-07-01,05,6.8,0.8
1981-08-01,05,6.6,0.3
1981-09-01,05,6.6,0.3
1981-10-01,05,6.0,0.2
1981-11-01,05,5.7,0.2
1981-12-01,05,5.3,0.2
1982-01-01,05,5.1,0.5
1982-02-01,05,4.8,0.2
1982-03-01,05,4.1,0.2
1982-04-01,05,3.8,0.2
1982-05-01,05,3.6,0.2
1982-06-01,05,3.1,0.2
1982-07-01,05,2.6,0.3
1982-08-01,05,2.5,0.2
1982-09-01,05,2.0,-0.2
1982-10-01,05,2.0,0.2
1982-11-01,05,2.6,0.8
1982-12-01,05,2.6,0.1
1983-01-01,05,2.9,0.7
1983-02-01,05,2.9,0.1
1983-03-01,05,2.9,0.1
1983-04-01,05,2.7,0.0
1983-05-01,05,2.7,0.1
1983-06-01,05,2.7,0.1
1983-07-01,05,2.6,0.1
1983-08-01,05,2.4,0.0
1983-09-01,05,2.6,0.0
1983-10-01,05,2.6,0.1
1983-11-01,05,1.8,0.0
1983-12-01,05,1.8,0.1
1984-01-01,05,0.7,-0.3
1984-02-01,05,0.6,0.0
1984-03-01,05,0.4,0.0
1984-04-01,05,0.6,0.1
1984-05-01,05,0.4,0.0
1984-06-01,05,0.3,0.0
1984-07-01,05,0.1,0.0
1984-08-01,05,0.1,0.0
1984-09-01,05,0.1,0.0
1984-10-01,05,0.0,0.0
1984-11-01,05,0.0,0.0
1984-12-01,05,-0.1,0.0
1985-01-01,05,0.1,0.0
1985-02-01,05,0.1,0.0
1985-03-01,05,0.1,0.0
1985-04-01,05,0.0,0.0
1985-05-01,05,0.1,0.1
1985-06-01,05,0.0,-0.1
1985-07-01,05,0.3,0.3
1985-08-01,05,0.1,-0.1
1985-09-01,05,0.1,0.0
1985-10-01,05,0.1,0.0
1985-11-01,05,0.1,0.0
1985-12-01,05,0.0,-0.1
1986-01-01,05,0.1,0.1
1986-02-01,05,0.3,0.1
1986-03-01,05,0.3,0.0
1986-04-01,05,0.3,0.0
1986-05-01,05,0.1,0.0
1986-06-01,05,0.3,0.0
1986-07-01,05,0.6,0.6
1986-08-01,05,1.0,0.3
1986-09-01,05,1.0,0.0
1986-10-01,05,1.0,0.0
1986-11-01,05,1.3,0.3
1986-12-01,05,1.2,-0.3
1987-01-01,05,1.3,0.3
1987-02-01,05,1.2,0.0
1987-03-01,05,1.2,0.0
1987-04-01,05,1.5,0.3
1987-05-01,05,1.6,0.1
1987-06-01,05,1.8,0.1
1987-07-01,05,1.2,0.0
1987-08-01,05,1.0,0.1
1987-09-01,05,1.0,0.0
1987-10-01,05,1.2,0.1
1987-11-01,05,1.0,0.1
1987-12-01,05,1.3,0.0
1988-01-01,05,1.4,0.4
1988-02-01,05,1.6,0.1
1988-03-01,05,2.0,0.4
1988-04-01,05,2.3,0.6
1988-05-01,05,2.7,0.6
1988-06-01,05,2.9,0.3
1988-07-01,05,3.3,0.4
1988-08-01,05,3.5,0.3
1988-09-01,05,3.7,0.3
1988-10-01,05,3.6,0.0
1988-11-01,05,3.6,0.1
1988-12-01,05,3.7,0.1
1989-01-01,05,3.7,0.4
1989-02-01,05,3.6,0.0
1989-03-01,05,3.4,0.3
1989-04-01,05,3.1,0.3
1989-05-01,05,2.7,0.1
1989-06-01,05,2.5,0.1
1989-07-01,05,2.5,0.4
1989-08-01,05,2.4,0.1
1989-09-01,05,2.1,0.0
1989-10-01,05,2.2,0.1
1989-11-01,05,2.2,0.1
1989-12-01,05,2.1,0.0
1990-01-01,05,1.9,0.3
1990-02-01,05,2.6,0.7
1990-03-01,05,2.3,0.0
1990-04-01,05,2.1,0.0
1990-05-01,05,2.1,0.1
1990-06-01,05,1.8,-0.1
1990-07-01,05,1.5,0.1
1990-08-01,05,1.4,0.0
1990-09-01,05,1.5,0.1
1990-10-01,05,1.5,0.1
1990-11-01,05,1.6,0.3
1990-12-01,05,2.0,0.4
1991-01-01,05,2.0,0.3
1991-02-01,05,3.2,1.9
1991-03-01,05,3.6,0.4
1991-04-01,05,4.3,0.6
1991-05-01,05,4.4,0.3
1991-06-01,05,4.8,0.3
1991-07-01,05,5.2,0.5
1991-08-01,05,5.2,0.0
1991-09-01,05,5.2,0.1
1991-10-01,05,5.2,0.1
1991-11-01,05,5.1,0.1
1991-12-01,05,4.6,0.0
1992-01-01,05,0.0,-4.2
1992-02-01,05,0.0,1.9
1992-03-01,05,0.0,0.4
1992-04-01,05,0.0,0.6
1992-05-01,05,0.0,0.3
1992-06-01,05,0.0,0.3
1992-07-01,05,0.0,0.5
1992-08-01,05,0.0,0.0
1992-09-01,05,0.0,0.1
1992-10-01,05,0.0,0.1
1992-11-01,05,0.0,0.1
1992-12-01,05,0.0,0.0
1993-01-01,05,6.0,1.5
1993-02-01,05,4.3,0.2
1993-03-01,05,4.0,0.1
1993-04-01,05,3.6,0.2
1993-05-01,05,3.5,0.1
1993-06-01,05,3.7,0.5
1993-07-01,05,3.7,0.5
1993-08-01,05,4.1,0.4
1993-09-01,05,3.9,0.0
1993-10-01,05,3.9,0.1
1993-11-01,05,3.8,0.0
1993-12-01,05,4.1,0.2
1994-01-01,05,2.6,0.1
1994-02-01,05,2.5,0.1
1994-03-01,05,2.2,-0.1
1994-04-01,05,2.1,0.1
1994-05-01,05,2.0,0.0
1994-06-01,05,1.5,0.0
1994-07-01,05,1.2,0.2
1994-08-01,05,1.0,0.1
1994-09-01,05,1.0,0.0
1994-10-01,05,1.0,0.1
1994-11-01,05,1.1,0.1
1994-12-01,05,0.7,-0.1
1995-01-01,05,0.6,0.0
1995-02-01,05,0.5,0.0
1995-03-01,05,1.2,0.6
1995-04-01,05,1.1,0.0
1995-05-01,05,3.8,2.6
1995-06-01,05,3.8,0.0
1995-07-01,05,3.9,0.4
1995-08-01,05,3.8,0.0
1995-09-01,05,3.9,0.1
1995-10-01,05,3.8,0.0
1995-11-01,05,3.6,0.0
1995-12-01,05,3.8,0.0
1996-01-01,05,3.6,-0.1
1996-02-01,05,3.5,-0.1
1996-03-01,05,3.0,0.1
1996-04-01,05,3.0,0.0
1996-05-01,05,0.2,-0.1
1996-06-01,05,0.2,0.0
1996-07-01,05,0.1,0.2
1996-08-01,05,0.1,0.0
1996-09-01,05,0.0,0.0
1996-10-01,05,-0.1,-0.1
1996-11-01,05,-0.1,0.0
1996-12-01,05,-0.1,0.0
1997-01-01,05,0.0,0.0
1997-02-01,05,0.2,0.1
1997-03-01,05,0.1,0.0
1997-04-01,05,0.1,0.0
1997-05-01,05,0.1,-0.1
1997-06-01,05,0.1,0.0
1997-07-01,05,-0.2,-0.1
1997-08-01,05,-0.4,-0.1
1997-09-01,05,-0.4,0.0
1997-10-01,05,0.4,0.6
1997-11-01,05,0.6,0.2
1997-12-01,05,0.9,0.3
1998-01-01,05,1.3,0.3
1998-02-01,05,2.0,0.8
1998-03-01,05,3.0,1.0
1998-04-01,05,3.5,0.5
1998-05-01,05,4.1,0.5
1998-06-01,05,4.2,0.1
1998-07-01,05,4.7,0.3
1998-08-01,05,5.0,0.2
1998-09-01,05,5.2,0.1
1998-10-01,05,4.7,0.1
1998-11-01,05,4.5,0.1
1998-12-01,05,4.2,0.0
1999-01-01,05,3.9,0.1
1999-02-01,05,3.2,0.1
1999-03-01,05,2.2,0.0
1999-04-01,05,1.7,0.0
1999-05-01,05,1.2,0.0
1999-06-01,05,1.3,0.2
1999-07-01,05,0.8,-0.2
1999-08-01,05,0.6,0.0
1999-09-01,05,0.4,0.0
1999-10-01,05,0.2,-0.1
1999-11-01,05,0.2,0.1
1999-12-01,05,0.1,-0.1
2000-01-01,05,0.2,0.2
2000-02-01,05,0.1,0.0
2000-03-01,05,0.1,0.0
2000-04-01,05,0.1,0.0
2000-05-01,05,0.1,0.0
2000-06-01,05,-0.1,0.0
2000-07-01,05,0.1,0.0
2000-08-01,05,-0.1,-0.2
2000-09-01,05,-0.1,0.0
2000-10-01,05,0.0,0.0
2000-11-01,05,-0.2,-0.1
2000-12-01,05,-0.1,0.0
2001-01-01,05,-0.2,0.1
2001-02-01,05,0.1,0.3
2001-03-01,05,0.0,-0.1
2001-04-01,05,0.1,0.1
2001-05-01,05,0.1,0.0
2001-06-01,05,0.1,0.0
2001-07-01,05,0.2,0.1
2001-08-01,05,0.2,-0.2
2001-09-01,05,0.3,0.1
2001-10-01,05,0.3,0.0
2001-11-01,05,0.3,-0.1
2001-12-01,05,0.1,-0.2
2002-01-01,05,0.0,0.0
2002-02-01,05,-0.3,0.0
2002-03-01,05,-0.3,-0.1
2002-04-01,05,-0.4,0.0
2002-05-01,05,-0.4,0.0
2002-06-01,05,-0.6,-0.1
2002-07-01,05,-0.7,0.0
2002-08-01,05,-0.7,-0.2
2002-09-01,05,-0.7,0.1
2002-10-01,05,-0.8,-0.1
2002-11-01,05,-0.7,0.0
2002-12-01,05,-0.4,0.0
2003-01-01,05,1.8,2.2
2003-02-01,05,1.6,-0.2
2003-03-01,05,1.4,-0.2
2003-04-01,05,0.8,-0.7
2003-05-01,05,0.6,-0.2
2003-06-01,05,0.6,-0.1
2003-07-01,05,0.0,-0.6
2003-08-01,05,-0.1,-0.3
2003-09-01,05,-0.6,-0.3
2003-10-01,05,-1.1,-0.7
2003-11-01,05,-1.7,-0.6
2003-12-01,05,-1.7,0.0
2004-01-01,05,-1.5,2.4
2004-02-01,05,-1.2,0.1
2004-03-01,05,-1.0,0.0
2004-04-01,05,-0.1,0.2
2004-05-01,05,0.1,0.0
2004-06-01,05,0.2,0.0
2004-07-01,05,0.6,-0.2
2004-08-01,05,1.0,0.1
2004-09-01,05,1.2,-0.1
2004-10-01,05,2.0,0.1
2004-11-01,05,2.4,-0.2
2004-12-01,05,2.5,0.1
2005-01-01,05,0.6,0.4
2005-02-01,05,0.7,0.2
2005-03-01,05,0.7,0.0
2005-04-01,05,0.9,0.4
2005-05-01,05,1.0,0.1
2005-06-01,05,1.1,0.1
2005-07-01,05,1.4,0.1
2005-08-01,05,1.3,0.0
2005-09-01,05,1.5,0.1
2005-10-01,05,1.5,0.1
2005-11-01,05,2.1,0.3
2005-12-01,05,2.0,0.0
2006-01-01,05,1.5,0.0
2006-02-01,05,1.4,0.1
2006-03-01,05,1.4,0.0
2006-04-01,05,1.2,0.2
2006-05-01,05,1.1,0.0
2006-06-01,05,1.1,0.1
2006-07-01,05,1.1,0.1
2006-08-01,05,1.0,-0.1
2006-09-01,05,1.1,0.2
2006-10-01,05,1.1,0.1
2006-11-01,05,0.8,0.0
2006-12-01,05,0.8,0.0
2007-01-01,05,1.1,0.3
2007-02-01,05,0.9,-0.1
2007-03-01,05,1.2,0.3
2007-04-01,05,1.0,0.0
2007-05-01,05,1.0,0.0
2007-06-01,05,1.0,0.1
2007-07-01,05,1.1,0.2
2007-08-01,05,1.2,0.0
2007-09-01,05,1.1,0.1
2007-10-01,05,1.0,0.0
2007-11-01,05,1.2,0.2
2007-12-01,05,1.2,0.0
2008-01-01,05,1.2,0.3
2008-02-01,05,1.6,0.3
2008-03-01,05,1.5,0.2
2008-04-01,05,1.8,0.3
2008-05-01,05,1.9,0.1
2008-06-01,05,2.7,0.8
2008-07-01,05,3.5,1.0
2008-08-01,05,3.9,0.4
2008-09-01,05,4.1,0.2
2008-10-01,05,4.5,0.4
2008-11-01,05,4.6,0.3
2008-12-01,05,4.7,0.1
2009-01-01,05,4.9,0.5
2009-02-01,05,4.8,0.2
2009-03-01,05,4.5,0.0
2009-04-01,05,4.4,0.2
2009-05-01,05,4.3,0.0
2009-06-01,05,3.5,0.1
2009-07-01,05,2.4,-0.1
2009-08-01,05,2.1,0.1
2009-09-01,05,1.8,0.0
2009-10-01,05,1.5,0.1
2009-11-01,05,1.3,0.1
2009-12-01,05,1.1,-0.1
2010-01-01,05,1.1,0.5
2010-02-01,05,0.8,-0.1
2010-03-01,05,0.9,0.1
2010-04-01,05,0.7,0.0
2010-05-01,05,-0.2,-0.9
2010-06-01,05,0.5,0.8
2010-07-01,05,0.8,0.2
2010-08-01,05,0.6,-0.1
2010-09-01,05,0.7,0.1
2010-10-01,05,0.6,0.0
2010-11-01,05,0.5,0.0
2010-12-01,05,0.5,-0.1
2011-01-01,05,1.0,1.0
2011-02-01,05,1.2,0.1
2011-03-01,05,1.1,0.0
2011-04-01,05,1.2,0.1
2011-05-01,05,2.3,0.2
2011-06-01,05,1.7,0.2
2011-07-01,05,2.0,0.5
2011-08-01,05,2.1,0.0
2011-09-01,05,2.2,0.2
2011-10-01,05,2.2,0.0
2011-11-01,05,2.3,0.1
2011-12-01,05,2.5,0.1
2012-01-01,05,1.9,0.4
2012-02-01,05,2.2,0.4
2012-03-01,05,2.4,0.2
2012-04-01,05,2.4,0.1
2012-05-01,05,2.3,0.1
2012-06-01,05,2.2,0.1
2012-07-01,05,1.7,0.0
2012-08-01,05,1.9,0.2
2012-09-01,05,2.0,0.3
2012-10-01,05,1.9,-0.1
2012-11-01,05,1.8,0.0
2012-12-01,05,1.6,-0.1
2013-01-01,05,1.7,0.5
2013-02-01,05,1.5,0.3
2013-03-01,05,1.7,0.4
2013-04-01,05,1.7,0.1
2013-05-01,05,1.5,-0.1
2013-06-01,05,1.6,0.2
2013-07-01,05,1.6,0.0
2013-08-01,05,1.4,0.0
2013-09-01,05,1.3,0.2
2013-10-01,05,1.4,0.0
2013-11-01,05,1.6,0.2
2013-12-01,05,1.6,-0.1
2014-01-01,05,1.6,0.5
2014-02-01,05,1.5,0.2
2014-03-01,05,1.1,0.0
2014-04-01,05,1.0,0.0
2014-05-01,05,1.2,0.1
2014-06-01,05,1.0,0.0
2014-07-01,05,0.8,-0.3
2014-08-01,05,1.1,0.4
2014-09-01,05,0.9,0.0
2014-10-01,05,0.9,-0.1
2014-11-01,05,0.8,0.1
2014-12-01,05,0.6,-0.3
2015-01-01,05,0.5,0.4
2015-02-01,05,0.1,-0.2
2015-03-01,05,0.2,0.1
2015-04-01,05,2.3,2.2
2015-05-01,05,2.6,0.4
2015-06-01,05,3.2,0.5
2015-07-01,05,3.9,0.4
2015-08-01,05,3.7,0.3
2015-09-01,05,3.7,0.0
2015-10-01,05,3.8,-0.1
2015-11-01,05,3.8,0.2
2015-12-01,05,4.2,0.1
2016-01-01,05,4.1,0.3
2016-02-01,05,4.7,0.4
2016-03-01,05,4.7,0.1
2016-04-01,05,2.6,0.1
2016-05-01,05,2.2,0.0
2016-06-01,05,1.7,0.1
2016-07-01,05,1.5,0.2
2016-08-01,05,1.3,0.0
2016-09-01,05,1.3,0.0
2016-10-01,05,1.5,0.2
2016-11-01,05,1.4,0.1
2016-12-01,05,1.4,0.1
2017-01-01,05,1.5,0.4
2017-02-01,05,1.5,0.4
2017-03-01,05,1.5,0.1
2017-04-01,05,1.9,0.4
2017-05-01,05,2.1,0.3
2017-06-01,05,2.1,0.0
2017-07-01,05,2.6,0.7
2017-08-01,05,2.7,0.1
2017-09-01,05,2.8,0.1
2017-10-01,05,2.6,0.0
2017-11-01,05,2.5,0.0
2017-12-01,05,2.4,0.0
2018-01-01,05,2.6,0.5
2018-02-01,05,2.1,-0.1
2018-03-01,05,2.1,0.1
2018-04-01,05,1.8,0.1
2018-05-01,05,1.5,0.0
2018-06-01,05,-1.0,-2.4
2018-07-01,05,-1.7,0.0
2018-08-01,05,-1.7,0.1
2018-09-01,05,-0.8,1.0
2018-10-01,05,-0.3,0.4
2018-11-01,05,-0.1,0.3
2018-12-01,05,0.1,0.2
2019-01-01,05,-0.3,0.2
2019-02-01,05,0.1,0.3
2019-03-01,05,0.3,0.3
2019-04-01,05,0.2,0.0
2019-05-01,05,0.5,0.3
2019-06-01,05,3.1,0.1
2019-07-01,05,3.3,0.2
2019-08-01,05,3.2,0.0
2019-09-01,05,2.1,-0.1
2019-10-01,05,1.7,0.0
2019-11-01,05,1.5,0.1
2019-12-01,05,1.4,0.1
2020-01-01,05,1.2,0.0
2020-02-01,05,1.0,0.1
2020-03-01,05,0.8,0.0
2020-04-01,05,0.3,-0.4
2020-05-01,05,-0.2,-0.2
2020-06-01,05,-0.2,0.1
2020-07-01,05,-0.1,0.3
2020-08-01,05,-0.1,0.0
2020-09-01,05,0.1,0.1
2020-10-01,05,0.1,0.0
2020-11-01,05,-0.1,-0.1
2020-12-01,05,-0.1,0.1
2021-01-01,05,0.2,0.3
2021-02-01,05,0.3,0.2
2021-03-01,05,0.9,0.6
2021-04-01,05,1.6,0.3
2021-05-01,05,2.1,0.3
2021-06-01,05,2.0,0.0
2021-07-01,05,1.7,0.0
2021-08-01,05,1.7,0.0
2021-09-01,05,1.7,0.1
2021-10-01,05,2.1,0.4
2021-11-01,05,2.6,0.3
2021-12-01,05,2.7,0.3
2022-01-01,05,3.1,0.6
2022-02-01,05,3.2,0.2
2022-03-01,05,3.0,0.4
2022-04-01,05,2.7,0.1
2022-05-01,05,2.9,0.5
2022-06-01,05,3.4,0.4
2022-07-01,05,4.0,0.6
2022-08-01,05,4.3,0.3
2022-09-01,05,4.4,0.2
2022-10-01,05,4.1,0.2
2022-11-01,05,3.8,0.1
2022-12-01,05,3.7,0.1
2023-01-01,05,3.5,0.4
2023-02-01,05,3.4,0.2
2023-03-01,05,3.1,0.2
2023-04-01,05,3.0,0.0
2023-05-01,05,2.7,0.2
2023-06-01,05,2.3,0.0
2023-07-01,05,1.9,0.2
2023-08-01,05,1.7,0.2
2023-09-01,05,1.5,0.0
2023-10-01,05,1.4,0.1
2023-11-01,05,1.4,0.1
2023-12-01,05,1.4,0.0
2024-01-01,05,1.0,0.0
2024-02-01,05,0.9,0.1
2024-03-01,05,0.9,0.2
2024-04-01,05,1.0,0.1
2024-05-01,05,0.8,0.0
2024-06-01,05,0.9,0.1
2024-07-01,05,0.9,0.2
2024-08-01,05,0.7,0.0
2024-09-01,05,0.6,-0.1
2024-10-01,05,0.5,-0.1
2024-11-01,05,0.5,0.1
2024-12-01,05,0.4,-0.1
2025-01-01,05,0.5,0.1
2025-02-01,05,0.3,-0.1
2025-03-01,05,0.2,0.1
2025-04-01,05,0.1,-0.1
2025-05-01,05,0.2,0.1
2025-06-01,05,0.1,0.0
2025-07-01,05,0.1,0.2
2025-08-01,05,0.2,0.1
2025-09-01,05,0.2,0.0
2025-10-01,05,0.3,0.0
2025-11-01,05,0.2,0.0
2025-12-01,05,0.3,0.0
2026-01-01,05,0.2,-0.1
2026-02-01,05,0.2,0.0
2026-03-01,05,0.1,-0.1
2026-04-01,05,0.4,0.2
1980-02-01,06,,0.8
1980-03-01,06,,0.3
1980-04-01,06,,0.0
1980-05-01,06,,1.0
1980-06-01,06,,0.3
1980-07-01,06,,0.5
1980-08-01,06,,1.3
1980-09-01,06,,1.0
1980-10-01,06,,0.8
1980-11-01,06,,0.5
1980-12-01,06,,1.0
1981-01-01,06,8.5,0.7
1981-02-01,06,8.2,0.5
1981-03-01,06,8.1,0.2
1981-04-01,06,10.0,1.7
1981-05-01,06,9.6,0.7
1981-06-01,06,9.6,0.2
1981-07-01,06,9.5,0.5
1981-08-01,06,8.7,0.5
1981-09-01,06,8.3,0.7
1981-10-01,06,8.3,0.7
1981-11-01,06,8.0,0.2
1981-12-01,06,6.9,0.0
1982-01-01,06,6.6,0.5
1982-02-01,06,6.6,0.5
1982-03-01,06,6.8,0.5
1982-04-01,06,5.3,0.2
1982-05-01,06,4.7,0.2
1982-06-01,06,5.2,0.7
1982-07-01,06,4.9,0.2
1982-08-01,06,4.4,0.0
1982-09-01,06,4.0,0.2
1982-10-01,06,3.2,0.0
1982-11-01,06,3.0,0.0
1982-12-01,06,13.1,9.8
1983-01-01,06,13.3,0.6
1983-02-01,06,13.2,0.4
1983-03-01,06,13.4,0.6
1983-04-01,06,13.2,0.0
1983-05-01,06,13.1,0.2
1983-06-01,06,12.4,0.0
1983-07-01,06,12.1,0.0
1983-08-01,06,12.1,0.0
1983-09-01,06,12.1,0.2
1983-10-01,06,12.3,0.2
1983-11-01,06,12.3,0.0
1983-12-01,06,2.4,0.2
1984-01-01,06,2.0,0.2
1984-02-01,06,1.8,0.2
1984-03-01,06,1.2,0.0
1984-04-01,06,1.2,0.0
1984-05-01,06,1.0,0.0
1984-06-01,06,1.2,0.2
1984-07-01,06,1.4,0.2
1984-08-01,06,1.6,0.2
1984-09-01,06,1.4,0.0
1984-10-01,06,1.2,0.0
1984-11-01,06,1.2,0.0
1984-12-01,06,1.2,0.2
1985-01-01,06,1.8,0.8
1985-02-01,06,2.0,0.4
1985-03-01,06,2.0,0.0
1985-04-01,06,2.0,0.0
1985-05-01,06,2.0,0.0
1985-06-01,06,2.8,1.0
1985-07-01,06,2.8,0.2
1985-08-01,06,2.6,0.0
1985-09-01,06,2.6,0.0
1985-10-01,06,3.0,0.4
1985-11-01,06,3.0,0.0
1985-12-01,06,2.9,0.2
1986-01-01,06,2.3,0.2
1986-02-01,06,1.9,0.0
1986-03-01,06,2.1,0.2
1986-04-01,06,2.1,0.0
1986-05-01,06,2.1,0.0
1986-06-01,06,1.2,0.0
1986-07-01,06,1.2,0.2
1986-08-01,06,1.2,0.0
1986-09-01,06,1.2,0.0
1986-10-01,06,1.0,0.2
1986-11-01,06,1.0,0.0
1986-12-01,06,0.8,0.0
1987-01-01,06,0.8,0.2
1987-02-01,06,0.8,0.0
1987-03-01,06,0.8,0.2
1987-04-01,06,0.8,0.0
1987-05-01,06,0.8,0.0
1987-06-01,06,0.8,0.0
1987-07-01,06,0.8,0.2
1987-08-01,06,0.8,0.0
1987-09-01,06,0.8,0.0
1987-10-01,06,0.8,0.2
1987-11-01,06,0.8,0.0
1987-12-01,06,1.3,0.6
1988-01-01,06,1.3,0.2
1988-02-01,06,1.5,0.2
1988-03-01,06,1.3,0.0
1988-04-01,06,1.3,0.0
1988-05-01,06,1.5,0.2
1988-06-01,06,1.7,0.2
1988-07-01,06,1.7,0.2
1988-08-01,06,1.7,0.0
1988-09-01,06,1.7,0.0
1988-10-01,06,1.5,0.0
1988-11-01,06,1.7,0.2
1988-12-01,06,1.3,0.2
1989-01-01,06,1.3,0.2
1989-02-01,06,1.3,0.2
1989-03-01,06,1.5,0.2
1989-04-01,06,1.5,0.0
1989-05-01,06,1.5,0.2
1989-06-01,06,1.3,0.0
1989-07-01,06,1.7,0.5
1989-08-01,06,1.9,0.2
1989-09-01,06,1.9,0.0
1989-10-01,06,2.0,0.2
1989-11-01,06,2.0,0.2
1989-12-01,06,2.0,0.2
1990-01-01,06,2.9,1.1
1990-02-01,06,2.8,0.0
1990-03-01,06,2.6,0.0
1990-04-01,06,2.8,0.2
1990-05-01,06,2.6,0.0
1990-06-01,06,2.7,0.2
1990-07-01,06,2.4,0.2
1990-08-01,06,2.4,0.2
1990-09-01,06,2.4,0.0
1990-10-01,06,2.4,0.2
1990-11-01,06,2.5,0.4
1990-12-01,06,2.7,0.4
1991-01-01,06,2.1,0.5
1991-02-01,06,5.4,3.2
1991-03-01,06,5.7,0.3
1991-04-01,06,5.5,0.0
1991-05-01,06,5.7,0.2
1991-06-01,06,5.5,0.0
1991-07-01,06,5.7,0.3
1991-08-01,06,5.5,0.0
1991-09-01,06,5.7,0.2
1991-10-01,06,5.9,0.3
1991-11-01,06,5.8,0.3
1991-12-01,06,5.5,0.0
1992-01-01,06,0.0,-4.7
1992-02-01,06,0.0,3.2
1992-03-01,06,0.0,0.3
1992-04-01,06,0.0,0.0
1992-05-01,06,0.0,0.2
1992-06-01,06,0.0,0.0
1992-07-01,06,0.0,0.3
1992-08-01,06,0.0,0.0
1992-09-01,06,0.0,0.2
1992-10-01,06,0.0,0.3
1992-11-01,06,0.0,0.3
1992-12-01,06,0.0,0.0
1993-01-01,06,10.0,4.8
1993-02-01,06,7.3,0.6
1993-03-01,06,8.1,1.1
1993-04-01,06,8.5,0.3
1993-05-01,06,8.4,0.2
1993-06-01,06,9.1,0.6
1993-07-01,06,9.1,0.3
1993-08-01,06,9.3,0.2
1993-09-01,06,9.1,0.0
1993-10-01,06,8.9,0.2
1993-11-01,06,8.7,0.2
1993-12-01,06,8.7,0.0
1994-01-01,06,4.1,0.5
1994-02-01,06,3.8,0.3
1994-03-01,06,3.0,0.3
1994-04-01,06,3.1,0.5
1994-05-01,06,3.6,0.6
1994-06-01,06,3.1,0.2
1994-07-01,06,3.1,0.3
1994-08-01,06,3.1,0.1
1994-09-01,06,3.5,0.4
1994-10-01,06,3.5,0.1
1994-11-01,06,3.5,0.1
1994-12-01,06,3.7,0.1
1995-01-01,06,3.5,0.3
1995-02-01,06,3.4,0.1
1995-03-01,06,3.3,0.3
1995-04-01,06,3.3,0.4
1995-05-01,06,3.2,0.4
1995-06-01,06,3.0,0.0
1995-07-01,06,2.8,0.1
1995-08-01,06,2.8,0.1
1995-09-01,06,2.8,0.4
1995-10-01,06,2.7,0.0
1995-11-01,06,2.7,0.1
1995-12-01,06,2.7,0.1
1996-01-01,06,3.5,1.2
1996-02-01,06,3.7,0.3
1996-03-01,06,3.7,0.3
1996-04-01,06,3.5,0.3
1996-05-01,06,3.2,0.1
1996-06-01,06,3.4,0.1
1996-07-01,06,3.8,0.6
1996-08-01,06,3.8,0.1
1996-09-01,06,3.6,0.3
1996-10-01,06,3.9,0.3
1996-11-01,06,3.8,0.0
1996-12-01,06,3.9,0.3
1997-01-01,06,3.7,1.0
1997-02-01,06,3.7,0.3
1997-03-01,06,3.7,0.3
1997-04-01,06,3.4,0.0
1997-05-01,06,3.7,0.4
1997-06-01,06,3.8,0.3
1997-07-01,06,3.5,0.3
1997-08-01,06,3.5,0.1
1997-09-01,06,3.4,0.1
1997-10-01,06,3.3,0.3
1997-11-01,06,3.9,0.5
1997-12-01,06,4.3,0.7
1998-01-01,06,4.3,0.9
1998-02-01,06,5.1,1.1
1998-03-01,06,5.7,0.9
1998-04-01,06,6.3,0.5
1998-05-01,06,6.1,0.3
1998-06-01,06,6.8,0.9
1998-07-01,06,6.6,0.1
1998-08-01,06,6.6,0.1
1998-09-01,06,6.9,0.4
1998-10-01,06,7.0,0.4
1998-11-01,06,6.7,0.3
1998-12-01,06,6.1,0.1
1999-01-01,06,5.3,0.1
1999-02-01,06,4.4,0.3
1999-03-01,06,3.8,0.2
1999-04-01,06,3.3,0.1
1999-05-01,06,3.3,0.2
1999-06-01,06,2.5,0.1
1999-07-01,06,2.5,0.1
1999-08-01,06,2.5,0.1
1999-09-01,06,2.4,0.2
1999-10-01,06,2.1,0.1
1999-11-01,06,2.1,0.2
1999-12-01,06,2.1,0.1
2000-01-01,06,2.4,0.4
2000-02-01,06,2.1,0.0
2000-03-01,06,1.9,0.0
2000-04-01,06,2.0,0.2
2000-05-01,06,2.0,0.2
2000-06-01,06,2.0,0.1
2000-07-01,06,2.1,0.2
2000-08-01,06,2.2,0.2
2000-09-01,06,2.0,0.0
2000-10-01,06,2.0,0.1
2000-11-01,06,1.8,0.1
2000-12-01,06,1.8,0.1
2001-01-01,06,2.3,0.8
2001-02-01,06,2.4,0.1
2001-03-01,06,2.8,0.4
2001-04-01,06,2.9,0.4
2001-05-01,06,2.8,0.1
2001-06-01,06,2.9,0.2
2001-07-01,06,2.9,0.2
2001-08-01,06,3.0,0.4
2001-09-01,06,3.1,0.1
2001-10-01,06,3.1,0.1
2001-11-01,06,3.1,0.1
2001-12-01,06,3.1,0.1
2002-01-01,06,2.4,0.1
2002-02-01,06,2.6,0.4
2002-03-01,06,2.5,0.2
2002-04-01,06,2.4,0.2
2002-05-01,06,2.6,0.3
2002-06-01,06,2.5,0.1
2002-07-01,06,2.5,0.2
2002-08-01,06,2.2,0.1
2002-09-01,06,2.2,0.1
2002-10-01,06,2.2,0.1
2002-11-01,06,2.2,0.1
2002-12-01,06,2.2,0.1
2003-01-01,06,4.0,1.8
2003-02-01,06,3.4,-0.2
2003-03-01,06,3.1,0.0
2003-04-01,06,2.5,-0.3
2003-05-01,06,2.1,-0.1
2003-06-01,06,1.6,-0.3
2003-07-01,06,1.3,-0.1
2003-08-01,06,0.8,-0.3
2003-09-01,06,0.3,-0.3
2003-10-01,06,0.3,0.1
2003-11-01,06,-0.1,-0.3
2003-12-01,06,-0.3,-0.1
2004-01-01,06,0.6,2.8
2004-02-01,06,0.7,-0.1
2004-03-01,06,0.8,0.1
2004-04-01,06,0.9,-0.2
2004-05-01,06,1.1,0.1
2004-06-01,06,1.4,-0.1
2004-07-01,06,1.6,0.1
2004-08-01,06,1.7,-0.2
2004-09-01,06,2.1,0.0
2004-10-01,06,2.1,0.1
2004-11-01,06,2.1,-0.3
2004-12-01,06,2.2,0.0
2005-01-01,06,0.3,0.9
2005-02-01,06,0.4,0.0
2005-03-01,06,0.4,0.1
2005-04-01,06,0.8,0.1
2005-05-01,06,0.8,0.1
2005-06-01,06,1.0,0.1
2005-07-01,06,1.7,0.8
2005-08-01,06,2.7,0.8
2005-09-01,06,2.8,0.1
2005-10-01,06,2.7,0.0
2005-11-01,06,3.4,0.3
2005-12-01,06,3.3,-0.1
2006-01-01,06,2.6,0.2
2006-02-01,06,2.8,0.2
2006-03-01,06,2.7,0.0
2006-04-01,06,2.7,0.1
2006-05-01,06,2.8,0.2
2006-06-01,06,2.7,0.0
2006-07-01,06,2.2,0.3
2006-08-01,06,1.5,0.1
2006-09-01,06,1.6,0.2
2006-10-01,06,1.6,0.0
2006-11-01,06,1.5,0.2
2006-12-01,06,1.7,0.1
2007-01-01,06,1.6,0.1
2007-02-01,06,1.5,0.1
2007-03-01,06,1.5,0.0
2007-04-01,06,1.6,0.2
2007-05-01,06,1.5,0.1
2007-06-01,06,1.6,0.1
2007-07-01,06,1.4,0.1
2007-08-01,06,1.3,0.0
2007-09-01,06,1.4,0.3
2007-10-01,06,1.5,0.1
2007-11-01,06,1.4,0.1
2007-12-01,06,1.5,0.2
2008-01-01,06,1.8,0.4
2008-02-01,06,1.8,0.1
2008-03-01,06,1.9,0.1
2008-04-01,06,1.9,0.2
2008-05-01,06,2.0,0.2
2008-06-01,06,2.1,0.2
2008-07-01,06,2.3,0.3
2008-08-01,06,2.4,0.1
2008-09-01,06,2.3,0.2
2008-10-01,06,2.5,0.3
2008-11-01,06,2.9,0.4
2008-12-01,06,2.6,0.0
2009-01-01,06,2.5,0.3
2009-02-01,06,2.6,0.2
2009-03-01,06,2.5,0.0
2009-04-01,06,2.4,0.1
2009-05-01,06,2.5,0.3
2009-06-01,06,2.5,0.2
2009-07-01,06,2.2,0.0
2009-08-01,06,2.2,0.1
2009-09-01,06,2.2,0.2
2009-10-01,06,1.9,0.0
2009-11-01,06,1.6,0.2
2009-12-01,06,1.5,-0.1
2010-01-01,06,1.7,0.5
2010-02-01,06,1.5,0.0
2010-03-01,06,1.4,-0.1
2010-04-01,06,1.7,0.4
2010-05-01,06,1.5,0.1
2010-06-01,06,1.5,0.2
2010-07-01,06,1.6,0.1
2010-08-01,06,1.6,0.1
2010-09-01,06,1.6,0.2
2010-10-01,06,1.7,0.1
2010-11-01,06,1.6,0.1
2010-12-01,06,1.9,0.2
2011-01-01,06,2.1,0.7
2011-02-01,06,2.7,0.6
2011-03-01,06,2.7,-0.1
2011-04-01,06,2.5,0.2
2011-05-01,06,2.6,0.2
2011-06-01,06,2.5,0.1
2011-07-01,06,2.7,0.3
2011-08-01,06,2.9,0.3
2011-09-01,06,3.0,0.3
2011-10-01,06,3.1,0.2
2011-11-01,06,3.0,0.0
2011-12-01,06,2.8,0.0
2012-01-01,06,2.4,0.3
2012-02-01,06,2.0,0.2
2012-03-01,06,2.2,0.1
2012-04-01,06,2.2,0.2
2012-05-01,06,2.1,0.1
2012-06-01,06,2.0,0.1
2012-07-01,06,1.9,0.2
2012-08-01,06,1.7,0.1
2012-09-01,06,1.9,0.5
2012-10-01,06,1.8,0.1
2012-11-01,06,2.0,0.2
2012-12-01,06,2.1,0.1
2013-01-01,06,2.0,0.2
2013-02-01,06,1.9,0.1
2013-03-01,06,1.9,0.1
2013-04-01,06,2.1,0.4
2013-05-01,06,2.2,0.2
2013-06-01,06,1.9,-0.2
2013-07-01,06,1.8,0.1
2013-08-01,06,1.9,0.2
2013-09-01,06,1.7,0.3
2013-10-01,06,1.7,0.1
2013-11-01,06,1.8,0.3
2013-12-01,06,1.9,0.2
2014-01-01,06,2.1,0.4
2014-02-01,06,2.2,0.2
2014-03-01,06,2.3,0.2
2014-04-01,06,2.3,0.5
2014-05-01,06,2.4,0.3
2014-06-01,06,3.1,0.5
2014-07-01,06,3.3,0.3
2014-08-01,06,3.3,0.2
2014-09-01,06,3.4,0.4
2014-10-01,06,3.4,0.1
2014-11-01,06,3.4,0.4
2014-12-01,06,3.3,0.1
2015-01-01,06,3.2,0.3
2015-02-01,06,3.4,0.4
2015-03-01,06,3.6,0.4
2015-04-01,06,5.0,1.9
2015-05-01,06,5.0,0.3
2015-06-01,06,5.0,0.4
2015-07-01,06,4.8,0.1
2015-08-01,06,4.7,0.1
2015-09-01,06,4.6,0.3
2015-10-01,06,4.7,0.2
2015-11-01,06,4.4,0.1
2015-12-01,06,4.6,0.3
2016-01-01,06,4.6,0.3
2016-02-01,06,4.5,0.3
2016-03-01,06,4.2,0.0
2016-04-01,06,2.2,-0.1
2016-05-01,06,2.0,0.1
2016-06-01,06,2.0,0.4
2016-07-01,06,2.0,0.1
2016-08-01,06,2.2,0.3
2016-09-01,06,2.2,0.3
2016-10-01,06,2.3,0.3
2016-11-01,06,2.5,0.3
2016-12-01,06,2.4,0.2
2017-01-01,06,2.5,0.3
2017-02-01,06,2.4,0.3
2017-03-01,06,2.6,0.2
2017-04-01,06,2.8,0.2
2017-05-01,06,2.9,0.2
2017-06-01,06,2.6,0.2
2017-07-01,06,2.9,0.3
2017-08-01,06,2.7,0.1
2017-09-01,06,2.5,0.2
2017-10-01,06,2.4,0.1
2017-11-01,06,2.2,0.1
2017-12-01,06,2.3,0.2
2018-01-01,06,2.3,0.3
2018-02-01,06,2.1,0.1
2018-03-01,06,2.0,0.1
2018-04-01,06,2.1,0.2
2018-05-01,06,1.9,0.0
2018-06-01,06,0.3,-1.4
2018-07-01,06,0.0,0.0
2018-08-01,06,0.0,0.1
2018-09-01,06,-0.2,0.0
2018-10-01,06,-0.2,0.0
2018-11-01,06,-0.2,0.2
2018-12-01,06,-0.4,0.0
2019-01-01,06,-0.5,0.2
2019-02-01,06,-0.4,0.2
2019-03-01,06,-0.2,0.2
2019-04-01,06,-0.3,0.2
2019-05-01,06,-0.3,0.0
2019-06-01,06,1.2,0.2
2019-07-01,06,1.3,0.1
2019-08-01,06,1.4,0.2
2019-09-01,06,1.3,-0.1
2019-10-01,06,1.4,0.1
2019-11-01,06,1.4,0.2
2019-12-01,06,1.4,0.0
2020-01-01,06,1.4,0.2
2020-02-01,06,1.3,0.1
2020-03-01,06,1.4,0.3
2020-04-01,06,1.2,0.0
2020-05-01,06,1.2,0.0
2020-06-01,06,1.1,0.1
2020-07-01,06,1.1,0.1
2020-08-01,06,1.1,0.1
2020-09-01,06,1.1,0.0
2020-10-01,06,1.1,0.1
2020-11-01,06,1.0,0.0
2020-12-01,06,1.0,0.0
2021-01-01,06,0.7,0.0
2021-02-01,06,0.7,0.1
2021-03-01,06,0.5,0.1
2021-04-01,06,0.5,0.0
2021-05-01,06,0.6,0.1
2021-06-01,06,0.5,0.0
2021-07-01,06,0.4,0.0
2021-08-01,06,0.3,0.0
2021-09-01,06,0.3,0.0
2021-10-01,06,0.2,0.0
2021-11-01,06,0.2,0.0
2021-12-01,06,0.2,0.0
2022-01-01,06,0.3,0.1
2022-02-01,06,0.5,0.2
2022-03-01,06,0.2,-0.2
2022-04-01,06,0.2,0.1
2022-05-01,06,0.4,0.2
2022-06-01,06,0.6,0.2
2022-07-01,06,0.8,0.2
2022-08-01,06,0.9,0.1
2022-09-01,06,1.0,0.1
2022-10-01,06,1.0,0.1
2022-11-01,06,1.4,0.3
2022-12-01,06,1.3,-0.1
2023-01-01,06,1.6,0.4
2023-02-01,06,1.8,0.5
2023-03-01,06,2.2,0.1
2023-04-01,06,2.1,0.0
2023-05-01,06,1.9,0.1
2023-06-01,06,2.0,0.2
2023-07-01,06,2.0,0.2
2023-08-01,06,2.4,0.5
2023-09-01,06,2.2,-0.1
2023-10-01,06,2.4,0.2
2023-11-01,06,2.3,0.2
2023-12-01,06,2.5,0.2
2024-01-01,06,2.4,0.2
2024-02-01,06,2.2,0.3
2024-03-01,06,2.1,0.0
2024-04-01,06,2.3,0.2
2024-05-01,06,2.2,0.0
2024-06-01,06,1.8,-0.2
2024-07-01,06,1.9,0.3
2024-08-01,06,1.6,0.2
2024-09-01,06,1.6,-0.1
2024-10-01,06,1.4,0.1
2024-11-01,06,1.2,0.0
2024-12-01,06,1.1,0.1
2025-01-01,06,1.2,0.3
2025-02-01,06,1.0,0.2
2025-03-01,06,1.0,0.0
2025-04-01,06,0.9,0.1
2025-05-01,06,1.1,0.2
2025-06-01,06,1.2,0.0
2025-07-01,06,1.2,0.3
2025-08-01,06,1.1,0.1
2025-09-01,06,1.3,0.1
2025-10-01,06,1.5,0.2
2025-11-01,06,1.5,0.0
2025-12-01,06,1.5,0.2
2026-01-01,06,1.4,0.2
2026-02-01,06,1.2,0.0
2026-03-01,06,1.4,0.2
2026-04-01,06,1.4,0.2
1980-02-01,07,,0.0
1980-03-01,07,,0.3
1980-04-01,07,,0.3
1980-05-01,07,,3.3
1980-06-01,07,,0.3
1980-07-01,07,,0.5
1980-08-01,07,,4.2
1980-09-01,07,,1.5
1980-10-01,07,,0.5
1980-11-01,07,,1.5
1980-12-01,07,,0.0
1981-01-01,07,11.3,-1.5
1981-02-01,07,12.2,0.7
1981-03-01,07,11.8,0.0
1981-04-01,07,11.8,0.2
1981-05-01,07,10.6,2.2
1981-06-01,07,11.7,1.2
1981-07-01,07,11.9,0.7
1981-08-01,07,7.6,0.2
1981-09-01,07,6.2,0.2
1981-10-01,07,5.7,0.0
1981-11-01,07,4.6,0.5
1981-12-01,07,5.1,0.5
1982-01-01,07,6.7,0.0
1982-02-01,07,5.9,0.0
1982-03-01,07,6.2,0.2
1982-04-01,07,5.9,0.0
1982-05-01,07,3.6,0.0
1982-06-01,07,2.4,0.0
1982-07-01,07,1.9,0.2
1982-08-01,07,1.6,0.0
1982-09-01,07,1.6,0.2
1982-10-01,07,1.6,0.0
1982-11-01,07,3.0,1.8
1982-12-01,07,3.0,0.5
1983-01-01,07,3.3,0.2
1983-02-01,07,3.3,0.0
1983-03-01,07,3.2,0.2
1983-04-01,07,2.1,-1.1
1983-05-01,07,2.1,0.0
1983-06-01,07,2.1,0.0
1983-07-01,07,2.1,0.2
1983-08-01,07,2.1,0.0
1983-09-01,07,2.5,0.7
1983-10-01,07,2.5,0.0
1983-11-01,07,0.9,0.2
1983-12-01,07,0.5,0.0
1984-01-01,07,3.2,2.9
1984-02-01,07,3.4,0.2
1984-03-01,07,3.4,0.2
1984-04-01,07,5.2,0.7
1984-05-01,07,4.8,-0.4
1984-06-01,07,5.0,0.2
1984-07-01,07,4.8,0.0
1984-08-01,07,4.5,-0.2
1984-09-01,07,3.8,0.0
1984-10-01,07,3.8,0.0
1984-11-01,07,3.6,0.0
1984-12-01,07,3.6,0.0
1985-01-01,07,1.1,0.4
1985-02-01,07,0.9,0.0
1985-03-01,07,1.5,0.9
1985-04-01,07,1.3,0.4
1985-05-01,07,1.7,0.0
1985-06-01,07,2.8,1.3
1985-07-01,07,3.0,0.2
1985-08-01,07,3.7,0.4
1985-09-01,07,3.7,0.0
1985-10-01,07,3.0,-0.6
1985-11-01,07,2.4,-0.6
1985-12-01,07,2.4,0.0
1986-01-01,07,1.9,0.0
1986-02-01,07,1.9,0.0
1986-03-01,07,-1.3,-2.3
1986-04-01,07,-1.9,-0.2
1986-05-01,07,-1.9,0.0
1986-06-01,07,-1.5,1.7
1986-07-01,07,0.4,2.1
1986-08-01,07,0.2,0.2
1986-09-01,07,0.2,0.0
1986-10-01,07,1.1,0.2
1986-11-01,07,1.5,-0.2
1986-12-01,07,1.5,0.0
1987-01-01,07,1.5,0.0
1987-02-01,07,1.9,0.4
1987-03-01,07,3.9,-0.4
1987-04-01,07,4.8,0.6
1987-05-01,07,5.2,0.4
1987-06-01,07,3.8,0.4
1987-07-01,07,2.1,0.4
1987-08-01,07,2.1,0.2
1987-09-01,07,2.3,0.2
1987-10-01,07,2.1,0.0
1987-11-01,07,2.5,0.2
1987-12-01,07,2.5,0.0
1988-01-01,07,3.8,1.2
1988-02-01,07,3.1,-0.2
1988-03-01,07,4.6,1.0
1988-04-01,07,5.0,1.0
1988-05-01,07,4.5,0.0
1988-06-01,07,8.4,4.2
1988-07-01,07,8.2,0.2
1988-08-01,07,8.6,0.6
1988-09-01,07,8.4,0.0
1988-10-01,07,8.6,0.2
1988-11-01,07,9.0,0.6
1988-12-01,07,9.0,0.0
1989-01-01,07,8.9,1.1
1989-02-01,07,9.7,0.6
1989-03-01,07,8.8,0.2
1989-04-01,07,7.9,0.2
1989-05-01,07,8.5,0.5
1989-06-01,07,4.9,0.7
1989-07-01,07,6.2,1.4
1989-08-01,07,5.3,-0.4
1989-09-01,07,5.6,0.4
1989-10-01,07,5.6,0.2
1989-11-01,07,5.4,0.4
1989-12-01,07,5.4,0.0
1990-01-01,07,5.2,0.9
1990-02-01,07,5.7,1.1
1990-03-01,07,5.9,0.3
1990-04-01,07,5.7,0.0
1990-05-01,07,5.1,0.0
1990-06-01,07,4.3,0.0
1990-07-01,07,2.9,0.0
1990-08-01,07,3.4,0.2
1990-09-01,07,3.9,0.9
1990-10-01,07,6.0,2.2
1990-11-01,07,5.9,0.2
1990-12-01,07,5.9,0.0
1991-01-01,07,5.8,0.8
1991-02-01,07,4.9,0.2
1991-03-01,07,4.7,0.2
1991-04-01,07,4.7,0.0
1991-05-01,07,4.9,0.2
1991-06-01,07,4.9,0.0
1991-07-01,07,4.9,0.0
1991-08-01,07,4.8,0.2
1991-09-01,07,4.8,0.8
1991-10-01,07,2.5,0.0
1991-11-01,07,2.3,0.0
1991-12-01,07,2.5,0.2
1992-01-01,07,0.0,-1.6
1992-02-01,07,0.0,0.2
1992-03-01,07,0.0,0.2
1992-04-01,07,0.0,0.0
1992-05-01,07,0.0,0.2
1992-06-01,07,0.0,0.0
1992-07-01,07,0.0,0.0
1992-08-01,07,0.0,0.2
1992-09-01,07,0.0,0.8
1992-10-01,07,0.0,0.0
1992-11-01,07,0.0,0.0
1992-12-01,07,0.0,0.2
1993-01-01,07,10.1,8.3
1993-02-01,07,10.0,0.0
1993-03-01,07,10.4,0.6
1993-04-01,07,10.4,0.0
1993-05-01,07,10.2,0.0
1993-06-01,07,10.2,0.0
1993-07-01,07,10.2,0.0
1993-08-01,07,10.2,0.1
1993-09-01,07,9.3,0.0
1993-10-01,07,9.3,0.0
1993-11-01,07,9.5,0.1
1993-12-01,07,12.7,3.1
1994-01-01,07,4.5,0.4
1994-02-01,07,4.7,0.1
1994-03-01,07,4.2,0.1
1994-04-01,07,4.2,0.0
1994-05-01,07,4.6,0.4
1994-06-01,07,4.8,0.1
1994-07-01,07,4.8,0.0
1994-08-01,07,5.1,0.4
1994-09-01,07,5.2,0.1
1994-10-01,07,5.2,0.0
1994-11-01,07,5.5,0.4
1994-12-01,07,2.3,0.0
1995-01-01,07,2.0,0.1
1995-02-01,07,1.9,0.0
1995-03-01,07,1.7,0.0
1995-04-01,07,1.9,0.1
1995-05-01,07,1.6,0.1
1995-06-01,07,1.7,0.3
1995-07-01,07,2.1,0.4
1995-08-01,07,1.7,0.0
1995-09-01,07,1.6,0.0
1995-10-01,07,2.1,0.6
1995-11-01,07,1.7,0.0
1995-12-01,07,1.8,0.1
1996-01-01,07,2.0,0.3
1996-02-01,07,2.0,0.0
1996-03-01,07,2.0,0.0
1996-04-01,07,1.8,0.0
1996-05-01,07,2.3,0.6
1996-06-01,07,2.1,0.1
1996-07-01,07,0.7,-1.0
1996-08-01,07,0.7,0.0
1996-09-01,07,0.8,0.1
1996-10-01,07,0.4,0.1
1996-11-01,07,0.7,0.3
1996-12-01,07,0.7,0.1
1997-01-01,07,0.7,0.3
1997-02-01,07,0.7,0.0
1997-03-01,07,0.7,0.0
1997-04-01,07,0.7,0.0
1997-05-01,07,0.1,0.0
1997-06-01,07,0.0,0.0
1997-07-01,07,1.0,0.0
1997-08-01,07,1.0,0.0
1997-09-01,07,0.8,0.0
1997-10-01,07,0.7,0.0
1997-11-01,07,0.7,0.3
1997-12-01,07,0.0,-0.5
1998-01-01,07,0.1,0.4
1998-02-01,07,0.1,0.0
1998-03-01,07,0.1,0.0
1998-04-01,07,0.0,-0.1
1998-05-01,07,0.0,0.0
1998-06-01,07,-0.1,-0.1
1998-07-01,07,-0.3,-0.1
1998-08-01,07,-0.3,0.0
1998-09-01,07,-0.3,0.0
1998-10-01,07,-0.3,0.0
1998-11-01,07,-0.5,0.0
1998-12-01,07,0.0,0.0
1999-01-01,07,-0.4,0.0
1999-02-01,07,0.0,0.4
1999-03-01,07,0.1,0.1
1999-04-01,07,-0.6,-0.8
1999-05-01,07,0.6,1.1
1999-06-01,07,0.7,0.0
1999-07-01,07,1.0,0.1
1999-08-01,07,0.8,-0.1
1999-09-01,07,1.0,0.1
1999-10-01,07,1.0,0.0
1999-11-01,07,1.0,0.0
1999-12-01,07,1.0,0.0
2000-01-01,07,1.7,0.7
2000-02-01,07,1.2,0.0
2000-03-01,07,1.1,0.0
2000-04-01,07,2.1,0.1
2000-05-01,07,1.1,0.1
2000-06-01,07,1.1,0.0
2000-07-01,07,1.2,0.3
2000-08-01,07,1.8,0.4
2000-09-01,07,1.6,0.0
2000-10-01,07,4.0,2.3
2000-11-01,07,4.0,0.0
2000-12-01,07,4.0,0.0
2001-01-01,07,3.8,0.5
2001-02-01,07,4.1,0.3
2001-03-01,07,4.2,0.1
2001-04-01,07,4.2,0.1
2001-05-01,07,4.1,0.0
2001-06-01,07,4.1,0.0
2001-07-01,07,3.8,0.0
2001-08-01,07,3.6,0.3
2001-09-01,07,3.6,0.0
2001-10-01,07,1.3,0.0
2001-11-01,07,3.6,2.2
2001-12-01,07,3.4,-0.1
2002-01-01,07,3.1,0.3
2002-02-01,07,2.9,0.0
2002-03-01,07,7.7,4.8
2002-04-01,07,7.6,0.0
2002-05-01,07,7.9,0.4
2002-06-01,07,7.9,0.0
2002-07-01,07,7.9,0.0
2002-08-01,07,7.7,0.0
2002-09-01,07,7.5,-0.1
2002-10-01,07,7.5,0.0
2002-11-01,07,5.5,0.2
2002-12-01,07,5.5,-0.1
2003-01-01,07,9.8,4.3
2003-02-01,07,9.5,-0.2
2003-03-01,07,5.0,0.5
2003-04-01,07,4.7,-0.2
2003-05-01,07,0.2,-3.9
2003-06-01,07,-0.1,-0.4
2003-07-01,07,-1.0,-0.8
2003-08-01,07,-4.6,-3.7
2003-09-01,07,-4.6,-0.1
2003-10-01,07,-4.8,-0.3
2003-11-01,07,-5.4,-0.4
2003-12-01,07,-6.9,-1.7
2004-01-01,07,-4.6,6.9
2004-02-01,07,-4.2,0.2
2004-03-01,07,-4.5,0.1
2004-04-01,07,-3.9,0.4
2004-05-01,07,0.2,0.2
2004-06-01,07,0.6,0.0
2004-07-01,07,0.7,-0.7
2004-08-01,07,3.7,-0.8
2004-09-01,07,4.1,0.2
2004-10-01,07,5.6,1.2
2004-11-01,07,5.7,-0.2
2004-12-01,07,5.8,-1.6
2005-01-01,07,1.9,2.9
2005-02-01,07,1.8,0.1
2005-03-01,07,1.8,0.1
2005-04-01,07,1.6,0.1
2005-05-01,07,5.3,3.9
2005-06-01,07,5.3,0.0
2005-07-01,07,6.3,0.2
2005-08-01,07,10.7,3.3
2005-09-01,07,10.5,0.0
2005-10-01,07,9.3,0.1
2005-11-01,07,9.5,0.0
2005-12-01,07,11.3,0.0
2006-01-01,07,8.2,0.1
2006-02-01,07,8.1,0.0
2006-03-01,07,18.0,9.3
2006-04-01,07,16.8,-0.9
2006-05-01,07,12.4,0.0
2006-06-01,07,12.5,0.1
2006-07-01,07,12.3,0.0
2006-08-01,07,8.8,0.1
2006-09-01,07,8.9,0.1
2006-10-01,07,8.8,0.0
2006-11-01,07,8.8,0.0
2006-12-01,07,8.8,0.0
2007-01-01,07,9.3,0.6
2007-02-01,07,9.3,0.0
2007-03-01,07,0.1,0.1
2007-04-01,07,1.0,0.0
2007-05-01,07,1.0,0.0
2007-06-01,07,1.1,0.2
2007-07-01,07,1.1,0.0
2007-08-01,07,1.0,0.0
2007-09-01,07,1.0,0.1
2007-10-01,07,1.0,0.0
2007-11-01,07,1.1,0.1
2007-12-01,07,1.2,0.1
2008-01-01,07,0.9,0.3
2008-02-01,07,0.9,0.0
2008-03-01,07,0.8,0.0
2008-04-01,07,0.8,0.0
2008-05-01,07,0.9,0.1
2008-06-01,07,19.6,18.8
2008-07-01,07,22.7,2.6
2008-08-01,07,21.8,-0.7
2008-09-01,07,18.1,-3.0
2008-10-01,07,13.9,-3.6
2008-11-01,07,6.2,-6.7
2008-12-01,07,-0.3,-6.0
2009-01-01,07,-2.1,-1.5
2009-02-01,07,-2.1,0.0
2009-03-01,07,-2.1,0.0
2009-04-01,07,-2.2,-0.1
2009-05-01,07,-2.5,-0.2
2009-06-01,07,-17.9,0.0
2009-07-01,07,-19.9,0.1
2009-08-01,07,-19.2,0.1
2009-09-01,07,-16.2,0.7
2009-10-01,07,-13.2,-0.1
2009-11-01,07,-6.9,0.1
2009-12-01,07,-0.9,0.0
2010-01-01,07,0.6,0.0
2010-02-01,07,0.7,0.1
2010-03-01,07,0.7,0.0
2010-04-01,07,0.8,0.0
2010-05-01,07,1.0,0.0
2010-06-01,07,1.1,0.1
2010-07-01,07,1.8,0.8
2010-08-01,07,2.6,0.9
2010-09-01,07,1.9,0.0
2010-10-01,07,2.0,0.0
2010-11-01,07,2.1,0.2
2010-12-01,07,4.0,1.9
2011-01-01,07,4.3,0.3
2011-02-01,07,4.5,0.3
2011-03-01,07,4.6,0.1
2011-04-01,07,5.3,0.6
2011-05-01,07,6.0,0.7
2011-06-01,07,5.8,-0.1
2011-07-01,07,4.8,-0.1
2011-08-01,07,4.0,0.1
2011-09-01,07,3.9,-0.1
2011-10-01,07,4.0,0.1
2011-11-01,07,3.9,0.1
2011-12-01,07,1.9,0.0
2012-01-01,07,1.6,0.0
2012-02-01,07,1.4,0.0
2012-03-01,07,1.3,0.0
2012-04-01,07,1.0,0.3
2012-05-01,07,0.4,0.1
2012-06-01,07,0.2,-0.3
2012-07-01,07,-0.2,-0.5
2012-08-01,07,0.0,0.3
2012-09-01,07,0.9,0.8
2012-10-01,07,0.8,0.0
2012-11-01,07,0.8,0.1
2012-12-01,07,0.4,-0.4
2013-01-01,07,0.4,0.0
2013-02-01,07,0.4,0.0
2013-03-01,07,1.0,0.6
2013-04-01,07,0.6,-0.1
2013-05-01,07,0.4,-0.1
2013-06-01,07,0.3,-0.4
2013-07-01,07,0.9,0.1
2013-08-01,07,0.6,0.0
2013-09-01,07,4.6,4.8
2013-10-01,07,4.9,0.3
2013-11-01,07,4.9,0.1
2013-12-01,07,5.0,-0.3
2014-01-01,07,5.3,0.3
2014-02-01,07,5.5,0.2
2014-03-01,07,5.1,0.2
2014-04-01,07,5.3,0.1
2014-05-01,07,5.5,0.1
2014-06-01,07,5.5,-0.4
2014-07-01,07,5.4,0.0
2014-08-01,07,5.5,0.1
2014-09-01,07,0.5,-0.2
2014-10-01,07,5.3,5.1
2014-11-01,07,5.0,-0.2
2014-12-01,07,4.0,-1.3
2015-01-01,07,-6.0,-9.4
2015-02-01,07,-11.8,-6.0
2015-03-01,07,-4.9,8.0
2015-04-01,07,-4.8,0.3
2015-05-01,07,-4.7,0.2
2015-06-01,07,-1.4,3.0
2015-07-01,07,1.6,3.1
2015-08-01,07,-1.2,-2.7
2015-09-01,07,-3.8,-2.8
2015-10-01,07,-5.7,3.0
2015-11-01,07,-5.2,0.4
2015-12-01,07,-6.2,-2.3
2016-01-01,07,0.6,-2.9
2016-02-01,07,3.6,-3.1
2016-03-01,07,-8.2,-4.3
2016-04-01,07,-5.5,3.3
2016-05-01,07,-5.6,0.0
2016-06-01,07,-8.5,-0.1
2016-07-01,07,-9.9,1.5
2016-08-01,07,-6.7,0.8
2016-09-01,07,-5.5,-1.6
2016-10-01,07,-5.5,3.1
2016-11-01,07,-1.5,4.5
2016-12-01,07,-0.6,-1.4
2017-01-01,07,8.3,5.9
2017-02-01,07,17.9,5.5
2017-03-01,07,23.0,-0.3
2017-04-01,07,16.7,-1.9
2017-05-01,07,13.1,-3.2
2017-06-01,07,10.5,-2.4
2017-07-01,07,7.7,-1.1
2017-08-01,07,11.7,4.6
2017-09-01,07,15.8,2.0
2017-10-01,07,12.1,-0.2
2017-11-01,07,10.8,3.3
2017-12-01,07,11.5,-0.7
2018-01-01,07,5.7,0.4
2018-02-01,07,-0.3,-0.6
2018-03-01,07,-1.5,-1.4
2018-04-01,07,0.4,0.0
2018-05-01,07,3.8,0.1
2018-06-01,07,5.5,-0.8
2018-07-01,07,6.7,0.0
2018-08-01,07,2.1,0.1
2018-09-01,07,0.3,0.3
2018-10-01,07,0.8,0.3
2018-11-01,07,-2.3,0.1
2018-12-01,07,-2.0,-0.4
2019-01-01,07,-7.8,-5.5
2019-02-01,07,-6.8,0.5
2019-03-01,07,-3.0,2.6
2019-04-01,07,-2.6,0.4
2019-05-01,07,-2.5,0.2
2019-06-01,07,-2.1,-0.3
2019-07-01,07,-1.9,0.2
2019-08-01,07,-2.1,-0.1
2019-09-01,07,-2.2,0.1
2019-10-01,07,-2.3,0.2
2019-11-01,07,-2.4,0.0
2019-12-01,07,-1.9,0.1
2020-01-01,07,3.9,0.1
2020-02-01,07,2.4,-1.0
2020-03-01,07,-8.9,-8.7
2020-04-01,07,-21.5,-13.5
2020-05-01,07,-20.8,1.0
2020-06-01,07,-14.3,7.8
2020-07-01,07,-10.3,4.9
2020-08-01,07,-9.9,0.4
2020-09-01,07,-9.9,0.0
2020-10-01,07,-10.2,-0.1
2020-11-01,07,-11.1,-1.0
2020-12-01,07,-8.4,3.0
2021-01-01,07,-5.1,3.7
2021-02-01,07,-2.0,2.3
2021-03-01,07,9.8,2.3
2021-04-01,07,27.0,0.1
2021-05-01,07,26.0,0.2
2021-06-01,07,16.6,-0.2
2021-07-01,07,11.6,0.3
2021-08-01,07,11.0,-0.1
2021-09-01,07,11.0,0.0
2021-10-01,07,11.3,0.2
2021-11-01,07,12.7,0.3
2021-12-01,07,9.5,0.1
2022-01-01,07,6.0,0.4
2022-02-01,07,3.9,0.2
2022-03-01,07,2.6,1.1
2022-04-01,07,3.0,0.4
2022-05-01,07,3.9,1.1
2022-06-01,07,5.4,1.3
2022-07-01,07,5.6,0.5
2022-08-01,07,5.2,-0.4
2022-09-01,07,5.3,0.1
2022-10-01,07,5.2,0.1
2022-11-01,07,5.0,0.0
2022-12-01,07,4.9,0.1
2023-01-01,07,4.0,-0.5
2023-02-01,07,3.7,-0.1
2023-03-01,07,2.4,-0.2
2023-04-01,07,2.3,0.3
2023-05-01,07,1.0,-0.2
2023-06-01,07,0.0,0.2
2023-07-01,07,-0.4,0.1
2023-08-01,07,0.0,0.0
2023-09-01,07,-0.1,0.0
2023-10-01,07,0.0,0.2
2023-11-01,07,0.1,0.1
2023-12-01,07,0.3,0.3
2024-01-01,07,0.7,-0.1
2024-02-01,07,1.2,0.4
2024-03-01,07,1.2,-0.2
2024-04-01,07,0.8,-0.1
2024-05-01,07,0.9,-0.1
2024-06-01,07,1.2,0.5
2024-07-01,07,1.2,0.2
2024-08-01,07,1.3,0.1
2024-09-01,07,1.1,-0.2
2024-10-01,07,0.7,-0.2
2024-11-01,07,0.4,-0.2
2024-12-01,07,0.4,0.3
2025-01-01,07,0.9,0.4
2025-02-01,07,0.7,0.2
2025-03-01,07,0.7,-0.2
2025-04-01,07,0.7,0.0
2025-05-01,07,0.7,-0.2
2025-06-01,07,0.3,0.2
2025-07-01,07,0.4,0.2
2025-08-01,07,0.2,-0.1
2025-09-01,07,0.7,0.2
2025-10-01,07,-0.1,-0.9
2025-11-01,07,0.2,0.0
2025-12-01,07,0.1,0.2
2026-01-01,07,-0.7,-0.4
2026-02-01,07,-0.7,0.2
2026-03-01,07,1.6,2.1
2026-04-01,07,4.1,2.5
1980-02-01,08,,
1980-03-01,08,,
1980-04-01,08,,
1980-05-01,08,,
1980-06-01,08,,
1980-07-01,08,,
1980-08-01,08,,
1980-09-01,08,,
1980-10-01,08,,
1980-11-01,08,,
1980-12-01,08,,
1981-01-01,08,,
1981-02-01,08,,
1981-03-01,08,,
1981-04-01,08,,
1981-05-01,08,,
1981-06-01,08,,
1981-07-01,08,,
1981-08-01,08,,
1981-09-01,08,,
1981-10-01,08,,
1981-11-01,08,,
1981-12-01,08,,
1982-01-01,08,,
1982-02-01,08,,
1982-03-01,08,,
1982-04-01,08,,
1982-05-01,08,,
1982-06-01,08,,
1982-07-01,08,,
1982-08-01,08,,
1982-09-01,08,,
1982-10-01,08,,
1982-11-01,08,,
1982-12-01,08,,
1983-01-01,08,,
1983-02-01,08,,
1983-03-01,08,,
1983-04-01,08,,
1983-05-01,08,,
1983-06-01,08,,
1983-07-01,08,,
1983-08-01,08,,
1983-09-01,08,,
1983-10-01,08,,
1983-11-01,08,,
1983-12-01,08,,
1984-01-01,08,,
1984-02-01,08,,
1984-03-01,08,,
1984-04-01,08,,
1984-05-01,08,,
1984-06-01,08,,
1984-07-01,08,,
1984-08-01,08,,
1984-09-01,08,,
1984-10-01,08,,
1984-11-01,08,,
1984-12-01,08,,
1985-01-01,08,,
1985-02-01,08,,
1985-03-01,08,,
1985-04-01,08,,
1985-05-01,08,,
1985-06-01,08,,
1985-07-01,08,,
1985-08-01,08,,
1985-09-01,08,,
1985-10-01,08,,
1985-11-01,08,,
1985-12-01,08,,
1986-01-01,08,,
1986-02-01,08,,
1986-03-01,08,,
1986-04-01,08,,
1986-05-01,08,,
1986-06-01,08,,
1986-07-01,08,,
1986-08-01,08,,
1986-09-01,08,,
1986-10-01,08,,
1986-11-01,08,,
1986-12-01,08,,
1987-01-01,08,,
1987-02-01,08,,
1987-03-01,08,,
1987-04-01,08,,
1987-05-01,08,,
1987-06-01,08,,
1987-07-01,08,,
1987-08-01,08,,
1987-09-01,08,,
1987-10-01,08,,
1987-11-01,08,,
1987-12-01,08,,
1988-01-01,08,,
1988-02-01,08,,
1988-03-01,08,,
1988-04-01,08,,
1988-05-01,08,,
1988-06-01,08,,
1988-07-01,08,,
1988-08-01,08,,
1988-09-01,08,,
1988-10-01,08,,
1988-11-01,08,,
1988-12-01,08,,
1989-01-01,08,,
1989-02-01,08,,
1989-03-01,08,,
1989-04-01,08,,
1989-05-01,08,,
1989-06-01,08,,
1989-07-01,08,,
1989-08-01,08,,
1989-09-01,08,,
1989-10-01,08,,
1989-11-01,08,,
1989-12-01,08,,
1990-01-01,08,,
1990-02-01,08,,
1990-03-01,08,,
1990-04-01,08,,
1990-05-01,08,,
1990-06-01,08,,
1990-07-01,08,,
1990-08-01,08,,
1990-09-01,08,,
1990-10-01,08,,
1990-11-01,08,,
1990-12-01,08,,
1991-01-01,08,,
1991-02-01,08,,
1991-03-01,08,,
1991-04-01,08,,
1991-05-01,08,,
1991-06-01,08,,
1991-07-01,08,,
1991-08-01,08,,
1991-09-01,08,,
1991-10-01,08,,
1991-11-01,08,,
1991-12-01,08,,
1992-01-01,08,,
1992-02-01,08,,
1992-03-01,08,,
1992-04-01,08,,
1992-05-01,08,,
1992-06-01,08,,
1992-07-01,08,,
1992-08-01,08,,
1992-09-01,08,,
1992-10-01,08,,
1992-11-01,08,,
1992-12-01,08,,
1993-01-01,08,,
1993-02-01,08,,
1993-03-01,08,,
1993-04-01,08,,
1993-05-01,08,,
1993-06-01,08,,
1993-07-01,08,,
1993-08-01,08,,
1993-09-01,08,,
1993-10-01,08,,
1993-11-01,08,,
1993-12-01,08,,
1994-01-01,08,,
1994-02-01,08,,
1994-03-01,08,,
1994-04-01,08,,
1994-05-01,08,,
1994-06-01,08,,
1994-07-01,08,,
1994-08-01,08,,
1994-09-01,08,,
1994-10-01,08,,
1994-11-01,08,,
1994-12-01,08,,
1995-01-01,08,,
1995-02-01,08,,
1995-03-01,08,,
1995-04-01,08,,
1995-05-01,08,,
1995-06-01,08,,
1995-07-01,08,,
1995-08-01,08,,
1995-09-01,08,,
1995-10-01,08,,
1995-11-01,08,,
1995-12-01,08,,
1996-01-01,08,,
1996-02-01,08,,
1996-03-01,08,,
1996-04-01,08,,
1996-05-01,08,,
1996-06-01,08,,
1996-07-01,08,,
1996-08-01,08,,
1996-09-01,08,,
1996-10-01,08,,
1996-11-01,08,,
1996-12-01,08,,
1997-01-01,08,,
1997-02-01,08,,
1997-03-01,08,,
1997-04-01,08,,
1997-05-01,08,,
1997-06-01,08,,
1997-07-01,08,,
1997-08-01,08,,
1997-09-01,08,,
1997-10-01,08,,
1997-11-01,08,,
1997-12-01,08,,
1998-01-01,08,,
1998-02-01,08,,
1998-03-01,08,,
1998-04-01,08,,
1998-05-01,08,,
1998-06-01,08,,
1998-07-01,08,,
1998-08-01,08,,
1998-09-01,08,,
1998-10-01,08,,
1998-11-01,08,,
1998-12-01,08,,
1999-01-01,08,,
1999-02-01,08,,
1999-03-01,08,,
1999-04-01,08,,
1999-05-01,08,,
1999-06-01,08,,
1999-07-01,08,,
1999-08-01,08,,
1999-09-01,08,,
1999-10-01,08,,
1999-11-01,08,,
1999-12-01,08,,
2000-01-01,08,,
2000-02-01,08,,
2000-03-01,08,,
2000-04-01,08,,
2000-05-01,08,,
2000-06-01,08,,
2000-07-01,08,,
2000-08-01,08,,
2000-09-01,08,,
2000-10-01,08,,
2000-11-01,08,,
2000-12-01,08,,
2001-01-01,08,,
2001-02-01,08,,
2001-03-01,08,,
2001-04-01,08,,
2001-05-01,08,,
2001-06-01,08,,
2001-07-01,08,,
2001-08-01,08,,
2001-09-01,08,,
2001-10-01,08,,
2001-11-01,08,,
2001-12-01,08,,
2002-01-01,08,,
2002-02-01,08,,
2002-03-01,08,,
2002-04-01,08,,
2002-05-01,08,,
2002-06-01,08,,
2002-07-01,08,,
2002-08-01,08,,
2002-09-01,08,,
2002-10-01,08,,
2002-11-01,08,,
2002-12-01,08,,
2003-01-01,08,,
2003-02-01,08,,0.0
2003-03-01,08,,0.1
2003-04-01,08,,3.5
2003-05-01,08,,0.0
2003-06-01,08,,0.0
2003-07-01,08,,-0.2
2003-08-01,08,,0.0
2003-09-01,08,,0.0
2003-10-01,08,,0.1
2003-11-01,08,,0.0
2003-12-01,08,,0.0
2004-01-01,08,3.5,0.0
2004-02-01,08,3.5,0.0
2004-03-01,08,3.5,0.1
2004-04-01,08,-0.1,-0.1
2004-05-01,08,-0.1,0.0
2004-06-01,08,-0.1,0.0
2004-07-01,08,-0.1,-0.2
2004-08-01,08,-0.1,0.0
2004-09-01,08,-0.1,0.0
2004-10-01,08,-0.1,0.1
2004-11-01,08,0.6,0.7
2004-12-01,08,0.4,-0.2
2005-01-01,08,0.4,0.0
2005-02-01,08,0.4,0.0
2005-03-01,08,0.2,-0.1
2005-04-01,08,0.1,-0.2
2005-05-01,08,0.0,-0.1
2005-06-01,08,-0.2,-0.2
2005-07-01,08,0.0,0.0
2005-08-01,08,-0.1,-0.1
2005-09-01,08,-0.1,0.0
2005-10-01,08,-0.4,-0.2
2005-11-01,08,-1.1,-0.1
2005-12-01,08,-1.1,-0.1
2006-01-01,08,-1.1,0.0
2006-02-01,08,-1.1,-0.1
2006-03-01,08,-1.2,-0.2
2006-04-01,08,-1.3,-0.3
2006-05-01,08,-1.4,-0.2
2006-06-01,08,-1.4,-0.2
2006-07-01,08,-1.5,-0.1
2006-08-01,08,-1.5,-0.1
2006-09-01,08,-1.6,-0.1
2006-10-01,08,-1.5,-0.1
2006-11-01,08,-1.5,-0.1
2006-12-01,08,-1.5,-0.1
2007-01-01,08,-1.6,-0.1
2007-02-01,08,-1.6,-0.1
2007-03-01,08,-1.6,-0.1
2007-04-01,08,-1.4,-0.1
2007-05-01,08,-1.3,-0.1
2007-06-01,08,-1.3,-0.2
2007-07-01,08,-1.2,0.0
2007-08-01,08,-1.2,-0.1
2007-09-01,08,-1.0,0.1
2007-10-01,08,-1.0,-0.1
2007-11-01,08,-0.9,0.0
2007-12-01,08,-0.9,-0.1
2008-01-01,08,-0.9,-0.1
2008-02-01,08,-0.8,0.0
2008-03-01,08,-0.7,0.0
2008-04-01,08,-0.7,-0.1
2008-05-01,08,-0.7,-0.1
2008-06-01,08,-0.5,0.0
2008-07-01,08,-0.6,-0.1
2008-08-01,08,-0.5,0.0
2008-09-01,08,-0.6,0.0
2008-10-01,08,-0.5,0.0
2008-11-01,08,-0.6,-0.1
2008-12-01,08,-0.6,-0.1
2009-01-01,08,-0.5,0.0
2009-02-01,08,-0.5,0.0
2009-03-01,08,-0.6,-0.1
2009-04-01,08,-0.5,0.0
2009-05-01,08,-0.4,0.0
2009-06-01,08,-0.5,-0.1
2009-07-01,08,-0.4,0.0
2009-08-01,08,-0.4,0.0
2009-09-01,08,-0.5,-0.1
2009-10-01,08,-0.5,0.0
2009-11-01,08,-0.4,0.0
2009-12-01,08,-0.4,-0.1
2010-01-01,08,-0.1,0.3
2010-02-01,08,-0.1,0.0
2010-03-01,08,-0.1,-0.1
2010-04-01,08,-0.6,-0.5
2010-05-01,08,-0.6,0.0
2010-06-01,08,-0.5,0.0
2010-07-01,08,-0.1,0.4
2010-08-01,08,-0.2,-0.1
2010-09-01,08,0.0,0.1
2010-10-01,08,-0.1,-0.1
2010-11-01,08,-0.1,0.0
2010-12-01,08,0.0,0.0
2011-01-01,08,-0.3,0.0
2011-02-01,08,-0.3,0.0
2011-03-01,08,-0.2,0.0
2011-04-01,08,0.2,-0.1
2011-05-01,08,0.1,-0.1
2011-06-01,08,0.0,-0.1
2011-07-01,08,-0.4,0.0
2011-08-01,08,-0.4,-0.1
2011-09-01,08,-0.5,0.0
2011-10-01,08,-0.5,-0.1
2011-11-01,08,-0.5,0.0
2011-12-01,08,-0.6,-0.1
2012-01-01,08,-0.6,0.0
2012-02-01,08,-0.6,0.0
2012-03-01,08,-0.7,-0.1
2012-04-01,08,-0.7,-0.1
2012-05-01,08,-0.6,0.0
2012-06-01,08,-0.6,-0.1
2012-07-01,08,-0.6,0.0
2012-08-01,08,-0.6,-0.1
2012-09-01,08,-0.7,-0.1
2012-10-01,08,-0.7,-0.1
2012-11-01,08,-0.7,0.0
2012-12-01,08,-0.6,0.0
2013-01-01,08,-0.8,-0.2
2013-02-01,08,-0.7,0.1
2013-03-01,08,-0.7,-0.1
2013-04-01,08,-0.7,-0.1
2013-05-01,08,-0.7,0.0
2013-06-01,08,-0.7,-0.1
2013-07-01,08,-0.7,0.0
2013-08-01,08,-0.7,-0.1
2013-09-01,08,-0.6,0.0
2013-10-01,08,-0.5,0.0
2013-11-01,08,-0.6,-0.1
2013-12-01,08,-0.6,0.0
2014-01-01,08,-0.4,0.0
2014-02-01,08,-0.6,-0.1
2014-03-01,08,-0.5,0.0
2014-04-01,08,-0.6,-0.2
2014-05-01,08,-0.7,-0.1
2014-06-01,08,-0.6,0.0
2014-07-01,08,-0.7,-0.1
2014-08-01,08,-0.7,-0.1
2014-09-01,08,-0.8,-0.1
2014-10-01,08,-0.9,-0.1
2014-11-01,08,-0.9,-0.1
2014-12-01,08,-0.9,0.0
2015-01-01,08,-1.0,-0.1
2015-02-01,08,-0.9,0.0
2015-03-01,08,-0.9,0.0
2015-04-01,08,2.3,3.1
2015-05-01,08,2.6,0.1
2015-06-01,08,2.6,0.0
2015-07-01,08,2.8,0.1
2015-08-01,08,3.0,0.1
2015-09-01,08,3.2,0.1
2015-10-01,08,3.3,0.0
2015-11-01,08,3.4,0.0
2015-12-01,08,3.3,-0.1
2016-01-01,08,0.9,-2.4
2016-02-01,08,0.9,0.0
2016-03-01,08,0.9,0.0
2016-04-01,08,-2.1,0.0
2016-05-01,08,-2.2,0.0
2016-06-01,08,-2.2,0.0
2016-07-01,08,-2.3,0.0
2016-08-01,08,-2.4,0.0
2016-09-01,08,-2.6,-0.1
2016-10-01,08,-2.6,0.0
2016-11-01,08,-2.7,-0.1
2016-12-01,08,-2.6,0.0
2017-01-01,08,-0.2,0.0
2017-02-01,08,-0.3,-0.1
2017-03-01,08,-0.2,0.1
2017-04-01,08,-0.3,-0.1
2017-05-01,08,-0.3,0.0
2017-06-01,08,-0.3,0.0
2017-07-01,08,-0.3,0.0
2017-08-01,08,-0.3,0.0
2017-09-01,08,-0.3,-0.1
2017-10-01,08,-0.4,-0.1
2017-11-01,08,-0.5,-0.2
2017-12-01,08,-0.5,0.0
2018-01-01,08,-0.5,0.0
2018-02-01,08,-0.5,-0.1
2018-03-01,08,-0.7,-0.1
2018-04-01,08,-0.7,-0.1
2018-05-01,08,-0.9,-0.2
2018-06-01,08,-3.9,-3.0
2018-07-01,08,-3.9,0.0
2018-08-01,08,-4.0,-0.1
2018-09-01,08,-1.6,2.3
2018-10-01,08,-1.5,0.0
2018-11-01,08,-1.3,0.0
2018-12-01,08,-1.3,0.0
2019-01-01,08,-1.3,0.0
2019-02-01,08,-1.2,0.0
2019-03-01,08,-1.1,0.0
2019-04-01,08,-1.1,-0.1
2019-05-01,08,-0.9,0.0
2019-06-01,08,2.1,0.0
2019-07-01,08,2.1,0.0
2019-08-01,08,2.2,0.0
2019-09-01,08,-0.1,0.0
2019-10-01,08,1.5,1.6
2019-11-01,08,1.5,0.0
2019-12-01,08,1.5,0.0
2020-01-01,08,1.5,0.0
2020-02-01,08,1.5,0.0
2020-03-01,08,1.5,0.0
2020-04-01,08,1.6,0.0
2020-05-01,08,1.6,0.0
2020-06-01,08,1.6,0.0
2020-07-01,08,1.6,0.0
2020-08-01,08,1.6,0.0
2020-09-01,08,1.6,0.0
2020-10-01,08,0.0,0.0
2020-11-01,08,0.0,0.0
2020-12-01,08,0.0,0.0
2021-01-01,08,0.0,0.0
2021-02-01,08,0.0,0.0
2021-03-01,08,0.0,0.0
2021-04-01,08,0.0,0.0
2021-05-01,08,0.0,0.0
2021-06-01,08,0.0,0.0
2021-07-01,08,0.0,0.0
2021-08-01,08,0.0,0.0
2021-09-01,08,0.0,0.0
2021-10-01,08,0.0,0.0
2021-11-01,08,0.0,0.0
2021-12-01,08,0.0,0.0
2022-01-01,08,0.0,0.0
2022-02-01,08,0.0,0.0
2022-03-01,08,0.0,0.0
2022-04-01,08,0.0,0.0
2022-05-01,08,0.0,0.0
2022-06-01,08,0.0,0.0
2022-07-01,08,0.0,0.0
2022-08-01,08,0.0,0.0
2022-09-01,08,0.0,0.0
2022-10-01,08,0.0,0.0
2022-11-01,08,0.0,0.0
2022-12-01,08,-0.1,-0.1
2023-01-01,08,-1.4,-1.3
2023-02-01,08,-1.4,0.0
2023-03-01,08,-1.4,0.0
2023-04-01,08,-1.4,0.0
2023-05-01,08,-3.7,-2.3
2023-06-01,08,-3.6,0.1
2023-07-01,08,-3.7,-0.1
2023-08-01,08,-3.7,0.0
2023-09-01,08,-3.7,0.0
2023-10-01,08,-3.7,0.0
2023-11-01,08,-3.7,0.0
2023-12-01,08,-3.7,-0.1
2024-01-01,08,-2.4,0.0
2024-02-01,08,-2.4,0.0
2024-03-01,08,-2.4,0.0
2024-04-01,08,-2.5,-0.1
2024-05-01,08,0.4,0.6
2024-06-01,08,0.3,0.0
2024-07-01,08,0.5,0.1
2024-08-01,08,0.5,0.0
2024-09-01,08,0.4,-0.1
2024-10-01,08,-1.7,-2.1
2024-11-01,08,-3.9,-2.3
2024-12-01,08,-5.4,-1.7
2025-01-01,08,-5.3,0.1
2025-02-01,08,-5.3,0.0
2025-03-01,08,-5.4,-0.1
2025-04-01,08,-4.5,0.9
2025-05-01,08,-5.2,-0.1
2025-06-01,08,-5.4,-0.2
2025-07-01,08,-6.4,-0.9
2025-08-01,08,-5.6,0.8
2025-09-01,08,-4.5,1.1
2025-10-01,08,-2.4,0.0
2025-11-01,08,-1.3,-1.2
2025-12-01,08,0.9,0.6
2026-01-01,08,0.7,-0.1
2026-02-01,08,0.5,-0.2
2026-03-01,08,1.4,0.8
2026-04-01,08,2.0,1.6
1980-02-01,09,,0.6
1980-03-01,09,,-0.1
1980-04-01,09,,0.0
1980-05-01,09,,0.0
1980-06-01,09,,0.1
1980-07-01,09,,0.3
1980-08-01,09,,0.0
1980-09-01,09,,0.1
1980-10-01,09,,0.0
1980-11-01,09,,1.3
1980-12-01,09,,1.0
1981-01-01,09,4.1,0.7
1981-02-01,09,4.0,0.6
1981-03-01,09,4.3,0.1
1981-04-01,09,4.8,0.4
1981-05-01,09,6.1,1.2
1981-06-01,09,5.9,0.0
1981-07-01,09,6.2,0.5
1981-08-01,09,6.8,0.5
1981-09-01,09,6.6,0.0
1981-10-01,09,6.8,0.1
1981-11-01,09,5.4,0.0
1981-12-01,09,4.5,0.1
1982-01-01,09,4.6,0.8
1982-02-01,09,4.3,0.3
1982-03-01,09,4.3,0.1
1982-04-01,09,4.0,0.1
1982-05-01,09,3.0,0.3
1982-06-01,09,3.1,0.1
1982-07-01,09,2.6,0.0
1982-08-01,09,2.2,0.1
1982-09-01,09,2.3,0.1
1982-10-01,09,2.2,0.0
1982-11-01,09,1.3,-0.8
1982-12-01,09,1.5,0.3
1983-01-01,09,0.5,-0.1
1983-02-01,09,0.4,0.1
1983-03-01,09,0.1,-0.1
1983-04-01,09,0.1,0.1
1983-05-01,09,-0.4,-0.3
1983-06-01,09,-0.3,0.3
1983-07-01,09,-0.3,0.0
1983-08-01,09,-0.4,0.0
1983-09-01,09,-0.8,-0.3
1983-10-01,09,-0.7,0.1
1983-11-01,09,0.3,0.1
1983-12-01,09,0.3,0.3
1984-01-01,09,-0.5,-0.9
1984-02-01,09,-0.7,0.0
1984-03-01,09,-2.4,-1.9
1984-04-01,09,-3.4,-1.0
1984-05-01,09,-3.2,0.0
1984-06-01,09,-3.6,-0.1
1984-07-01,09,-3.6,0.0
1984-08-01,09,-3.6,0.0
1984-09-01,09,-3.5,-0.1
1984-10-01,09,-3.7,-0.1
1984-11-01,09,-4.2,-0.4
1984-12-01,09,-4.5,0.0
1985-01-01,09,-3.7,-0.1
1985-02-01,09,-3.7,0.0
1985-03-01,09,-1.9,0.0
1985-04-01,09,0.0,1.0
1985-05-01,09,0.1,0.1
1985-06-01,09,-1.2,-1.5
1985-07-01,09,-1.7,-0.4
1985-08-01,09,-1.7,0.0
1985-09-01,09,-1.0,0.6
1985-10-01,09,-0.4,0.4
1985-11-01,09,0.1,0.1
1985-12-01,09,0.3,0.1
1986-01-01,09,0.3,-0.1
1986-02-01,09,0.7,0.4
1986-03-01,09,0.4,-0.3
1986-04-01,09,-0.5,0.0
1986-05-01,09,-0.7,0.0
1986-06-01,09,1.3,0.4
1986-07-01,09,1.7,0.0
1986-08-01,09,1.4,-0.3
1986-09-01,09,0.7,-0.1
1986-10-01,09,0.3,0.0
1986-11-01,09,0.3,0.1
1986-12-01,09,0.0,-0.1
1987-01-01,09,0.1,0.0
1987-02-01,09,0.1,0.4
1987-03-01,09,0.4,0.0
1987-04-01,09,2.6,2.2
1987-05-01,09,2.6,0.0
1987-06-01,09,2.2,0.0
1987-07-01,09,2.5,0.3
1987-08-01,09,2.8,0.0
1987-09-01,09,3.2,0.3
1987-10-01,09,3.3,0.1
1987-11-01,09,3.3,0.1
1987-12-01,09,3.3,-0.1
1988-01-01,09,3.5,0.1
1988-02-01,09,3.3,0.3
1988-03-01,09,3.4,0.1
1988-04-01,09,1.1,-0.1
1988-05-01,09,0.9,-0.1
1988-06-01,09,1.5,0.5
1988-07-01,09,1.5,0.3
1988-08-01,09,1.1,-0.4
1988-09-01,09,0.9,0.1
1988-10-01,09,0.8,0.0
1988-11-01,09,0.7,0.0
1988-12-01,09,0.7,-0.1
1989-01-01,09,0.8,0.3
1989-02-01,09,0.4,-0.1
1989-03-01,09,0.3,0.0
1989-04-01,09,0.4,0.0
1989-05-01,09,0.5,0.0
1989-06-01,09,0.0,0.0
1989-07-01,09,0.4,0.7
1989-08-01,09,1.1,0.3
1989-09-01,09,0.7,-0.3
1989-10-01,09,0.7,0.0
1989-11-01,09,0.7,0.0
1989-12-01,09,0.8,0.0
1990-01-01,09,0.9,0.4
1990-02-01,09,1.1,0.0
1990-03-01,09,1.1,0.0
1990-04-01,09,1.2,0.1
1990-05-01,09,1.2,0.0
1990-06-01,09,1.1,-0.1
1990-07-01,09,0.5,0.1
1990-08-01,09,0.3,0.0
1990-09-01,09,0.5,0.0
1990-10-01,09,0.5,0.0
1990-11-01,09,0.5,0.0
1990-12-01,09,0.5,0.0
1991-01-01,09,0.0,-0.1
1991-02-01,09,0.0,0.0
1991-03-01,09,1.2,1.2
1991-04-01,09,0.9,-0.1
1991-05-01,09,1.0,0.1
1991-06-01,09,1.3,0.1
1991-07-01,09,4.2,3.0
1991-08-01,09,4.7,0.5
1991-09-01,09,4.7,0.0
1991-10-01,09,4.7,0.0
1991-11-01,09,4.7,0.0
1991-12-01,09,4.7,0.0
1992-01-01,09,0.0,-4.6
1992-02-01,09,0.0,0.0
1992-03-01,09,0.0,1.2
1992-04-01,09,0.0,-0.1
1992-05-01,09,0.0,0.1
1992-06-01,09,0.0,0.1
1992-07-01,09,0.0,3.0
1992-08-01,09,0.0,0.5
1992-09-01,09,0.0,0.0
1992-10-01,09,0.0,0.0
1992-11-01,09,0.0,0.0
1992-12-01,09,0.0,0.0
1993-01-01,09,6.2,1.3
1993-02-01,09,6.6,0.4
1993-03-01,09,5.3,0.0
1993-04-01,09,5.6,0.1
1993-05-01,09,4.8,-0.6
1993-06-01,09,4.7,0.0
1993-07-01,09,1.6,0.0
1993-08-01,09,1.1,0.0
1993-09-01,09,1.3,0.1
1993-10-01,09,1.5,0.2
1993-11-01,09,1.5,0.0
1993-12-01,09,1.8,0.2
1994-01-01,09,0.5,0.0
1994-02-01,09,0.1,0.0
1994-03-01,09,0.1,0.0
1994-04-01,09,0.0,0.0
1994-05-01,09,0.6,0.0
1994-06-01,09,0.7,0.1
1994-07-01,09,0.9,0.1
1994-08-01,09,1.2,0.4
1994-09-01,09,1.1,0.0
1994-10-01,09,1.0,0.1
1994-11-01,09,0.9,-0.1
1994-12-01,09,0.5,-0.1
1995-01-01,09,1.7,1.2
1995-02-01,09,2.0,0.2
1995-03-01,09,2.5,0.5
1995-04-01,09,2.6,0.1
1995-05-01,09,2.6,0.0
1995-06-01,09,2.6,0.1
1995-07-01,09,2.5,0.0
1995-08-01,09,2.7,0.6
1995-09-01,09,2.7,0.0
1995-10-01,09,2.6,0.0
1995-11-01,09,2.7,0.0
1995-12-01,09,2.9,0.1
1996-01-01,09,3.4,1.7
1996-02-01,09,4.0,0.8
1996-03-01,09,3.6,0.1
1996-04-01,09,3.7,0.2
1996-05-01,09,3.7,0.0
1996-06-01,09,3.7,0.1
1996-07-01,09,3.7,0.0
1996-08-01,09,3.1,0.0
1996-09-01,09,2.7,-0.3
1996-10-01,09,2.7,0.0
1996-11-01,09,2.6,-0.1
1996-12-01,09,2.5,0.0
1997-01-01,09,1.1,0.2
1997-02-01,09,0.3,0.1
1997-03-01,09,0.3,0.1
1997-04-01,09,0.1,0.0
1997-05-01,09,0.1,0.0
1997-06-01,09,0.0,0.0
1997-07-01,09,0.1,0.1
1997-08-01,09,0.1,0.0
1997-09-01,09,0.6,0.1
1997-10-01,09,0.6,0.0
1997-11-01,09,0.8,0.1
1997-12-01,09,1.2,0.3
1998-01-01,09,1.6,0.7
1998-02-01,09,2.0,0.5
1998-03-01,09,2.2,0.3
1998-04-01,09,2.3,0.1
1998-05-01,09,2.4,0.1
1998-06-01,09,3.5,1.0
1998-07-01,09,3.8,0.4
1998-08-01,09,4.0,0.2
1998-09-01,09,3.9,0.0
1998-10-01,09,4.0,0.1
1998-11-01,09,4.4,0.4
1998-12-01,09,4.0,0.0
1999-01-01,09,4.7,1.3
1999-02-01,09,4.2,0.0
1999-03-01,09,3.7,-0.1
1999-04-01,09,3.7,0.1
1999-05-01,09,3.5,-0.1
1999-06-01,09,2.3,-0.1
1999-07-01,09,1.9,0.0
1999-08-01,09,1.7,0.0
1999-09-01,09,1.7,0.0
1999-10-01,09,1.6,0.0
1999-11-01,09,1.1,0.0
1999-12-01,09,1.0,-0.1
2000-01-01,09,0.1,0.4
2000-02-01,09,0.2,0.1
2000-03-01,09,0.5,0.2
2000-04-01,09,0.5,0.1
2000-05-01,09,0.4,-0.2
2000-06-01,09,0.5,0.0
2000-07-01,09,0.7,0.1
2000-08-01,09,0.5,-0.1
2000-09-01,09,0.8,0.2
2000-10-01,09,0.8,0.0
2000-11-01,09,0.8,0.0
2000-12-01,09,0.9,0.0
2001-01-01,09,0.7,0.2
2001-02-01,09,0.4,-0.1
2001-03-01,09,0.2,0.0
2001-04-01,09,0.0,-0.1
2001-05-01,09,0.2,0.0
2001-06-01,09,0.1,-0.1
2001-07-01,09,-0.1,-0.1
2001-08-01,09,-0.3,-0.3
2001-09-01,09,-0.5,0.0
2001-10-01,09,-0.6,-0.1
2001-11-01,09,-0.6,0.0
2001-12-01,09,-0.6,0.0
2002-01-01,09,-0.4,0.4
2002-02-01,09,0.0,0.3
2002-03-01,09,-0.1,-0.1
2002-04-01,09,0.0,0.0
2002-05-01,09,0.0,0.0
2002-06-01,09,0.0,-0.1
2002-07-01,09,0.4,0.3
2002-08-01,09,0.7,-0.1
2002-09-01,09,0.7,0.0
2002-10-01,09,0.7,-0.1
2002-11-01,09,0.4,-0.2
2002-12-01,09,0.4,0.0
2003-01-01,09,2.2,2.2
2003-02-01,09,1.9,0.1
2003-03-01,09,1.7,-0.3
2003-04-01,09,1.6,-0.1
2003-05-01,09,1.7,0.1
2003-06-01,09,2.0,0.1
2003-07-01,09,1.6,0.0
2003-08-01,09,1.9,0.2
2003-09-01,09,1.7,-0.2
2003-10-01,09,1.6,-0.2
2003-11-01,09,1.8,0.0
2003-12-01,09,1.7,-0.1
2004-01-01,09,-0.5,-0.1
2004-02-01,09,-0.6,0.0
2004-03-01,09,-0.7,-0.4
2004-04-01,09,-0.4,0.2
2004-05-01,09,-0.6,-0.1
2004-06-01,09,-0.7,0.0
2004-07-01,09,-1.0,-0.2
2004-08-01,09,-1.1,0.1
2004-09-01,09,-1.0,-0.1
2004-10-01,09,-1.0,-0.2
2004-11-01,09,-1.7,-0.8
2004-12-01,09,-1.6,0.0
2005-01-01,09,-0.4,1.1
2005-02-01,09,-0.5,-0.1
2005-03-01,09,0.0,0.1
2005-04-01,09,-0.3,-0.1
2005-05-01,09,-0.2,0.0
2005-06-01,09,-0.2,0.0
2005-07-01,09,-0.1,-0.1
2005-08-01,09,-0.2,0.0
2005-09-01,09,0.3,0.4
2005-10-01,09,0.3,-0.2
2005-11-01,09,1.1,0.0
2005-12-01,09,1.5,0.4
2006-01-01,09,0.4,0.0
2006-02-01,09,0.9,0.3
2006-03-01,09,0.6,-0.1
2006-04-01,09,0.8,0.0
2006-05-01,09,0.8,0.0
2006-06-01,09,0.8,0.0
2006-07-01,09,1.1,0.2
2006-08-01,09,1.0,-0.1
2006-09-01,09,0.5,0.0
2006-10-01,09,0.8,0.0
2006-11-01,09,0.8,0.0
2006-12-01,09,0.2,-0.1
2007-01-01,09,0.3,0.1
2007-02-01,09,0.1,0.1
2007-03-01,09,0.0,-0.2
2007-04-01,09,0.0,0.0
2007-05-01,09,0.0,0.0
2007-06-01,09,2.1,2.1
2007-07-01,09,2.1,0.2
2007-08-01,09,2.3,0.1
2007-09-01,09,2.3,0.0
2007-10-01,09,2.2,-0.1
2007-11-01,09,2.4,0.2
2007-12-01,09,2.6,0.0
2008-01-01,09,2.6,0.1
2008-02-01,09,2.6,0.1
2008-03-01,09,2.8,0.0
2008-04-01,09,2.8,0.0
2008-05-01,09,2.8,0.0
2008-06-01,09,0.7,0.1
2008-07-01,09,0.8,0.3
2008-08-01,09,0.8,0.1
2008-09-01,09,1.0,0.2
2008-10-01,09,1.4,0.2
2008-11-01,09,1.2,0.1
2008-12-01,09,1.2,0.0
2009-01-01,09,1.0,-0.1
2009-02-01,09,1.0,0.1
2009-03-01,09,0.9,-0.1
2009-04-01,09,0.9,0.0
2009-05-01,09,1.0,0.1
2009-06-01,09,1.0,0.1
2009-07-01,09,0.7,0.0
2009-08-01,09,2.6,1.9
2009-09-01,09,2.5,0.1
2009-10-01,09,2.4,0.1
2009-11-01,09,2.5,0.2
2009-12-01,09,2.5,0.0
2010-01-01,09,2.9,0.3
2010-02-01,09,2.8,0.0
2010-03-01,09,2.9,0.0
2010-04-01,09,2.8,-0.1
2010-05-01,09,2.6,-0.1
2010-06-01,09,2.5,0.0
2010-07-01,09,2.6,0.1
2010-08-01,09,0.4,-0.2
2010-09-01,09,0.3,0.0
2010-10-01,09,0.1,-0.1
2010-11-01,09,-0.2,-0.1
2010-12-01,09,-0.2,0.0
2011-01-01,09,-0.5,0.0
2011-02-01,09,0.3,0.8
2011-03-01,09,0.2,-0.1
2011-04-01,09,1.8,1.5
2011-05-01,09,1.9,0.0
2011-06-01,09,1.9,0.0
2011-07-01,09,2.2,0.4
2011-08-01,09,3.0,0.6
2011-09-01,09,3.0,0.0
2011-10-01,09,3.2,0.1
2011-11-01,09,3.4,0.1
2011-12-01,09,3.4,0.0
2012-01-01,09,3.5,0.1
2012-02-01,09,2.9,0.2
2012-03-01,09,2.8,-0.2
2012-04-01,09,1.3,0.0
2012-05-01,09,1.3,0.0
2012-06-01,09,1.3,0.0
2012-07-01,09,1.0,0.1
2012-08-01,09,0.3,-0.1
2012-09-01,09,0.2,-0.1
2012-10-01,09,0.1,0.0
2012-11-01,09,-0.1,-0.1
2012-12-01,09,-0.1,0.0
2013-01-01,09,-0.1,0.1
2013-02-01,09,-0.2,0.1
2013-03-01,09,0.0,0.0
2013-04-01,09,-0.1,-0.1
2013-05-01,09,-0.2,-0.1
2013-06-01,09,-0.2,0.0
2013-07-01,09,-0.3,0.0
2013-08-01,09,-0.1,0.1
2013-09-01,09,-0.1,-0.1
2013-10-01,09,-0.1,0.0
2013-11-01,09,0.6,0.6
2013-12-01,09,1.8,1.3
2014-01-01,09,1.6,-0.1
2014-02-01,09,1.6,0.1
2014-03-01,09,1.6,0.0
2014-04-01,09,1.7,0.0
2014-05-01,09,1.9,0.1
2014-06-01,09,1.9,0.0
2014-07-01,09,1.9,0.0
2014-08-01,09,1.8,0.0
2014-09-01,09,1.9,0.0
2014-10-01,09,1.8,-0.1
2014-11-01,09,1.3,0.0
2014-12-01,09,0.0,0.0
2015-01-01,09,0.5,0.4
2015-02-01,09,0.8,0.4
2015-03-01,09,0.6,-0.2
2015-04-01,09,1.5,0.9
2015-05-01,09,1.6,0.2
2015-06-01,09,1.7,0.1
2015-07-01,09,1.9,0.2
2015-08-01,09,2.1,0.2
2015-09-01,09,2.3,0.2
2015-10-01,09,2.4,0.0
2015-11-01,09,2.6,0.2
2015-12-01,09,2.6,0.0
2016-01-01,09,2.3,0.1
2016-02-01,09,2.4,0.5
2016-03-01,09,2.6,0.0
2016-04-01,09,1.6,0.0
2016-05-01,09,1.5,0.1
2016-06-01,09,1.4,0.0
2016-07-01,09,1.7,0.5
2016-08-01,09,3.6,2.1
2016-09-01,09,3.4,0.0
2016-10-01,09,3.5,0.1
2016-11-01,09,3.2,-0.2
2016-12-01,09,3.3,0.1
2017-01-01,09,3.2,0.1
2017-02-01,09,3.1,0.4
2017-03-01,09,3.0,-0.2
2017-04-01,09,3.0,0.0
2017-05-01,09,2.9,0.0
2017-06-01,09,3.0,0.1
2017-07-01,09,2.6,0.1
2017-08-01,09,0.4,-0.1
2017-09-01,09,0.4,0.0
2017-10-01,09,0.4,0.1
2017-11-01,09,0.6,0.1
2017-12-01,09,0.5,0.0
2018-01-01,09,0.5,0.1
2018-02-01,09,0.4,0.2
2018-03-01,09,0.5,0.0
2018-04-01,09,0.6,0.1
2018-05-01,09,0.5,-0.1
2018-06-01,09,-2.5,-2.9
2018-07-01,09,-2.4,0.2
2018-08-01,09,-2.2,0.1
2018-09-01,09,-0.2,2.1
2018-10-01,09,-0.2,0.1
2018-11-01,09,-0.3,0.0
2018-12-01,09,-0.2,0.1
2019-01-01,09,-0.4,-0.1
2019-02-01,09,-0.4,0.2
2019-03-01,09,-0.4,-0.1
2019-04-01,09,-0.4,0.1
2019-05-01,09,-0.4,-0.1
2019-06-01,09,2.7,0.1
2019-07-01,09,2.4,-0.1
2019-08-01,09,2.3,0.0
2019-09-01,09,0.8,0.6
2019-10-01,09,0.7,0.0
2019-11-01,09,0.8,0.1
2019-12-01,09,0.6,-0.1
2020-01-01,09,0.9,0.2
2020-02-01,09,0.7,0.0
2020-03-01,09,0.7,-0.1
2020-04-01,09,0.6,0.0
2020-05-01,09,0.7,0.0
2020-06-01,09,0.6,0.0
2020-07-01,09,0.7,0.0
2020-08-01,09,0.6,-0.1
2020-09-01,09,0.1,0.1
2020-10-01,09,0.2,0.1
2020-11-01,09,0.1,0.0
2020-12-01,09,0.2,0.0
2021-01-01,09,0.1,0.1
2021-02-01,09,0.1,0.0
2021-03-01,09,0.5,0.4
2021-04-01,09,0.7,0.2
2021-05-01,09,0.6,-0.1
2021-06-01,09,0.6,0.0
2021-07-01,09,0.6,0.0
2021-08-01,09,0.7,0.0
2021-09-01,09,0.6,0.0
2021-10-01,09,0.2,-0.4
2021-11-01,09,0.2,0.0
2021-12-01,09,0.4,0.3
2022-01-01,09,1.2,0.8
2022-02-01,09,1.6,0.4
2022-03-01,09,1.1,-0.2
2022-04-01,09,1.3,0.4
2022-05-01,09,1.8,0.3
2022-06-01,09,2.2,0.4
2022-07-01,09,2.5,0.3
2022-08-01,09,2.7,0.3
2022-09-01,09,3.1,0.3
2022-10-01,09,3.4,-0.1
2022-11-01,09,3.6,0.2
2022-12-01,09,2.4,-0.9
2023-01-01,09,2.7,1.1
2023-02-01,09,1.7,-0.5
2023-03-01,09,1.9,0.0
2023-04-01,09,1.8,0.3
2023-05-01,09,1.8,0.3
2023-06-01,09,1.6,0.3
2023-07-01,09,1.1,-0.3
2023-08-01,09,1.0,0.2
2023-09-01,09,0.6,-0.1
2023-10-01,09,0.7,0.0
2023-11-01,09,0.6,0.1
2023-12-01,09,1.9,0.4
2024-01-01,09,0.8,0.0
2024-02-01,09,1.6,0.3
2024-03-01,09,1.5,-0.2
2024-04-01,09,2.0,0.8
2024-05-01,09,1.9,0.3
2024-06-01,09,1.9,0.3
2024-07-01,09,2.2,0.1
2024-08-01,09,2.0,0.0
2024-09-01,09,2.1,0.0
2024-10-01,09,2.0,-0.1
2024-11-01,09,2.0,0.1
2024-12-01,09,1.7,0.1
2025-01-01,09,1.8,0.1
2025-02-01,09,1.5,0.1
2025-03-01,09,1.7,0.0
2025-04-01,09,1.3,0.4
2025-05-01,09,0.9,-0.1
2025-06-01,09,0.8,0.1
2025-07-01,09,0.8,0.1
2025-08-01,09,0.9,0.2
2025-09-01,09,0.9,0.0
2025-10-01,09,1.2,0.2
2025-11-01,09,1.2,0.1
2025-12-01,09,0.8,-0.2
2026-01-01,09,0.9,0.2
2026-02-01,09,0.8,0.0
2026-03-01,09,1.0,0.2
2026-04-01,09,0.9,0.3
1980-02-01,10,,
1980-03-01,10,,
1980-04-01,10,,
1980-05-01,10,,
1980-06-01,10,,
1980-07-01,10,,
1980-08-01,10,,
1980-09-01,10,,
1980-10-01,10,,
1980-11-01,10,,
1980-12-01,10,,
1981-01-01,10,,
1981-02-01,10,,
1981-03-01,10,,
1981-04-01,10,,
1981-05-01,10,,
1981-06-01,10,,
1981-07-01,10,,
1981-08-01,10,,
1981-09-01,10,,
1981-10-01,10,,
1981-11-01,10,,
1981-12-01,10,,
1982-01-01,10,,
1982-02-01,10,,
1982-03-01,10,,
1982-04-01,10,,
1982-05-01,10,,
1982-06-01,10,,
1982-07-01,10,,
1982-08-01,10,,
1982-09-01,10,,
1982-10-01,10,,
1982-11-01,10,,
1982-12-01,10,,
1983-01-01,10,,
1983-02-01,10,,
1983-03-01,10,,
1983-04-01,10,,
1983-05-01,10,,
1983-06-01,10,,
1983-07-01,10,,
1983-08-01,10,,
1983-09-01,10,,
1983-10-01,10,,
1983-11-01,10,,
1983-12-01,10,,
1984-01-01,10,,
1984-02-01,10,,
1984-03-01,10,,
1984-04-01,10,,
1984-05-01,10,,
1984-06-01,10,,
1984-07-01,10,,
1984-08-01,10,,
1984-09-01,10,,
1984-10-01,10,,
1984-11-01,10,,
1984-12-01,10,,
1985-01-01,10,,
1985-02-01,10,,
1985-03-01,10,,
1985-04-01,10,,
1985-05-01,10,,
1985-06-01,10,,
1985-07-01,10,,
1985-08-01,10,,
1985-09-01,10,,
1985-10-01,10,,
1985-11-01,10,,
1985-12-01,10,,
1986-01-01,10,,
1986-02-01,10,,
1986-03-01,10,,
1986-04-01,10,,
1986-05-01,10,,
1986-06-01,10,,
1986-07-01,10,,
1986-08-01,10,,
1986-09-01,10,,
1986-10-01,10,,
1986-11-01,10,,
1986-12-01,10,,
1987-01-01,10,,
1987-02-01,10,,
1987-03-01,10,,
1987-04-01,10,,
1987-05-01,10,,
1987-06-01,10,,
1987-07-01,10,,
1987-08-01,10,,
1987-09-01,10,,
1987-10-01,10,,
1987-11-01,10,,
1987-12-01,10,,
1988-01-01,10,,
1988-02-01,10,,
1988-03-01,10,,
1988-04-01,10,,
1988-05-01,10,,
1988-06-01,10,,
1988-07-01,10,,
1988-08-01,10,,
1988-09-01,10,,
1988-10-01,10,,
1988-11-01,10,,
1988-12-01,10,,
1989-01-01,10,,
1989-02-01,10,,
1989-03-01,10,,
1989-04-01,10,,
1989-05-01,10,,
1989-06-01,10,,
1989-07-01,10,,
1989-08-01,10,,
1989-09-01,10,,
1989-10-01,10,,
1989-11-01,10,,
1989-12-01,10,,
1990-01-01,10,,
1990-02-01,10,,
1990-03-01,10,,
1990-04-01,10,,
1990-05-01,10,,
1990-06-01,10,,
1990-07-01,10,,
1990-08-01,10,,
1990-09-01,10,,
1990-10-01,10,,
1990-11-01,10,,
1990-12-01,10,,
1991-01-01,10,,
1991-02-01,10,,
1991-03-01,10,,
1991-04-01,10,,
1991-05-01,10,,
1991-06-01,10,,
1991-07-01,10,,
1991-08-01,10,,
1991-09-01,10,,
1991-10-01,10,,
1991-11-01,10,,
1991-12-01,10,,
1992-01-01,10,,
1992-02-01,10,,
1992-03-01,10,,
1992-04-01,10,,
1992-05-01,10,,
1992-06-01,10,,
1992-07-01,10,,
1992-08-01,10,,
1992-09-01,10,,
1992-10-01,10,,
1992-11-01,10,,
1992-12-01,10,,
1993-01-01,10,,
1993-02-01,10,,
1993-03-01,10,,
1993-04-01,10,,
1993-05-01,10,,
1993-06-01,10,,
1993-07-01,10,,
1993-08-01,10,,
1993-09-01,10,,
1993-10-01,10,,
1993-11-01,10,,
1993-12-01,10,,
1994-01-01,10,,
1994-02-01,10,,
1994-03-01,10,,
1994-04-01,10,,
1994-05-01,10,,
1994-06-01,10,,
1994-07-01,10,,
1994-08-01,10,,
1994-09-01,10,,
1994-10-01,10,,
1994-11-01,10,,
1994-12-01,10,,
1995-01-01,10,,
1995-02-01,10,,
1995-03-01,10,,
1995-04-01,10,,
1995-05-01,10,,
1995-06-01,10,,
1995-07-01,10,,
1995-08-01,10,,
1995-09-01,10,,
1995-10-01,10,,
1995-11-01,10,,
1995-12-01,10,,
1996-01-01,10,,
1996-02-01,10,,
1996-03-01,10,,
1996-04-01,10,,
1996-05-01,10,,
1996-06-01,10,,
1996-07-01,10,,
1996-08-01,10,,
1996-09-01,10,,
1996-10-01,10,,
1996-11-01,10,,
1996-12-01,10,,
1997-01-01,10,,
1997-02-01,10,,
1997-03-01,10,,
1997-04-01,10,,
1997-05-01,10,,
1997-06-01,10,,
1997-07-01,10,,
1997-08-01,10,,
1997-09-01,10,,
1997-10-01,10,,
1997-11-01,10,,
1997-12-01,10,,
1998-01-01,10,,
1998-02-01,10,,
1998-03-01,10,,
1998-04-01,10,,
1998-05-01,10,,
1998-06-01,10,,
1998-07-01,10,,
1998-08-01,10,,
1998-09-01,10,,
1998-10-01,10,,
1998-11-01,10,,
1998-12-01,10,,
1999-01-01,10,,
1999-02-01,10,,
1999-03-01,10,,
1999-04-01,10,,
1999-05-01,10,,
1999-06-01,10,,
1999-07-01,10,,
1999-08-01,10,,
1999-09-01,10,,
1999-10-01,10,,
1999-11-01,10,,
1999-12-01,10,,
2000-01-01,10,,
2000-02-01,10,,
2000-03-01,10,,
2000-04-01,10,,
2000-05-01,10,,
2000-06-01,10,,
2000-07-01,10,,
2000-08-01,10,,
2000-09-01,10,,
2000-10-01,10,,
2000-11-01,10,,
2000-12-01,10,,
2001-01-01,10,,
2001-02-01,10,,
2001-03-01,10,,
2001-04-01,10,,
2001-05-01,10,,
2001-06-01,10,,
2001-07-01,10,,
2001-08-01,10,,
2001-09-01,10,,
2001-10-01,10,,
2001-11-01,10,,
2001-12-01,10,,
2002-01-01,10,,
2002-02-01,10,,
2002-03-01,10,,
2002-04-01,10,,
2002-05-01,10,,
2002-06-01,10,,
2002-07-01,10,,
2002-08-01,10,,
2002-09-01,10,,
2002-10-01,10,,
2002-11-01,10,,
2002-12-01,10,,
2003-01-01,10,,
2003-02-01,10,,0.8
2003-03-01,10,,-0.1
2003-04-01,10,,0.0
2003-05-01,10,,-0.1
2003-06-01,10,,-0.7
2003-07-01,10,,-0.1
2003-08-01,10,,0.0
2003-09-01,10,,-0.1
2003-10-01,10,,0.1
2003-11-01,10,,-0.1
2003-12-01,10,,0.0
2004-01-01,10,1.6,1.9
2004-02-01,10,0.7,-0.1
2004-03-01,10,0.7,-0.1
2004-04-01,10,0.8,0.1
2004-05-01,10,0.9,0.0
2004-06-01,10,1.6,0.0
2004-07-01,10,1.8,0.1
2004-08-01,10,1.8,0.0
2004-09-01,10,1.8,-0.1
2004-10-01,10,1.7,0.0
2004-11-01,10,2.1,0.2
2004-12-01,10,1.9,-0.1
2005-01-01,10,1.5,1.5
2005-02-01,10,1.6,0.0
2005-03-01,10,1.7,0.0
2005-04-01,10,1.7,0.1
2005-05-01,10,1.7,0.0
2005-06-01,10,1.8,0.1
2005-07-01,10,1.8,0.1
2005-08-01,10,1.9,0.1
2005-09-01,10,1.9,-0.1
2005-10-01,10,1.9,0.0
2005-11-01,10,1.7,0.0
2005-12-01,10,1.9,0.1
2006-01-01,10,1.1,0.7
2006-02-01,10,1.3,0.2
2006-03-01,10,1.4,0.1
2006-04-01,10,1.4,0.1
2006-05-01,10,1.4,0.0
2006-06-01,10,1.7,0.3
2006-07-01,10,1.7,0.1
2006-08-01,10,1.8,0.2
2006-09-01,10,1.9,0.0
2006-10-01,10,1.9,0.0
2006-11-01,10,2.0,0.1
2006-12-01,10,2.3,0.4
2007-01-01,10,2.2,0.5
2007-02-01,10,2.1,0.1
2007-03-01,10,2.1,0.1
2007-04-01,10,2.0,0.0
2007-05-01,10,2.0,0.0
2007-06-01,10,1.7,0.1
2007-07-01,10,1.6,0.0
2007-08-01,10,1.5,0.1
2007-09-01,10,1.5,0.0
2007-10-01,10,1.5,0.0
2007-11-01,10,1.4,0.0
2007-12-01,10,1.1,0.1
2008-01-01,10,1.5,1.0
2008-02-01,10,2.1,0.7
2008-03-01,10,2.1,0.1
2008-04-01,10,2.2,0.1
2008-05-01,10,2.2,0.0
2008-06-01,10,2.3,0.2
2008-07-01,10,2.4,0.1
2008-08-01,10,2.6,0.2
2008-09-01,10,2.7,0.1
2008-10-01,10,2.8,0.1
2008-11-01,10,2.8,0.0
2008-12-01,10,2.8,0.1
2009-01-01,10,2.9,1.1
2009-02-01,10,2.5,0.3
2009-03-01,10,2.5,0.1
2009-04-01,10,2.5,0.1
2009-05-01,10,2.5,0.0
2009-06-01,10,2.3,0.0
2009-07-01,10,2.4,0.2
2009-08-01,10,2.3,0.1
2009-09-01,10,2.2,0.0
2009-10-01,10,2.1,0.0
2009-11-01,10,2.1,0.0
2009-12-01,10,2.1,0.1
2010-01-01,10,1.7,0.8
2010-02-01,10,1.5,0.1
2010-03-01,10,1.6,0.2
2010-04-01,10,1.6,0.1
2010-05-01,10,1.6,0.0
2010-06-01,10,1.6,0.0
2010-07-01,10,1.6,0.2
2010-08-01,10,1.6,0.1
2010-09-01,10,1.6,0.0
2010-10-01,10,1.6,0.0
2010-11-01,10,1.7,0.1
2010-12-01,10,1.7,0.1
2011-01-01,10,1.5,0.6
2011-02-01,10,2.0,0.6
2011-03-01,10,2.1,0.3
2011-04-01,10,2.2,0.2
2011-05-01,10,2.2,0.0
2011-06-01,10,2.3,0.1
2011-07-01,10,2.2,0.1
2011-08-01,10,2.2,0.1
2011-09-01,10,2.2,0.0
2011-10-01,10,2.3,0.1
2011-11-01,10,2.8,0.6
2011-12-01,10,2.8,0.1
2012-01-01,10,3.1,0.9
2012-02-01,10,2.9,0.4
2012-03-01,10,2.6,0.1
2012-04-01,10,2.6,0.2
2012-05-01,10,2.6,0.0
2012-06-01,10,2.4,-0.1
2012-07-01,10,2.3,0.0
2012-08-01,10,2.2,0.0
2012-09-01,10,2.3,0.1
2012-10-01,10,2.2,0.0
2012-11-01,10,1.6,0.0
2012-12-01,10,1.6,0.1
2013-01-01,10,1.8,1.0
2013-02-01,10,2.2,0.8
2013-03-01,10,2.2,0.1
2013-04-01,10,2.1,0.1
2013-05-01,10,2.3,0.2
2013-06-01,10,2.5,0.1
2013-07-01,10,2.6,0.1
2013-08-01,10,2.6,0.0
2013-09-01,10,2.6,0.1
2013-10-01,10,2.6,0.0
2013-11-01,10,2.9,0.3
2013-12-01,10,2.9,0.1
2014-01-01,10,2.6,0.8
2014-02-01,10,2.3,0.5
2014-03-01,10,2.3,0.1
2014-04-01,10,2.3,0.1
2014-05-01,10,2.2,0.1
2014-06-01,10,2.2,0.1
2014-07-01,10,2.3,0.2
2014-08-01,10,2.5,0.2
2014-09-01,10,2.4,0.0
2014-10-01,10,2.4,0.0
2014-11-01,10,2.2,0.1
2014-12-01,10,2.2,0.1
2015-01-01,10,2.1,0.7
2015-02-01,10,2.2,0.5
2015-03-01,10,2.2,0.1
2015-04-01,10,2.6,0.5
2015-05-01,10,2.5,-0.1
2015-06-01,10,2.6,0.2
2015-07-01,10,2.4,0.0
2015-08-01,10,2.5,0.3
2015-09-01,10,2.5,0.0
2015-10-01,10,2.5,0.0
2015-11-01,10,2.5,0.1
2015-12-01,10,2.6,0.3
2016-01-01,10,2.6,0.7
2016-02-01,10,2.5,0.4
2016-03-01,10,2.6,0.2
2016-04-01,10,2.1,0.1
2016-05-01,10,2.2,0.0
2016-06-01,10,2.1,0.1
2016-07-01,10,2.2,0.1
2016-08-01,10,2.0,0.0
2016-09-01,10,2.0,0.0
2016-10-01,10,2.0,0.0
2016-11-01,10,1.9,0.1
2016-12-01,10,1.7,0.0
2017-01-01,10,2.0,1.0
2017-02-01,10,1.7,0.1
2017-03-01,10,1.7,0.2
2017-04-01,10,1.7,0.1
2017-05-01,10,1.7,0.0
2017-06-01,10,1.7,0.1
2017-07-01,10,1.6,0.0
2017-08-01,10,1.6,0.0
2017-09-01,10,1.6,0.0
2017-10-01,10,1.6,0.0
2017-11-01,10,1.5,0.0
2017-12-01,10,1.7,0.2
2018-01-01,10,1.2,0.6
2018-02-01,10,1.2,0.1
2018-03-01,10,1.1,0.1
2018-04-01,10,1.1,0.1
2018-05-01,10,1.2,0.1
2018-06-01,10,0.9,-0.2
2018-07-01,10,1.0,0.1
2018-08-01,10,1.1,0.1
2018-09-01,10,1.1,0.0
2018-10-01,10,1.1,0.0
2018-11-01,10,1.4,0.3
2018-12-01,10,1.1,-0.1
2019-01-01,10,0.9,0.4
2019-02-01,10,1.3,0.4
2019-03-01,10,1.3,0.1
2019-04-01,10,1.2,0.0
2019-05-01,10,1.2,0.1
2019-06-01,10,1.4,0.0
2019-07-01,10,1.4,0.1
2019-08-01,10,1.4,0.1
2019-09-01,10,1.8,0.4
2019-10-01,10,1.9,0.1
2019-11-01,10,1.6,0.0
2019-12-01,10,1.7,0.0
2020-01-01,10,1.7,0.4
2020-02-01,10,1.3,0.1
2020-03-01,10,1.3,0.0
2020-04-01,10,1.2,-0.1
2020-05-01,10,1.0,-0.1
2020-06-01,10,0.8,-0.2
2020-07-01,10,1.2,0.4
2020-08-01,10,1.1,0.0
2020-09-01,10,0.7,0.1
2020-10-01,10,0.7,0.0
2020-11-01,10,0.6,-0.1
2020-12-01,10,0.6,0.0
2021-01-01,10,0.2,0.0
2021-02-01,10,0.1,0.0
2021-03-01,10,0.0,-0.1
2021-04-01,10,0.2,0.2
2021-05-01,10,0.3,0.0
2021-06-01,10,0.5,0.0
2021-07-01,10,0.1,0.0
2021-08-01,10,0.0,-0.1
2021-09-01,10,-0.1,0.0
2021-10-01,10,-0.1,0.0
2021-11-01,10,0.1,0.1
2021-12-01,10,0.2,0.1
2022-01-01,10,0.7,0.5
2022-02-01,10,0.7,0.1
2022-03-01,10,0.9,0.1
2022-04-01,10,1.0,0.2
2022-05-01,10,1.0,0.0
2022-06-01,10,1.1,0.1
2022-07-01,10,1.2,0.1
2022-08-01,10,1.2,0.0
2022-09-01,10,1.3,0.1
2022-10-01,10,1.4,0.1
2022-11-01,10,1.5,0.2
2022-12-01,10,1.4,0.0
2023-01-01,10,1.3,0.4
2023-02-01,10,1.6,0.4
2023-03-01,10,1.7,0.2
2023-04-01,10,1.6,0.2
2023-05-01,10,1.9,0.2
2023-06-01,10,1.9,0.1
2023-07-01,10,2.0,0.2
2023-08-01,10,2.1,0.2
2023-09-01,10,2.0,0.0
2023-10-01,10,2.1,0.2
2023-11-01,10,2.0,0.0
2023-12-01,10,2.0,0.0
2024-01-01,10,1.7,0.2
2024-02-01,10,1.5,0.2
2024-03-01,10,1.5,0.2
2024-04-01,10,1.4,0.2
2024-05-01,10,1.5,0.3
2024-06-01,10,1.7,0.2
2024-07-01,10,1.7,0.2
2024-08-01,10,1.5,0.0
2024-09-01,10,1.5,0.0
2024-10-01,10,1.5,0.2
2024-11-01,10,1.5,0.0
2024-12-01,10,1.5,0.0
2025-01-01,10,1.6,0.2
2025-02-01,10,1.9,0.5
2025-03-01,10,2.2,0.5
2025-04-01,10,2.3,0.2
2025-05-01,10,2.2,0.2
2025-06-01,10,2.2,0.2
2025-07-01,10,2.2,0.2
2025-08-01,10,2.4,0.2
2025-09-01,10,2.4,0.0
2025-10-01,10,2.4,0.2
2025-11-01,10,2.6,0.2
2025-12-01,10,2.8,0.2
2026-01-01,10,3.2,0.7
2026-02-01,10,2.8,0.1
2026-03-01,10,2.5,0.2
2026-04-01,10,2.4,0.2
1980-02-01,11,,
1980-03-01,11,,
1980-04-01,11,,
1980-05-01,11,,
1980-06-01,11,,
1980-07-01,11,,
1980-08-01,11,,
1980-09-01,11,,
1980-10-01,11,,
1980-11-01,11,,
1980-12-01,11,,
1981-01-01,11,,
1981-02-01,11,,
1981-03-01,11,,
1981-04-01,11,,
1981-05-01,11,,
1981-06-01,11,,
1981-07-01,11,,
1981-08-01,11,,
1981-09-01,11,,
1981-10-01,11,,
1981-11-01,11,,
1981-12-01,11,,
1982-01-01,11,,
1982-02-01,11,,
1982-03-01,11,,
1982-04-01,11,,
1982-05-01,11,,
1982-06-01,11,,
1982-07-01,11,,
1982-08-01,11,,
1982-09-01,11,,
1982-10-01,11,,
1982-11-01,11,,
1982-12-01,11,,
1983-01-01,11,,
1983-02-01,11,,
1983-03-01,11,,
1983-04-01,11,,
1983-05-01,11,,
1983-06-01,11,,
1983-07-01,11,,
1983-08-01,11,,
1983-09-01,11,,
1983-10-01,11,,
1983-11-01,11,,
1983-12-01,11,,
1984-01-01,11,,
1984-02-01,11,,
1984-03-01,11,,
1984-04-01,11,,
1984-05-01,11,,
1984-06-01,11,,
1984-07-01,11,,
1984-08-01,11,,
1984-09-01,11,,
1984-10-01,11,,
1984-11-01,11,,
1984-12-01,11,,
1985-01-01,11,,
1985-02-01,11,,
1985-03-01,11,,
1985-04-01,11,,
1985-05-01,11,,
1985-06-01,11,,
1985-07-01,11,,
1985-08-01,11,,
1985-09-01,11,,
1985-10-01,11,,
1985-11-01,11,,
1985-12-01,11,,
1986-01-01,11,,
1986-02-01,11,,
1986-03-01,11,,
1986-04-01,11,,
1986-05-01,11,,
1986-06-01,11,,
1986-07-01,11,,
1986-08-01,11,,
1986-09-01,11,,
1986-10-01,11,,
1986-11-01,11,,
1986-12-01,11,,
1987-01-01,11,,
1987-02-01,11,,
1987-03-01,11,,
1987-04-01,11,,
1987-05-01,11,,
1987-06-01,11,,
1987-07-01,11,,
1987-08-01,11,,
1987-09-01,11,,
1987-10-01,11,,
1987-11-01,11,,
1987-12-01,11,,
1988-01-01,11,,
1988-02-01,11,,
1988-03-01,11,,
1988-04-01,11,,
1988-05-01,11,,
1988-06-01,11,,
1988-07-01,11,,
1988-08-01,11,,
1988-09-01,11,,
1988-10-01,11,,
1988-11-01,11,,
1988-12-01,11,,
1989-01-01,11,,
1989-02-01,11,,
1989-03-01,11,,
1989-04-01,11,,
1989-05-01,11,,
1989-06-01,11,,
1989-07-01,11,,
1989-08-01,11,,
1989-09-01,11,,
1989-10-01,11,,
1989-11-01,11,,
1989-12-01,11,,
1990-01-01,11,,
1990-02-01,11,,
1990-03-01,11,,
1990-04-01,11,,
1990-05-01,11,,
1990-06-01,11,,
1990-07-01,11,,
1990-08-01,11,,
1990-09-01,11,,
1990-10-01,11,,
1990-11-01,11,,
1990-12-01,11,,
1991-01-01,11,,
1991-02-01,11,,
1991-03-01,11,,
1991-04-01,11,,
1991-05-01,11,,
1991-06-01,11,,
1991-07-01,11,,
1991-08-01,11,,
1991-09-01,11,,
1991-10-01,11,,
1991-11-01,11,,
1991-12-01,11,,
1992-01-01,11,,
1992-02-01,11,,
1992-03-01,11,,
1992-04-01,11,,
1992-05-01,11,,
1992-06-01,11,,
1992-07-01,11,,
1992-08-01,11,,
1992-09-01,11,,
1992-10-01,11,,
1992-11-01,11,,
1992-12-01,11,,
1993-01-01,11,,
1993-02-01,11,,
1993-03-01,11,,
1993-04-01,11,,
1993-05-01,11,,
1993-06-01,11,,
1993-07-01,11,,
1993-08-01,11,,
1993-09-01,11,,
1993-10-01,11,,
1993-11-01,11,,
1993-12-01,11,,
1994-01-01,11,,
1994-02-01,11,,
1994-03-01,11,,
1994-04-01,11,,
1994-05-01,11,,
1994-06-01,11,,
1994-07-01,11,,
1994-08-01,11,,
1994-09-01,11,,
1994-10-01,11,,
1994-11-01,11,,
1994-12-01,11,,
1995-01-01,11,,
1995-02-01,11,,
1995-03-01,11,,
1995-04-01,11,,
1995-05-01,11,,
1995-06-01,11,,
1995-07-01,11,,
1995-08-01,11,,
1995-09-01,11,,
1995-10-01,11,,
1995-11-01,11,,
1995-12-01,11,,
1996-01-01,11,,
1996-02-01,11,,
1996-03-01,11,,
1996-04-01,11,,
1996-05-01,11,,
1996-06-01,11,,
1996-07-01,11,,
1996-08-01,11,,
1996-09-01,11,,
1996-10-01,11,,
1996-11-01,11,,
1996-12-01,11,,
1997-01-01,11,,
1997-02-01,11,,
1997-03-01,11,,
1997-04-01,11,,
1997-05-01,11,,
1997-06-01,11,,
1997-07-01,11,,
1997-08-01,11,,
1997-09-01,11,,
1997-10-01,11,,
1997-11-01,11,,
1997-12-01,11,,
1998-01-01,11,,
1998-02-01,11,,
1998-03-01,11,,
1998-04-01,11,,
1998-05-01,11,,
1998-06-01,11,,
1998-07-01,11,,
1998-08-01,11,,
1998-09-01,11,,
1998-10-01,11,,
1998-11-01,11,,
1998-12-01,11,,
1999-01-01,11,,
1999-02-01,11,,
1999-03-01,11,,
1999-04-01,11,,
1999-05-01,11,,
1999-06-01,11,,
1999-07-01,11,,
1999-08-01,11,,
1999-09-01,11,,
1999-10-01,11,,
1999-11-01,11,,
1999-12-01,11,,
2000-01-01,11,,
2000-02-01,11,,
2000-03-01,11,,
2000-04-01,11,,
2000-05-01,11,,
2000-06-01,11,,
2000-07-01,11,,
2000-08-01,11,,
2000-09-01,11,,
2000-10-01,11,,
2000-11-01,11,,
2000-12-01,11,,
2001-01-01,11,,
2001-02-01,11,,
2001-03-01,11,,
2001-04-01,11,,
2001-05-01,11,,
2001-06-01,11,,
2001-07-01,11,,
2001-08-01,11,,
2001-09-01,11,,
2001-10-01,11,,
2001-11-01,11,,
2001-12-01,11,,
2002-01-01,11,,
2002-02-01,11,,
2002-03-01,11,,
2002-04-01,11,,
2002-05-01,11,,
2002-06-01,11,,
2002-07-01,11,,
2002-08-01,11,,
2002-09-01,11,,
2002-10-01,11,,
2002-11-01,11,,
2002-12-01,11,,
2003-01-01,11,,
2003-02-01,11,,-0.2
2003-03-01,11,,-0.4
2003-04-01,11,,-0.5
2003-05-01,11,,-0.6
2003-06-01,11,,-0.6
2003-07-01,11,,-0.3
2003-08-01,11,,-0.6
2003-09-01,11,,-0.5
2003-10-01,11,,-0.4
2003-11-01,11,,-0.4
2003-12-01,11,,-0.6
2004-01-01,11,-0.6,4.7
2004-02-01,11,-0.5,-0.1
2004-03-01,11,-0.2,-0.1
2004-04-01,11,0.1,-0.1
2004-05-01,11,0.8,0.0
2004-06-01,11,1.5,0.1
2004-07-01,11,1.8,0.0
2004-08-01,11,2.6,0.1
2004-09-01,11,3.1,0.0
2004-10-01,11,3.3,-0.1
2004-11-01,11,4.4,0.6
2004-12-01,11,4.6,-0.5
2005-01-01,11,1.5,1.6
2005-02-01,11,1.7,0.1
2005-03-01,11,2.0,0.1
2005-04-01,11,2.5,0.4
2005-05-01,11,3.1,0.6
2005-06-01,11,3.4,0.4
2005-07-01,11,3.9,0.5
2005-08-01,11,4.4,0.6
2005-09-01,11,4.6,0.2
2005-10-01,11,5.1,0.4
2005-11-01,11,4.7,0.2
2005-12-01,11,5.3,0.1
2006-01-01,11,4.2,0.5
2006-02-01,11,4.3,0.2
2006-03-01,11,4.5,0.4
2006-04-01,11,4.5,0.4
2006-05-01,11,4.1,0.2
2006-06-01,11,4.1,0.3
2006-07-01,11,3.7,0.1
2006-08-01,11,3.3,0.2
2006-09-01,11,3.2,0.1
2006-10-01,11,2.8,0.0
2006-11-01,11,2.7,0.1
2006-12-01,11,2.8,0.2
2007-01-01,11,2.7,0.3
2007-02-01,11,2.3,-0.1
2007-03-01,11,2.5,0.5
2007-04-01,11,2.3,0.2
2007-05-01,11,2.6,0.5
2007-06-01,11,3.2,1.0
2007-07-01,11,3.9,0.8
2007-08-01,11,4.2,0.4
2007-09-01,11,4.5,0.4
2007-10-01,11,4.6,0.1
2007-11-01,11,5.6,1.1
2007-12-01,11,6.0,0.5
2008-01-01,11,6.6,1.0
2008-02-01,11,7.3,0.5
2008-03-01,11,7.1,0.2
2008-04-01,11,7.3,0.4
2008-05-01,11,7.0,0.2
2008-06-01,11,6.7,0.7
2008-07-01,11,6.6,0.6
2008-08-01,11,6.6,0.5
2008-09-01,11,6.3,0.1
2008-10-01,11,6.6,0.4
2008-11-01,11,5.6,0.1
2008-12-01,11,5.3,0.3
2009-01-01,11,4.6,0.3
2009-02-01,11,4.3,0.2
2009-03-01,11,4.2,0.1
2009-04-01,11,3.8,0.1
2009-05-01,11,3.7,0.1
2009-06-01,11,3.2,0.2
2009-07-01,11,2.5,0.0
2009-08-01,11,2.1,0.1
2009-09-01,11,2.0,0.0
2009-10-01,11,1.7,0.1
2009-11-01,11,1.8,0.2
2009-12-01,11,1.6,0.2
2010-01-01,11,1.2,-0.1
2010-02-01,11,1.2,0.2
2010-03-01,11,1.5,0.4
2010-04-01,11,1.6,0.2
2010-05-01,11,1.6,0.1
2010-06-01,11,1.6,0.2
2010-07-01,11,1.7,0.1
2010-08-01,11,1.9,0.3
2010-09-01,11,2.2,0.3
2010-10-01,11,2.5,0.4
2010-11-01,11,2.5,0.2
2010-12-01,11,2.8,0.5
2011-01-01,11,4.6,1.6
2011-02-01,11,5.4,1.0
2011-03-01,11,5.4,0.5
2011-04-01,11,5.6,0.4
2011-05-01,11,6.0,0.5
2011-06-01,11,6.1,0.3
2011-07-01,11,6.5,0.5
2011-08-01,11,6.3,0.1
2011-09-01,11,6.3,0.3
2011-10-01,11,6.1,0.3
2011-11-01,11,6.2,0.3
2011-12-01,11,5.8,0.1
2012-01-01,11,4.5,0.3
2012-02-01,11,3.7,0.3
2012-03-01,11,3.5,0.3
2012-04-01,11,3.3,0.2
2012-05-01,11,3.0,0.2
2012-06-01,11,2.9,0.2
2012-07-01,11,2.6,0.2
2012-08-01,11,2.5,0.0
2012-09-01,11,2.5,0.3
2012-10-01,11,2.4,0.2
2012-11-01,11,2.3,0.2
2012-12-01,11,2.2,0.0
2013-01-01,11,2.1,0.2
2013-02-01,11,2.2,0.4
2013-03-01,11,2.3,0.4
2013-04-01,11,2.3,0.2
2013-05-01,11,2.3,0.2
2013-06-01,11,2.2,0.1
2013-07-01,11,2.1,0.1
2013-08-01,11,2.4,0.3
2013-09-01,11,2.5,0.4
2013-10-01,11,2.6,0.3
2013-11-01,11,3.0,0.6
2013-12-01,11,3.3,0.3
2014-01-01,11,4.2,1.1
2014-02-01,11,4.4,0.6
2014-03-01,11,4.5,0.4
2014-04-01,11,4.8,0.4
2014-05-01,11,4.9,0.3
2014-06-01,11,4.9,0.2
2014-07-01,11,5.0,0.2
2014-08-01,11,5.1,0.3
2014-09-01,11,4.8,0.1
2014-10-01,11,4.6,0.1
2014-11-01,11,4.3,0.3
2014-12-01,11,4.1,0.1
2015-01-01,11,3.4,0.3
2015-02-01,11,2.9,0.2
2015-03-01,11,2.8,0.3
2015-04-01,11,4.3,1.8
2015-05-01,11,4.5,0.4
2015-06-01,11,4.5,0.2
2015-07-01,11,4.6,0.2
2015-08-01,11,4.5,0.2
2015-09-01,11,4.6,0.2
2015-10-01,11,4.7,0.2
2015-11-01,11,4.6,0.2
2015-12-01,11,4.7,0.2
2016-01-01,11,4.5,0.1
2016-02-01,11,4.7,0.4
2016-03-01,11,4.5,0.2
2016-04-01,11,2.7,0.1
2016-05-01,11,2.5,0.2
2016-06-01,11,2.2,-0.1
2016-07-01,11,2.1,0.2
2016-08-01,11,2.1,0.2
2016-09-01,11,2.2,0.2
2016-10-01,11,2.0,0.0
2016-11-01,11,1.9,0.1
2016-12-01,11,1.9,0.2
2017-01-01,11,2.1,0.3
2017-02-01,11,2.3,0.6
2017-03-01,11,2.3,0.2
2017-04-01,11,2.4,0.2
2017-05-01,11,2.3,0.2
2017-06-01,11,2.5,0.1
2017-07-01,11,2.6,0.2
2017-08-01,11,2.8,0.5
2017-09-01,11,2.6,0.1
2017-10-01,11,2.7,0.1
2017-11-01,11,2.8,0.2
2017-12-01,11,2.6,0.1
2018-01-01,11,2.4,0.1
2018-02-01,11,1.8,0.1
2018-03-01,11,2.0,0.3
2018-04-01,11,2.2,0.4
2018-05-01,11,2.1,0.1
2018-06-01,11,1.2,-0.8
2018-07-01,11,1.0,0.0
2018-08-01,11,0.7,0.2
2018-09-01,11,1.1,0.5
2018-10-01,11,1.2,0.2
2018-11-01,11,1.2,0.2
2018-12-01,11,1.3,0.2
2019-01-01,11,1.2,0.0
2019-02-01,11,1.3,0.2
2019-03-01,11,1.0,0.0
2019-04-01,11,0.8,0.2
2019-05-01,11,0.6,-0.2
2019-06-01,11,1.6,0.2
2019-07-01,11,1.7,0.1
2019-08-01,11,1.7,0.2
2019-09-01,11,1.4,0.2
2019-10-01,11,1.2,0.0
2019-11-01,11,1.1,0.1
2019-12-01,11,1.1,0.2
2020-01-01,11,1.1,0.1
2020-02-01,11,1.1,0.2
2020-03-01,11,0.9,-0.2
2020-04-01,11,0.7,0.0
2020-05-01,11,0.9,0.1
2020-06-01,11,0.3,-0.4
2020-07-01,11,0.2,-0.1
2020-08-01,11,0.1,0.1
2020-09-01,11,0.1,0.2
2020-10-01,11,0.1,0.0
2020-11-01,11,0.0,0.0
2020-12-01,11,-0.2,0.0
2021-01-01,11,-0.1,0.2
2021-02-01,11,-0.3,-0.1
2021-03-01,11,0.0,0.1
2021-04-01,11,0.2,0.2
2021-05-01,11,0.2,0.1
2021-06-01,11,0.5,0.0
2021-07-01,11,0.7,0.1
2021-08-01,11,0.6,0.0
2021-09-01,11,0.3,-0.2
2021-10-01,11,0.6,0.3
2021-11-01,11,0.9,0.3
2021-12-01,11,1.3,0.4
2022-01-01,11,2.1,1.0
2022-02-01,11,2.6,0.4
2022-03-01,11,2.9,0.4
2022-04-01,11,3.2,0.4
2022-05-01,11,3.7,0.6
2022-06-01,11,5.0,1.3
2022-07-01,11,5.8,0.8
2022-08-01,11,6.4,0.6
2022-09-01,11,6.9,0.3
2022-10-01,11,6.8,0.3
2022-11-01,11,7.0,0.5
2022-12-01,11,7.4,0.7
2023-01-01,11,6.8,0.4
2023-02-01,11,7.4,0.9
2023-03-01,11,7.2,0.3
2023-04-01,11,6.6,-0.1
2023-05-01,11,6.7,0.6
2023-06-01,11,5.4,0.1
2023-07-01,11,5.0,0.3
2023-08-01,11,4.7,0.3
2023-09-01,11,4.4,0.1
2023-10-01,11,4.6,0.5
2023-11-01,11,4.3,0.1
2023-12-01,11,3.7,0.1
2024-01-01,11,3.2,-0.1
2024-02-01,11,2.9,0.6
2024-03-01,11,3.0,0.4
2024-04-01,11,3.5,0.3
2024-05-01,11,3.2,0.3
2024-06-01,11,3.3,0.3
2024-07-01,11,3.4,0.4
2024-08-01,11,3.2,0.1
2024-09-01,11,3.2,0.1
2024-10-01,11,2.8,0.1
2024-11-01,11,2.8,0.1
2024-12-01,11,2.9,0.3
2025-01-01,11,3.5,0.5
2025-02-01,11,3.5,0.6
2025-03-01,11,2.9,-0.1
2025-04-01,11,2.9,0.3
2025-05-01,11,3.0,0.4
2025-06-01,11,2.8,0.1
2025-07-01,11,3.1,0.8
2025-08-01,11,3.5,0.4
2025-09-01,11,3.3,-0.1
2025-10-01,11,3.4,0.2
2025-11-01,11,3.4,0.1
2025-12-01,11,3.1,0.0
2026-01-01,11,3.0,0.3
2026-02-01,11,2.5,0.1
2026-03-01,11,2.6,-0.1
2026-04-01,11,2.6,0.4
1980-02-01,12,,
1980-03-01,12,,
1980-04-01,12,,
1980-05-01,12,,
1980-06-01,12,,
1980-07-01,12,,
1980-08-01,12,,
1980-09-01,12,,
1980-10-01,12,,
1980-11-01,12,,
1980-12-01,12,,
1981-01-01,12,,
1981-02-01,12,,
1981-03-01,12,,
1981-04-01,12,,
1981-05-01,12,,
1981-06-01,12,,
1981-07-01,12,,
1981-08-01,12,,
1981-09-01,12,,
1981-10-01,12,,
1981-11-01,12,,
1981-12-01,12,,
1982-01-01,12,,
1982-02-01,12,,
1982-03-01,12,,
1982-04-01,12,,
1982-05-01,12,,
1982-06-01,12,,
1982-07-01,12,,
1982-08-01,12,,
1982-09-01,12,,
1982-10-01,12,,
1982-11-01,12,,
1982-12-01,12,,
1983-01-01,12,,
1983-02-01,12,,
1983-03-01,12,,
1983-04-01,12,,
1983-05-01,12,,
1983-06-01,12,,
1983-07-01,12,,
1983-08-01,12,,
1983-09-01,12,,
1983-10-01,12,,
1983-11-01,12,,
1983-12-01,12,,
1984-01-01,12,,
1984-02-01,12,,
1984-03-01,12,,
1984-04-01,12,,
1984-05-01,12,,
1984-06-01,12,,
1984-07-01,12,,
1984-08-01,12,,
1984-09-01,12,,
1984-10-01,12,,
1984-11-01,12,,
1984-12-01,12,,
1985-01-01,12,,
1985-02-01,12,,
1985-03-01,12,,
1985-04-01,12,,
1985-05-01,12,,
1985-06-01,12,,
1985-07-01,12,,
1985-08-01,12,,
1985-09-01,12,,
1985-10-01,12,,
1985-11-01,12,,
1985-12-01,12,,
1986-01-01,12,,
1986-02-01,12,,
1986-03-01,12,,
1986-04-01,12,,
1986-05-01,12,,
1986-06-01,12,,
1986-07-01,12,,
1986-08-01,12,,
1986-09-01,12,,
1986-10-01,12,,
1986-11-01,12,,
1986-12-01,12,,
1987-01-01,12,,
1987-02-01,12,,
1987-03-01,12,,
1987-04-01,12,,
1987-05-01,12,,
1987-06-01,12,,
1987-07-01,12,,
1987-08-01,12,,
1987-09-01,12,,
1987-10-01,12,,
1987-11-01,12,,
1987-12-01,12,,
1988-01-01,12,,
1988-02-01,12,,
1988-03-01,12,,
1988-04-01,12,,
1988-05-01,12,,
1988-06-01,12,,
1988-07-01,12,,
1988-08-01,12,,
1988-09-01,12,,
1988-10-01,12,,
1988-11-01,12,,
1988-12-01,12,,
1989-01-01,12,,
1989-02-01,12,,
1989-03-01,12,,
1989-04-01,12,,
1989-05-01,12,,
1989-06-01,12,,
1989-07-01,12,,
1989-08-01,12,,
1989-09-01,12,,
1989-10-01,12,,
1989-11-01,12,,
1989-12-01,12,,
1990-01-01,12,,
1990-02-01,12,,
1990-03-01,12,,
1990-04-01,12,,
1990-05-01,12,,
1990-06-01,12,,
1990-07-01,12,,
1990-08-01,12,,
1990-09-01,12,,
1990-10-01,12,,
1990-11-01,12,,
1990-12-01,12,,
1991-01-01,12,,
1991-02-01,12,,
1991-03-01,12,,
1991-04-01,12,,
1991-05-01,12,,
1991-06-01,12,,
1991-07-01,12,,
1991-08-01,12,,
1991-09-01,12,,
1991-10-01,12,,
1991-11-01,12,,
1991-12-01,12,,
1992-01-01,12,,
1992-02-01,12,,
1992-03-01,12,,
1992-04-01,12,,
1992-05-01,12,,
1992-06-01,12,,
1992-07-01,12,,
1992-08-01,12,,
1992-09-01,12,,
1992-10-01,12,,
1992-11-01,12,,
1992-12-01,12,,
1993-01-01,12,,
1993-02-01,12,,
1993-03-01,12,,
1993-04-01,12,,
1993-05-01,12,,
1993-06-01,12,,
1993-07-01,12,,
1993-08-01,12,,
1993-09-01,12,,
1993-10-01,12,,
1993-11-01,12,,
1993-12-01,12,,
1994-01-01,12,,
1994-02-01,12,,
1994-03-01,12,,
1994-04-01,12,,
1994-05-01,12,,
1994-06-01,12,,
1994-07-01,12,,
1994-08-01,12,,
1994-09-01,12,,
1994-10-01,12,,
1994-11-01,12,,
1994-12-01,12,,
1995-01-01,12,,
1995-02-01,12,,
1995-03-01,12,,
1995-04-01,12,,
1995-05-01,12,,
1995-06-01,12,,
1995-07-01,12,,
1995-08-01,12,,
1995-09-01,12,,
1995-10-01,12,,
1995-11-01,12,,
1995-12-01,12,,
1996-01-01,12,,
1996-02-01,12,,
1996-03-01,12,,
1996-04-01,12,,
1996-05-01,12,,
1996-06-01,12,,
1996-07-01,12,,
1996-08-01,12,,
1996-09-01,12,,
1996-10-01,12,,
1996-11-01,12,,
1996-12-01,12,,
1997-01-01,12,,
1997-02-01,12,,
1997-03-01,12,,
1997-04-01,12,,
1997-05-01,12,,
1997-06-01,12,,
1997-07-01,12,,
1997-08-01,12,,
1997-09-01,12,,
1997-10-01,12,,
1997-11-01,12,,
1997-12-01,12,,
1998-01-01,12,,
1998-02-01,12,,
1998-03-01,12,,
1998-04-01,12,,
1998-05-01,12,,
1998-06-01,12,,
1998-07-01,12,,
1998-08-01,12,,
1998-09-01,12,,
1998-10-01,12,,
1998-11-01,12,,
1998-12-01,12,,
1999-01-01,12,,
1999-02-01,12,,
1999-03-01,12,,
1999-04-01,12,,
1999-05-01,12,,
1999-06-01,12,,
1999-07-01,12,,
1999-08-01,12,,
1999-09-01,12,,
1999-10-01,12,,
1999-11-01,12,,
1999-12-01,12,,
2000-01-01,12,,
2000-02-01,12,,
2000-03-01,12,,
2000-04-01,12,,
2000-05-01,12,,
2000-06-01,12,,
2000-07-01,12,,
2000-08-01,12,,
2000-09-01,12,,
2000-10-01,12,,
2000-11-01,12,,
2000-12-01,12,,
2001-01-01,12,,
2001-02-01,12,,
2001-03-01,12,,
2001-04-01,12,,
2001-05-01,12,,
2001-06-01,12,,
2001-07-01,12,,
2001-08-01,12,,
2001-09-01,12,,
2001-10-01,12,,
2001-11-01,12,,
2001-12-01,12,,
2002-01-01,12,,
2002-02-01,12,,
2002-03-01,12,,
2002-04-01,12,,
2002-05-01,12,,
2002-06-01,12,,
2002-07-01,12,,
2002-08-01,12,,
2002-09-01,12,,
2002-10-01,12,,
2002-11-01,12,,
2002-12-01,12,,
2003-01-01,12,,
2003-02-01,12,,
2003-03-01,12,,
2003-04-01,12,,
2003-05-01,12,,
2003-06-01,12,,
2003-07-01,12,,
2003-08-01,12,,
2003-09-01,12,,
2003-10-01,12,,
2003-11-01,12,,
2003-12-01,12,,
2004-01-01,12,,
2004-02-01,12,,
2004-03-01,12,,
2004-04-01,12,,
2004-05-01,12,,
2004-06-01,12,,
2004-07-01,12,,
2004-08-01,12,,
2004-09-01,12,,
2004-10-01,12,,
2004-11-01,12,,
2004-12-01,12,,
2005-01-01,12,,
2005-02-01,12,,
2005-03-01,12,,
2005-04-01,12,,
2005-05-01,12,,
2005-06-01,12,,
2005-07-01,12,,
2005-08-01,12,,
2005-09-01,12,,
2005-10-01,12,,
2005-11-01,12,,
2005-12-01,12,,
2006-01-01,12,,
2006-02-01,12,,
2006-03-01,12,,
2006-04-01,12,,
2006-05-01,12,,
2006-06-01,12,,
2006-07-01,12,,
2006-08-01,12,,
2006-09-01,12,,
2006-10-01,12,,
2006-11-01,12,,
2006-12-01,12,,
2007-01-01,12,,
2007-02-01,12,,
2007-03-01,12,,
2007-04-01,12,,
2007-05-01,12,,
2007-06-01,12,,
2007-07-01,12,,
2007-08-01,12,,
2007-09-01,12,,
2007-10-01,12,,
2007-11-01,12,,
2007-12-01,12,,
2008-01-01,12,,
2008-02-01,12,,
2008-03-01,12,,
2008-04-01,12,,
2008-05-01,12,,
2008-06-01,12,,
2008-07-01,12,,
2008-08-01,12,,
2008-09-01,12,,
2008-10-01,12,,
2008-11-01,12,,
2008-12-01,12,,
2009-01-01,12,,
2009-02-01,12,,
2009-03-01,12,,
2009-04-01,12,,
2009-05-01,12,,
2009-06-01,12,,
2009-07-01,12,,
2009-08-01,12,,
2009-09-01,12,,
2009-10-01,12,,
2009-11-01,12,,
2009-12-01,12,,
2010-01-01,12,,
2010-02-01,12,,0.0
2010-03-01,12,,0.1
2010-04-01,12,,0.0
2010-05-01,12,,0.0
2010-06-01,12,,0.0
2010-07-01,12,,0.0
2010-08-01,12,,0.0
2010-09-01,12,,0.0
2010-10-01,12,,0.0
2010-11-01,12,,0.0
2010-12-01,12,,0.0
2011-01-01,12,0.2,0.1
2011-02-01,12,0.2,0.0
2011-03-01,12,0.1,0.0
2011-04-01,12,0.1,0.0
2011-05-01,12,0.2,0.1
2011-06-01,12,0.2,0.0
2011-07-01,12,0.3,0.1
2011-08-01,12,0.2,-0.1
2011-09-01,12,0.2,0.0
2011-10-01,12,0.2,0.0
2011-11-01,12,0.0,-0.2
2011-12-01,12,0.0,0.0
2012-01-01,12,0.2,0.3
2012-02-01,12,0.9,0.7
2012-03-01,12,1.2,0.3
2012-04-01,12,1.2,0.0
2012-05-01,12,1.0,-0.1
2012-06-01,12,1.0,0.0
2012-07-01,12,0.9,0.0
2012-08-01,12,1.4,0.4
2012-09-01,12,1.5,0.1
2012-10-01,12,1.8,0.3
2012-11-01,12,2.0,0.0
2012-12-01,12,2.0,0.0
2013-01-01,12,2.1,0.4
2013-02-01,12,1.4,0.0
2013-03-01,12,1.3,0.2
2013-04-01,12,1.3,0.0
2013-05-01,12,1.4,0.0
2013-06-01,12,1.4,0.0
2013-07-01,12,2.2,0.8
2013-08-01,12,1.8,0.0
2013-09-01,12,1.7,0.0
2013-10-01,12,1.5,0.1
2013-11-01,12,1.5,0.0
2013-12-01,12,1.5,0.0
2014-01-01,12,1.1,0.0
2014-02-01,12,1.3,0.2
2014-03-01,12,1.8,0.7
2014-04-01,12,1.9,0.1
2014-05-01,12,1.9,0.0
2014-06-01,12,1.9,0.0
2014-07-01,12,1.1,0.0
2014-08-01,12,1.4,0.3
2014-09-01,12,1.4,0.0
2014-10-01,12,1.3,0.0
2014-11-01,12,1.3,0.0
2014-12-01,12,1.4,0.2
2015-01-01,12,1.4,0.0
2015-02-01,12,1.4,0.1
2015-03-01,12,1.0,0.3
2015-04-01,12,4.3,3.4
2015-05-01,12,5.1,0.7
2015-06-01,12,5.3,0.2
2015-07-01,12,5.1,-0.2
2015-08-01,12,4.9,0.1
2015-09-01,12,5.1,0.2
2015-10-01,12,5.1,0.0
2015-11-01,12,5.4,0.4
2015-12-01,12,5.2,0.0
2016-01-01,12,5.3,0.1
2016-02-01,12,5.2,0.0
2016-03-01,12,4.9,0.0
2016-04-01,12,2.0,0.5
2016-05-01,12,1.5,0.2
2016-06-01,12,1.4,0.1
2016-07-01,12,1.5,0.0
2016-08-01,12,1.5,0.1
2016-09-01,12,1.3,-0.1
2016-10-01,12,1.3,0.0
2016-11-01,12,0.9,0.0
2016-12-01,12,0.9,0.0
2017-01-01,12,0.9,0.1
2017-02-01,12,0.9,0.0
2017-03-01,12,0.9,0.0
2017-04-01,12,0.4,0.0
2017-05-01,12,0.2,0.0
2017-06-01,12,0.1,0.0
2017-07-01,12,0.1,0.0
2017-08-01,12,0.0,0.0
2017-09-01,12,0.1,0.0
2017-10-01,12,0.1,0.0
2017-11-01,12,0.1,0.0
2017-12-01,12,0.1,0.0
2018-01-01,12,0.0,0.0
2018-02-01,12,0.1,0.1
2018-03-01,12,0.1,0.0
2018-04-01,12,0.1,0.0
2018-05-01,12,0.1,0.0
2018-06-01,12,-2.5,-2.6
2018-07-01,12,-2.5,0.0
2018-08-01,12,-2.5,0.0
2018-09-01,12,-2.2,0.4
2018-10-01,12,-1.6,0.5
2018-11-01,12,-1.6,0.0
2018-12-01,12,-1.6,0.0
2019-01-01,12,-1.5,0.1
2019-02-01,12,-1.6,0.0
2019-03-01,12,-1.6,0.0
2019-04-01,12,-1.6,0.0
2019-05-01,12,-1.6,0.0
2019-06-01,12,1.0,0.0
2019-07-01,12,1.0,0.0
2019-08-01,12,1.0,0.0
2019-09-01,12,0.6,0.0
2019-10-01,12,0.1,0.0
2019-11-01,12,0.1,0.0
2019-12-01,12,0.0,-0.1
2020-01-01,12,-0.1,0.0
2020-02-01,12,-0.1,0.0
2020-03-01,12,0.0,0.1
2020-04-01,12,0.0,0.0
2020-05-01,12,0.0,0.0
2020-06-01,12,0.0,0.0
2020-07-01,12,0.0,0.0
2020-08-01,12,0.0,0.0
2020-09-01,12,0.0,0.0
2020-10-01,12,0.0,0.0
2020-11-01,12,0.0,0.0
2020-12-01,12,0.1,0.0
2021-01-01,12,0.1,0.0
2021-02-01,12,0.1,0.0
2021-03-01,12,0.0,0.0
2021-04-01,12,0.0,0.0
2021-05-01,12,0.0,0.0
2021-06-01,12,0.0,0.0
2021-07-01,12,0.0,0.0
2021-08-01,12,0.0,0.0
2021-09-01,12,0.0,0.0
2021-10-01,12,0.0,0.0
2021-11-01,12,0.0,0.0
2021-12-01,12,0.0,0.0
2022-01-01,12,0.0,0.0
2022-02-01,12,0.0,0.0
2022-03-01,12,0.0,0.0
2022-04-01,12,0.0,0.0
2022-05-01,12,0.0,0.0
2022-06-01,12,0.3,0.3
2022-07-01,12,0.3,0.0
2022-08-01,12,0.3,0.0
2022-09-01,12,0.3,0.0
2022-10-01,12,0.3,0.0
2022-11-01,12,0.3,0.0
2022-12-01,12,0.3,0.0
2023-01-01,12,0.3,0.0
2023-02-01,12,0.4,0.1
2023-03-01,12,0.4,0.0
2023-04-01,12,0.4,0.0
2023-05-01,12,0.4,0.0
2023-06-01,12,0.1,0.0
2023-07-01,12,0.0,-0.1
2023-08-01,12,0.0,0.0
2023-09-01,12,0.0,0.0
2023-10-01,12,0.0,0.0
2023-11-01,12,0.0,0.0
2023-12-01,12,0.0,0.0
2024-01-01,12,0.0,0.0
2024-02-01,12,-0.1,0.0
2024-03-01,12,-0.1,0.0
2024-04-01,12,-0.1,0.0
2024-05-01,12,-0.1,0.0
2024-06-01,12,-0.1,0.0
2024-07-01,12,0.5,0.5
2024-08-01,12,0.5,0.0
2024-09-01,12,0.5,0.0
2024-10-01,12,0.5,0.0
2024-11-01,12,0.5,0.0
2024-12-01,12,0.5,0.0
2025-01-01,12,0.6,0.1
2025-02-01,12,1.5,0.8
2025-03-01,12,1.5,0.0
2025-04-01,12,1.5,0.0
2025-05-01,12,1.5,0.0
2025-06-01,12,1.5,0.0
2025-07-01,12,5.5,4.6
2025-08-01,12,5.6,0.1
2025-09-01,12,5.6,0.0
2025-10-01,12,5.6,0.0
2025-11-01,12,5.6,0.0
2025-12-01,12,5.6,0.0
2026-01-01,12,5.5,0.0
2026-02-01,12,4.7,0.0
2026-03-01,12,4.9,0.3
2026-04-01,12,4.9,0.0
1980-02-01,13,,
1980-03-01,13,,
1980-04-01,13,,
1980-05-01,13,,
1980-06-01,13,,
1980-07-01,13,,
1980-08-01,13,,
1980-09-01,13,,
1980-10-01,13,,
1980-11-01,13,,
1980-12-01,13,,
1981-01-01,13,,
1981-02-01,13,,
1981-03-01,13,,
1981-04-01,13,,
1981-05-01,13,,
1981-06-01,13,,
1981-07-01,13,,
1981-08-01,13,,
1981-09-01,13,,
1981-10-01,13,,
1981-11-01,13,,
1981-12-01,13,,
1982-01-01,13,,
1982-02-01,13,,
1982-03-01,13,,
1982-04-01,13,,
1982-05-01,13,,
1982-06-01,13,,
1982-07-01,13,,
1982-08-01,13,,
1982-09-01,13,,
1982-10-01,13,,
1982-11-01,13,,
1982-12-01,13,,
1983-01-01,13,,
1983-02-01,13,,
1983-03-01,13,,
1983-04-01,13,,
1983-05-01,13,,
1983-06-01,13,,
1983-07-01,13,,
1983-08-01,13,,
1983-09-01,13,,
1983-10-01,13,,
1983-11-01,13,,
1983-12-01,13,,
1984-01-01,13,,
1984-02-01,13,,
1984-03-01,13,,
1984-04-01,13,,
1984-05-01,13,,
1984-06-01,13,,
1984-07-01,13,,
1984-08-01,13,,
1984-09-01,13,,
1984-10-01,13,,
1984-11-01,13,,
1984-12-01,13,,
1985-01-01,13,,
1985-02-01,13,,
1985-03-01,13,,
1985-04-01,13,,
1985-05-01,13,,
1985-06-01,13,,
1985-07-01,13,,
1985-08-01,13,,
1985-09-01,13,,
1985-10-01,13,,
1985-11-01,13,,
1985-12-01,13,,
1986-01-01,13,,
1986-02-01,13,,
1986-03-01,13,,
1986-04-01,13,,
1986-05-01,13,,
1986-06-01,13,,
1986-07-01,13,,
1986-08-01,13,,
1986-09-01,13,,
1986-10-01,13,,
1986-11-01,13,,
1986-12-01,13,,
1987-01-01,13,,
1987-02-01,13,,
1987-03-01,13,,
1987-04-01,13,,
1987-05-01,13,,
1987-06-01,13,,
1987-07-01,13,,
1987-08-01,13,,
1987-09-01,13,,
1987-10-01,13,,
1987-11-01,13,,
1987-12-01,13,,
1988-01-01,13,,
1988-02-01,13,,
1988-03-01,13,,
1988-04-01,13,,
1988-05-01,13,,
1988-06-01,13,,
1988-07-01,13,,
1988-08-01,13,,
1988-09-01,13,,
1988-10-01,13,,
1988-11-01,13,,
1988-12-01,13,,
1989-01-01,13,,
1989-02-01,13,,
1989-03-01,13,,
1989-04-01,13,,
1989-05-01,13,,
1989-06-01,13,,
1989-07-01,13,,
1989-08-01,13,,
1989-09-01,13,,
1989-10-01,13,,
1989-11-01,13,,
1989-12-01,13,,
1990-01-01,13,,
1990-02-01,13,,
1990-03-01,13,,
1990-04-01,13,,
1990-05-01,13,,
1990-06-01,13,,
1990-07-01,13,,
1990-08-01,13,,
1990-09-01,13,,
1990-10-01,13,,
1990-11-01,13,,
1990-12-01,13,,
1991-01-01,13,,
1991-02-01,13,,
1991-03-01,13,,
1991-04-01,13,,
1991-05-01,13,,
1991-06-01,13,,
1991-07-01,13,,
1991-08-01,13,,
1991-09-01,13,,
1991-10-01,13,,
1991-11-01,13,,
1991-12-01,13,,
1992-01-01,13,,
1992-02-01,13,,
1992-03-01,13,,
1992-04-01,13,,
1992-05-01,13,,
1992-06-01,13,,
1992-07-01,13,,
1992-08-01,13,,
1992-09-01,13,,
1992-10-01,13,,
1992-11-01,13,,
1992-12-01,13,,
1993-01-01,13,,
1993-02-01,13,,
1993-03-01,13,,
1993-04-01,13,,
1993-05-01,13,,
1993-06-01,13,,
1993-07-01,13,,
1993-08-01,13,,
1993-09-01,13,,
1993-10-01,13,,
1993-11-01,13,,
1993-12-01,13,,
1994-01-01,13,,
1994-02-01,13,,
1994-03-01,13,,
1994-04-01,13,,
1994-05-01,13,,
1994-06-01,13,,
1994-07-01,13,,
1994-08-01,13,,
1994-09-01,13,,
1994-10-01,13,,
1994-11-01,13,,
1994-12-01,13,,
1995-01-01,13,,
1995-02-01,13,,
1995-03-01,13,,
1995-04-01,13,,
1995-05-01,13,,
1995-06-01,13,,
1995-07-01,13,,
1995-08-01,13,,
1995-09-01,13,,
1995-10-01,13,,
1995-11-01,13,,
1995-12-01,13,,
1996-01-01,13,,
1996-02-01,13,,
1996-03-01,13,,
1996-04-01,13,,
1996-05-01,13,,
1996-06-01,13,,
1996-07-01,13,,
1996-08-01,13,,
1996-09-01,13,,
1996-10-01,13,,
1996-11-01,13,,
1996-12-01,13,,
1997-01-01,13,,
1997-02-01,13,,
1997-03-01,13,,
1997-04-01,13,,
1997-05-01,13,,
1997-06-01,13,,
1997-07-01,13,,
1997-08-01,13,,
1997-09-01,13,,
1997-10-01,13,,
1997-11-01,13,,
1997-12-01,13,,
1998-01-01,13,,
1998-02-01,13,,
1998-03-01,13,,
1998-04-01,13,,
1998-05-01,13,,
1998-06-01,13,,
1998-07-01,13,,
1998-08-01,13,,
1998-09-01,13,,
1998-10-01,13,,
1998-11-01,13,,
1998-12-01,13,,
1999-01-01,13,,
1999-02-01,13,,
1999-03-01,13,,
1999-04-01,13,,
1999-05-01,13,,
1999-06-01,13,,
1999-07-01,13,,
1999-08-01,13,,
1999-09-01,13,,
1999-10-01,13,,
1999-11-01,13,,
1999-12-01,13,,
2000-01-01,13,,
2000-02-01,13,,
2000-03-01,13,,
2000-04-01,13,,
2000-05-01,13,,
2000-06-01,13,,
2000-07-01,13,,
2000-08-01,13,,
2000-09-01,13,,
2000-10-01,13,,
2000-11-01,13,,
2000-12-01,13,,
2001-01-01,13,,
2001-02-01,13,,
2001-03-01,13,,
2001-04-01,13,,
2001-05-01,13,,
2001-06-01,13,,
2001-07-01,13,,
2001-08-01,13,,
2001-09-01,13,,
2001-10-01,13,,
2001-11-01,13,,
2001-12-01,13,,
2002-01-01,13,,
2002-02-01,13,,
2002-03-01,13,,
2002-04-01,13,,
2002-05-01,13,,
2002-06-01,13,,
2002-07-01,13,,
2002-08-01,13,,
2002-09-01,13,,
2002-10-01,13,,
2002-11-01,13,,
2002-12-01,13,,
2003-01-01,13,,
2003-02-01,13,,0.9
2003-03-01,13,,-0.6
2003-04-01,13,,-0.3
2003-05-01,13,,-0.2
2003-06-01,13,,-0.1
2003-07-01,13,,-0.3
2003-08-01,13,,0.2
2003-09-01,13,,-0.1
2003-10-01,13,,-1.2
2003-11-01,13,,-0.6
2003-12-01,13,,-0.8
2004-01-01,13,1.3,4.5
2004-02-01,13,0.5,0.1
2004-03-01,13,0.8,-0.2
2004-04-01,13,1.6,0.5
2004-05-01,13,1.0,-0.8
2004-06-01,13,0.6,-0.6
2004-07-01,13,1.1,0.1
2004-08-01,13,1.0,0.2
2004-09-01,13,0.9,-0.2
2004-10-01,13,1.9,-0.2
2004-11-01,13,2.5,0.0
2004-12-01,13,3.2,-0.1
2005-01-01,13,0.5,1.7
2005-02-01,13,0.2,-0.1
2005-03-01,13,0.3,-0.1
2005-04-01,13,0.1,0.2
2005-05-01,13,1.0,0.1
2005-06-01,13,1.5,-0.1
2005-07-01,13,1.5,0.1
2005-08-01,13,1.3,0.0
2005-09-01,13,1.8,0.3
2005-10-01,13,2.3,0.2
2005-11-01,13,2.4,0.1
2005-12-01,13,2.9,0.3
2006-01-01,13,1.6,0.5
2006-02-01,13,2.1,0.3
2006-03-01,13,1.9,-0.2
2006-04-01,13,2.3,0.6
2006-05-01,13,3.3,1.1
2006-06-01,13,2.8,-0.6
2006-07-01,13,2.6,-0.1
2006-08-01,13,2.7,0.1
2006-09-01,13,2.4,0.0
2006-10-01,13,1.6,-0.6
2006-11-01,13,1.8,0.3
2006-12-01,13,1.6,0.1
2007-01-01,13,1.0,-0.1
2007-02-01,13,0.9,0.2
2007-03-01,13,1.1,0.0
2007-04-01,13,0.8,0.2
2007-05-01,13,-0.2,0.1
2007-06-01,13,0.2,-0.1
2007-07-01,13,0.4,0.1
2007-08-01,13,0.4,0.1
2007-09-01,13,0.8,0.3
2007-10-01,13,1.6,0.2
2007-11-01,13,2.1,0.9
2007-12-01,13,2.0,0.0
2008-01-01,13,3.0,0.9
2008-02-01,13,3.3,0.5
2008-03-01,13,3.8,0.4
2008-04-01,13,3.3,-0.2
2008-05-01,13,3.1,-0.1
2008-06-01,13,3.6,0.4
2008-07-01,13,4.2,0.6
2008-08-01,13,3.9,-0.2
2008-09-01,13,3.2,-0.3
2008-10-01,13,4.2,1.2
2008-11-01,13,2.4,-0.8
2008-12-01,13,2.6,0.2
2009-01-01,13,2.6,0.8
2009-02-01,13,3.8,1.7
2009-03-01,13,3.5,0.2
2009-04-01,13,3.5,-0.2
2009-05-01,13,3.5,-0.1
2009-06-01,13,3.6,0.5
2009-07-01,13,3.0,0.0
2009-08-01,13,3.3,0.1
2009-09-01,13,4.3,0.6
2009-10-01,13,3.2,0.1
2009-11-01,13,4.8,0.7
2009-12-01,13,5.2,0.6
2010-01-01,13,4.9,0.6
2010-02-01,13,2.9,-0.3
2010-03-01,13,2.7,0.0
2010-04-01,13,2.8,-0.1
2010-05-01,13,3.1,0.2
2010-06-01,13,2.8,0.2
2010-07-01,13,2.9,0.1
2010-08-01,13,2.6,-0.2
2010-09-01,13,2.3,0.4
2010-10-01,13,2.6,0.3
2010-11-01,13,2.0,0.2
2010-12-01,13,1.5,0.1
2011-01-01,13,1.2,0.3
2011-02-01,13,1.4,-0.1
2011-03-01,13,1.6,0.2
2011-04-01,13,1.8,0.1
2011-05-01,13,2.0,0.4
2011-06-01,13,2.0,0.2
2011-07-01,13,2.4,0.5
2011-08-01,13,3.4,0.8
2011-09-01,13,3.7,0.7
2011-10-01,13,3.0,-0.4
2011-11-01,13,3.2,0.4
2011-12-01,13,3.1,0.0
2012-01-01,13,2.7,-0.1
2012-02-01,13,3.2,0.4
2012-03-01,13,2.9,-0.1
2012-04-01,13,2.6,-0.2
2012-05-01,13,2.2,0.0
2012-06-01,13,2.2,0.2
2012-07-01,13,2.1,0.4
2012-08-01,13,1.2,-0.1
2012-09-01,13,1.0,0.5
2012-10-01,13,1.4,0.1
2012-11-01,13,1.2,0.1
2012-12-01,13,1.0,-0.2
2013-01-01,13,1.7,0.7
2013-02-01,13,1.2,-0.2
2013-03-01,13,1.2,-0.1
2013-04-01,13,1.0,-0.4
2013-05-01,13,0.4,-0.6
2013-06-01,13,0.0,-0.2
2013-07-01,13,-0.6,-0.2
2013-08-01,13,0.3,0.8
2013-09-01,13,0.0,0.2
2013-10-01,13,-0.4,-0.3
2013-11-01,13,-0.5,0.0
2013-12-01,13,-0.6,-0.3
2014-01-01,13,-1.1,0.1
2014-02-01,13,-0.4,0.6
2014-03-01,13,0.1,0.4
2014-04-01,13,0.5,0.0
2014-05-01,13,1.1,0.0
2014-06-01,13,1.2,0.0
2014-07-01,13,1.4,0.0
2014-08-01,13,0.9,0.2
2014-09-01,13,0.7,0.0
2014-10-01,13,0.7,-0.3
2014-11-01,13,0.9,0.2
2014-12-01,13,1.4,0.3
2015-01-01,13,1.7,0.4
2015-02-01,13,1.6,0.5
2015-03-01,13,1.5,0.3
2015-04-01,13,4.1,2.5
2015-05-01,13,4.4,0.3
2015-06-01,13,4.6,0.2
2015-07-01,13,4.7,0.2
2015-08-01,13,4.5,0.0
2015-09-01,13,5.6,1.0
2015-10-01,13,5.8,-0.1
2015-11-01,13,5.9,0.3
2015-12-01,13,5.4,-0.2
2016-01-01,13,5.5,0.4
2016-02-01,13,5.2,0.3
2016-03-01,13,5.1,0.2
2016-04-01,13,2.6,0.0
2016-05-01,13,2.5,0.2
2016-06-01,13,2.3,0.0
2016-07-01,13,2.4,0.4
2016-08-01,13,2.5,0.1
2016-09-01,13,1.5,0.0
2016-10-01,13,1.5,-0.1
2016-11-01,13,1.8,0.5
2016-12-01,13,1.8,-0.2
2017-01-01,13,1.4,0.1
2017-02-01,13,1.4,0.3
2017-03-01,13,1.3,0.1
2017-04-01,13,1.5,0.2
2017-05-01,13,1.3,0.0
2017-06-01,13,1.2,-0.1
2017-07-01,13,1.1,0.3
2017-08-01,13,0.9,-0.2
2017-09-01,13,1.1,0.2
2017-10-01,13,1.2,0.1
2017-11-01,13,0.7,0.0
2017-12-01,13,0.7,-0.2
2018-01-01,13,0.9,0.3
2018-02-01,13,0.4,-0.3
2018-03-01,13,0.4,0.2
2018-04-01,13,0.4,0.1
2018-05-01,13,0.4,0.1
2018-06-01,13,-2.6,-3.1
2018-07-01,13,-3.0,-0.1
2018-08-01,13,-3.0,-0.2
2018-09-01,13,-3.0,0.2
2018-10-01,13,-2.8,0.3
2018-11-01,13,-2.6,0.2
2018-12-01,13,-2.4,0.0
2019-01-01,13,-2.4,0.4
2019-02-01,13,-2.2,-0.1
2019-03-01,13,-2.0,0.4
2019-04-01,13,-2.0,0.1
2019-05-01,13,-2.1,0.0
2019-06-01,13,1.4,0.3
2019-07-01,13,1.8,0.4
2019-08-01,13,2.5,0.5
2019-09-01,13,2.7,0.4
2019-10-01,13,2.2,-0.2
2019-11-01,13,2.5,0.4
2019-12-01,13,2.4,-0.1
2020-01-01,13,2.5,0.4
2020-02-01,13,2.5,-0.1
2020-03-01,13,2.6,0.4
2020-04-01,13,2.3,-0.2
2020-05-01,13,2.8,0.5
2020-06-01,13,3.0,0.4
2020-07-01,13,2.9,0.3
2020-08-01,13,3.1,0.7
2020-09-01,13,2.7,0.0
2020-10-01,13,2.8,-0.1
2020-11-01,13,2.3,-0.1
2020-12-01,13,2.2,-0.2
2021-01-01,13,1.8,0.1
2021-02-01,13,1.6,-0.3
2021-03-01,13,1.0,-0.2
2021-04-01,13,1.2,0.1
2021-05-01,13,0.7,0.0
2021-06-01,13,0.3,0.1
2021-07-01,13,0.1,0.0
2021-08-01,13,-0.6,0.0
2021-09-01,13,-0.5,0.1
2021-10-01,13,-0.2,0.3
2021-11-01,13,0.1,0.2
2021-12-01,13,0.4,0.2
2022-01-01,13,0.6,0.3
2022-02-01,13,1.1,0.2
2022-03-01,13,1.9,0.6
2022-04-01,13,1.8,0.0
2022-05-01,13,1.9,0.1
2022-06-01,13,2.2,0.4
2022-07-01,13,2.1,-0.1
2022-08-01,13,2.4,0.3
2022-09-01,13,2.4,0.1
2022-10-01,13,2.4,0.3
2022-11-01,13,2.6,0.3
2022-12-01,13,2.3,-0.1
2023-01-01,13,2.3,0.3
2023-02-01,13,2.5,0.3
2023-03-01,13,2.1,0.2
2023-04-01,13,2.5,0.4
2023-05-01,13,2.9,0.4
2023-06-01,13,2.6,0.2
2023-07-01,13,2.6,-0.1
2023-08-01,13,2.4,0.1
2023-09-01,13,2.5,0.2
2023-10-01,13,2.3,0.0
2023-11-01,13,2.3,0.4
2023-12-01,13,2.7,0.2
2024-01-01,13,2.5,0.1
2024-02-01,13,2.5,0.3
2024-03-01,13,2.6,0.4
2024-04-01,13,3.1,0.9
2024-05-01,13,3.0,0.3
2024-06-01,13,2.8,-0.1
2024-07-01,13,3.2,0.3
2024-08-01,13,3.2,0.1
2024-09-01,13,3.1,0.1
2024-10-01,13,3.4,0.2
2024-11-01,13,3.4,0.5
2024-12-01,13,3.2,0.0
2025-01-01,13,3.3,0.2
2025-02-01,13,3.7,0.7
2025-03-01,13,3.6,0.3
2025-04-01,13,4.1,1.3
2025-05-01,13,3.7,0.0
2025-06-01,13,4.2,0.4
2025-07-01,13,3.9,0.0
2025-08-01,13,4.0,0.2
2025-09-01,13,4.8,0.8
2025-10-01,13,6.0,1.4
2025-11-01,13,5.6,0.1
2025-12-01,13,5.7,0.1
2026-01-01,13,6.6,1.0
2026-02-01,13,6.9,1.0
2026-03-01,13,7.0,0.4
2026-04-01,13,4.8,-0.7
